slug,name,team,pos,overall,height,height_in,weight_lbs,wingspan,wingspan_in,Outside Scoring,Inside Scoring,Playmaking,Athleticism,Defense,Rebounding,Intangibles,Close Shot,Free Throw,Mid-Range Shot,Offensive Consistency,Shot IQ,Three-Point Shot,Draw Foul,Driving Dunk,Hands,Layup,Post Control,Post Fade,Post Hook,Standing Dunk,Ball Handle,Pass Accuracy,Pass IQ,Pass Vision,Speed with Ball,Agility,Hustle,Overall Durability,Speed,Stamina,Strength,Vertical,Block,Defensive Consistency,Help Defense IQ,Interior Defense,Pass Perception,Perimeter Defense,Steal,Defensive Rebound,Offensive Rebound,badge: Deadeye,badge: Limitless Range,badge: Mini Marksman,badge: Set Shot Specialist,badge: Shifty Shooter,badge: Aerial Wizard,badge: Float Game,badge: Hook Specialist,badge: Layup Mixmaster,badge: Paint Prodigy,badge: Physical Finisher,badge: Post Fade Phenom,badge: Post Powerhouse,badge: Post-Up Poet,badge: Posterizer,badge: Rise Up,badge: Ankle Assassin,badge: Bail Out,badge: Break Starter,badge: Dimer,badge: Handles For Days,badge: Lightning Launch,badge: Strong Handle,badge: Unpluckable,badge: Versatile Visionary,badge: Challenger,badge: Glove,badge: High-Flying Denier,badge: Immovable Enforcer,badge: Interceptor,badge: Off-Ball Pest,badge: On-Ball Menace,badge: Paint Patroller,badge: Pick Dodger,badge: Post Lockdown,badge: Boxout Beast,badge: Rebound Chaser,badge: Brick Wall,badge: Pogo Stick,badge: Slippery Off-Ball,classic_team,base_team,season,era_tag
allen-iverson-2000-01-philadelphia-76ers,Allen Iverson,2000-01 Philadelphia 76ers,SG / PG,93,"6'0""",72,165,"6'3""",75,86.0,65.0,91.0,91.0,74.0,52.0,55.0,78,81,87,98,95,79,88,65,98,98,39,60,48,25,97,90,90,80,96,91,98,85,97,98,69,97,39,80,87,35,96,88,95,55,49,Silver,-,Gold,-,Gold,-,Gold,-,HOF,-,-,-,-,-,-,-,HOF,Gold,-,-,HOF,HOF,Silver,Silver,Bronze,-,HOF,-,-,Silver,-,-,-,Silver,-,-,-,-,-,Gold,2000-01 Philadelphia 76ers,Philadelphia 76ers,2000-01,'01
dikembe-mutombo-2000-01-philadelphia-76ers,Dikembe Mutombo,2000-01 Philadelphia 76ers,C,82,"7'2""",86,261,"7'7""",91,53.0,64.0,49.0,60.0,76.0,89.0,75.0,51,72,33,45,90,25,75,40,98,32,62,40,68,95,29,45,78,50,44,28,65,82,60,72,75,40,90,80,92,95,90,28,55,92,86,-,-,-,-,-,Silver,-,-,-,-,-,-,Gold,-,-,Gold,-,-,-,-,-,-,-,-,-,Gold,-,Gold,-,-,-,-,HOF,-,Gold,Gold,Silver,Gold,HOF,-,2000-01 Philadelphia 76ers,Philadelphia 76ers,2000-01,'01
aaron-mckie-2000-01-philadelphia-76ers,Aaron McKie,2000-01 Philadelphia 76ers,PG / SG,79,"6'5""",77,209,"6'8""",80,78.0,64.0,79.0,76.0,66.0,45.0,80.0,82,76,89,70,70,79,65,62,95,84,55,57,37,55,83,79,79,73,79,82,80,83,79,87,60,62,30,70,83,66,66,75,71,57,33,-,-,-,-,-,-,Silver,-,Silver,-,-,-,-,-,-,-,-,-,-,-,-,Bronze,-,-,-,-,-,-,-,-,-,-,-,-,-,-,-,-,-,-,2000-01 Philadelphia 76ers,Philadelphia 76ers,2000-01,'01
eric-snow-2000-01-philadelphia-76ers,Eric Snow,2000-01 Philadelphia 76ers,PG,79,"6'3""",75,190,"6'6""",78,70.0,58.0,80.0,73.0,72.0,42.0,60.0,81,80,75,45,70,67,53,25,93,85,60,70,55,25,78,82,80,79,80,89,60,83,80,85,54,57,40,90,85,52,88,89,61,48,35,-,-,-,-,-,-,-,-,-,-,-,-,-,-,-,-,-,-,-,-,-,-,-,-,-,Gold,Gold,-,Gold,-,Gold,Gold,-,Gold,-,-,-,-,-,-,2000-01 Philadelphia 76ers,Philadelphia 76ers,2000-01,'01
tyrone-hill-2000-01-philadelphia-76ers,Tyrone Hill,2000-01 Philadelphia 76ers,PF,76,"6'9""",81,250,"7'0""",84,62.0,64.0,42.0,66.0,64.0,78.0,98.0,64,63,57,65,98,25,70,58,66,51,66,50,68,85,48,80,31,28,25,42,85,77,45,82,80,49,45,65,75,84,80,42,56,78,78,-,-,-,-,-,Bronze,-,-,-,-,-,-,-,-,-,-,-,-,-,-,-,-,-,-,-,-,-,-,-,-,-,-,-,-,-,Gold,-,Bronze,-,-,2000-01 Philadelphia 76ers,Philadelphia 76ers,2000-01,'01
george-lynch-2000-01-philadelphia-76ers,George Lynch,2000-01 Philadelphia 76ers,SF / PF,75,"6'8""",80,235,"6'11""",83,66.0,62.0,51.0,77.0,64.0,76.0,90.0,69,71,64,45,85,60,66,66,75,61,56,62,47,60,64,44,47,36,66,76,85,81,69,79,73,75,45,65,69,68,64,70,65,76,75,-,-,-,-,-,-,-,-,-,-,-,-,-,-,-,-,-,-,-,-,-,-,-,-,-,-,-,-,-,-,-,-,-,-,-,-,-,-,-,-,2000-01 Philadelphia 76ers,Philadelphia 76ers,2000-01,'01
speedy-claxton-2000-01-philadelphia-76ers,Speedy Claxton,2000-01 Philadelphia 76ers,PG,74,"5'11""",71,166,"6'3""",75,68.0,43.0,81.0,74.0,60.0,49.0,80.0,67,76,71,75,80,41,56,25,85,75,25,25,27,25,80,80,80,73,90,79,63,81,90,85,35,84,50,65,65,25,67,69,76,45,53,-,-,Gold,-,-,-,-,-,-,-,-,-,-,-,-,-,-,-,-,-,-,Bronze,-,-,-,-,-,-,-,-,-,-,-,-,-,-,-,-,-,-,2000-01 Philadelphia 76ers,Philadelphia 76ers,2000-01,'01
kevin-ollie-2000-01-philadelphia-76ers,Kevin Ollie,2000-01 Philadelphia 76ers,PG,73,"6'2""",74,195,"6'6""",78,71.0,45.0,78.0,74.0,58.0,41.0,60.0,62,76,77,70,65,76,49,25,80,68,31,39,42,25,78,81,82,71,76,76,85,80,77,88,49,65,30,65,70,36,72,74,59,49,32,-,-,-,-,-,-,-,-,-,-,-,-,-,-,-,-,-,Silver,Silver,-,-,-,Bronze,Bronze,Silver,-,-,-,-,-,-,-,-,Bronze,-,-,-,-,-,-,2000-01 Philadelphia 76ers,Philadelphia 76ers,2000-01,'01
jumaine-jones-2000-01-philadelphia-76ers,Jumaine Jones,2000-01 Philadelphia 76ers,SF,71,"6'8""",80,218,"6'11""",83,62.0,59.0,44.0,71.0,59.0,66.0,98.0,69,75,63,45,62,60,53,66,70,62,62,61,44,55,64,33,33,32,59,69,77,85,72,75,55,65,52,55,61,60,60,62,63,66,66,-,-,-,-,-,-,-,-,-,-,-,-,-,-,-,-,-,-,-,-,-,-,-,-,-,-,-,-,-,-,-,-,-,-,-,-,-,-,-,-,2000-01 Philadelphia 76ers,Philadelphia 76ers,2000-01,'01
rodney-buford-2000-01-philadelphia-76ers,Rodney Buford,2000-01 Philadelphia 76ers,SF,71,"6'5""",77,189,"6'8""",80,67.0,49.0,56.0,77.0,55.0,53.0,95.0,70,83,60,50,66,75,42,60,68,61,44,49,39,25,70,50,47,51,62,71,89,85,64,95,64,68,40,70,70,43,55,64,42,54,51,-,-,-,-,-,-,-,-,-,-,-,-,-,-,-,-,-,-,-,-,-,-,-,-,-,-,-,-,-,-,-,-,-,-,-,-,-,-,-,-,2000-01 Philadelphia 76ers,Philadelphia 76ers,2000-01,'01
pepe-sanchez-2000-01-philadelphia-76ers,Pepe Sanchez,2000-01 Philadelphia 76ers,PG,71,"6'4""",76,195,"6'4""",76,68.0,49.0,78.0,73.0,50.0,41.0,70.0,70,75,66,65,80,52,55,50,85,71,35,35,35,25,79,79,79,76,78,72,75,80,78,88,52,65,25,50,57,37,50,60,70,41,40,-,-,-,-,-,-,-,-,-,-,-,-,-,-,-,-,-,-,-,-,-,-,-,-,-,-,-,-,-,-,-,-,-,-,-,-,-,-,-,-,2000-01 Philadelphia 76ers,Philadelphia 76ers,2000-01,'01
matt-geiger-2000-01-philadelphia-76ers,Matt Geiger,2000-01 Philadelphia 76ers,C,69,"7'1""",85,248,"7'6""",90,63.0,60.0,32.0,51.0,56.0,72.0,98.0,66,68,66,55,70,50,67,42,65,41,63,67,67,69,43,32,32,29,25,32,49,81,26,66,64,38,51,55,58,68,68,32,59,70,73,-,-,-,-,-,-,-,-,-,-,-,-,-,-,-,-,-,-,-,-,-,-,-,-,-,-,-,-,-,-,-,-,-,-,-,-,-,-,-,-,2000-01 Philadelphia 76ers,Philadelphia 76ers,2000-01,'01
roshown-mcleod-2000-01-philadelphia-76ers,Roshown McLeod,2000-01 Philadelphia 76ers,SF,69,"6'8""",80,221,"6'11""",83,64.0,50.0,53.0,80.0,53.0,56.0,70.0,61,88,59,40,82,54,39,60,74,51,48,53,42,35,68,49,50,35,64,68,98,77,69,98,74,74,39,50,70,44,60,68,41,57,55,-,-,-,-,-,-,-,-,-,-,-,-,-,-,-,-,-,-,-,-,-,-,-,-,-,-,-,-,-,-,-,-,-,-,-,-,-,-,-,-,2000-01 Philadelphia 76ers,Philadelphia 76ers,2000-01,'01
todd-macculloch-2000-01-philadelphia-76ers,Todd MacCulloch,2000-01 Philadelphia 76ers,C,68,"7'0""",84,280,"7'4""",88,56.0,59.0,29.0,51.0,51.0,79.0,90.0,59,63,63,45,79,25,69,40,65,28,62,65,75,69,32,32,30,28,25,25,55,77,30,62,75,30,62,50,57,63,44,25,55,71,86,-,-,-,-,-,-,-,-,-,-,-,-,-,-,-,-,-,-,-,-,-,-,-,-,-,-,-,-,-,-,-,-,-,-,-,Bronze,-,-,-,-,2000-01 Philadelphia 76ers,Philadelphia 76ers,2000-01,'01
raja-bell-2000-01-philadelphia-76ers,Raja Bell,2000-01 Philadelphia 76ers,SG,68,"6'6""",78,210,"6'9""",81,64.0,50.0,49.0,78.0,64.0,30.0,64.0,62,75,74,47,46,82,30,66,70,76,45,45,25,45,64,40,40,25,76,88,95,82,76,86,42,75,25,70,75,55,75,84,63,34,25,-,-,-,-,-,-,-,-,-,-,-,-,-,-,-,-,-,-,-,-,-,-,-,-,-,Bronze,-,-,Bronze,-,Bronze,Bronze,-,Bronze,-,-,-,-,-,-,2000-01 Philadelphia 76ers,Philadelphia 76ers,2000-01,'01
julius-erving-1976-77-philadelphia-76ers,Julius Erving,1976-77 Philadelphia 76ers,SF / SG,94,"6'7""",79,200,"6'11""",83,85.0,88.0,81.0,93.0,77.0,78.0,90.0,95,84,79,98,84,69,92,98,95,98,79,79,79,85,85,79,84,74,83,84,98,95,90,98,85,98,60,80,84,74,84,85,75,79,77,-,-,-,-,-,HOF,HOF,-,HOF,-,Silver,-,-,-,HOF,-,-,-,Gold,-,-,-,-,-,-,-,Bronze,Gold,-,-,-,-,-,Gold,-,-,-,-,-,-,1976-77 Philadelphia 76ers,Philadelphia 76ers,1976-77,'77
george-mcginnis-1976-77-philadelphia-76ers,George McGinnis,1976-77 Philadelphia 76ers,PF / C,86,"6'8""",80,235,"6'11""",83,75.0,83.0,56.0,80.0,67.0,78.0,98.0,82,71,70,65,98,65,84,75,98,85,85,78,81,75,61,58,58,65,38,66,90,90,61,98,98,60,37,65,80,85,65,66,73,77,78,-,-,-,Gold,-,Gold,-,-,-,-,-,Bronze,Gold,Bronze,-,-,-,-,-,Bronze,-,-,-,-,-,-,-,-,-,-,-,-,Silver,-,Bronze,Gold,-,Gold,-,-,1976-77 Philadelphia 76ers,Philadelphia 76ers,1976-77,'77
doug-collins-1976-77-philadelphia-76ers,Doug Collins,1976-77 Philadelphia 76ers,SG / SF,85,"6'6""",78,180,"6'9""",81,88.0,57.0,79.0,78.0,70.0,39.0,90.0,88,81,92,95,87,84,82,25,85,86,33,36,66,42,86,84,90,64,72,86,88,77,77,92,60,65,37,85,85,42,84,84,75,37,41,-,-,-,Silver,-,-,-,-,Silver,-,-,-,-,-,-,-,-,-,-,-,-,-,-,-,Bronze,-,-,-,-,-,-,-,-,-,-,-,-,-,-,Gold,1976-77 Philadelphia 76ers,Philadelphia 76ers,1976-77,'77
henry-bibby-1976-77-philadelphia-76ers,Henry Bibby,1976-77 Philadelphia 76ers,PG / SG,80,"6'1""",73,185,"6'4""",76,81.0,51.0,76.0,73.0,58.0,40.0,85.0,79,78,87,80,81,80,68,25,90,85,25,55,36,25,78,75,79,71,77,86,85,79,76,91,40,55,27,80,74,30,59,77,62,43,37,Bronze,Bronze,-,Gold,-,-,-,-,Bronze,-,-,-,-,-,-,-,-,-,Silver,-,-,-,Gold,Gold,Gold,-,-,-,-,-,-,-,-,-,-,-,-,-,-,Gold,1976-77 Philadelphia 76ers,Philadelphia 76ers,1976-77,'77
world-b-free-1976-77-philadelphia-76ers,World B. Free,1976-77 Philadelphia 76ers,PG / SG,80,"6'2""",74,185,"6'5""",77,82.0,64.0,73.0,81.0,61.0,44.0,80.0,87,73,79,90,84,78,83,88,90,95,30,70,28,25,81,69,65,70,82,77,85,82,82,85,60,95,50,80,65,35,70,63,61,39,48,-,-,-,-,-,-,Gold,-,Gold,-,-,-,-,-,-,-,-,-,-,-,-,-,-,-,-,-,-,-,-,-,-,-,-,-,-,-,-,-,-,Gold,1976-77 Philadelphia 76ers,Philadelphia 76ers,1976-77,'77
steve-mix-1976-77-philadelphia-76ers,Steve Mix,1976-77 Philadelphia 76ers,PF / SF,78,"6'7""",79,215,"6'10""",82,80.0,75.0,46.0,66.0,58.0,82.0,80.0,84,82,85,80,75,73,82,65,80,85,76,76,75,60,46,43,48,48,44,42,90,85,52,80,62,52,27,65,72,75,58,42,67,82,82,-,-,-,-,-,-,-,-,-,-,-,-,-,-,-,-,-,-,-,-,-,-,-,-,-,-,-,-,-,-,-,-,-,-,-,-,-,-,-,-,1976-77 Philadelphia 76ers,Philadelphia 76ers,1976-77,'77
caldwell-jones-1976-77-philadelphia-76ers,Caldwell Jones,1976-77 Philadelphia 76ers,C,77,"6'11""",83,217,"7'3""",87,66.0,70.0,35.0,69.0,71.0,79.0,90.0,73,83,69,75,46,50,48,75,82,68,68,68,68,80,33,32,40,34,38,40,85,75,55,78,80,70,84,80,81,80,80,57,35,80,78,-,-,-,-,-,-,-,-,-,-,-,-,-,-,-,-,-,-,-,-,-,-,-,-,-,-,-,Silver,-,-,-,-,Bronze,-,Silver,-,-,-,-,-,1976-77 Philadelphia 76ers,Philadelphia 76ers,1976-77,'77
darryl-dawkins-1976-77-philadelphia-76ers,Darryl Dawkins,1976-77 Philadelphia 76ers,C,74,"6'11""",83,251,"7'3""",87,54.0,75.0,38.0,72.0,56.0,73.0,70.0,67,70,55,55,50,25,70,85,80,64,64,65,70,98,45,34,30,33,47,45,70,75,72,75,80,90,76,45,52,68,48,44,57,86,60,-,-,-,-,-,Gold,-,-,-,-,-,-,-,-,-,Gold,-,-,-,-,-,-,-,-,-,-,-,-,-,-,-,-,-,-,-,Bronze,-,Gold,-,-,1976-77 Philadelphia 76ers,Philadelphia 76ers,1976-77,'77
mike-dunleavy-1976-77-philadelphia-76ers,Mike Dunleavy,1976-77 Philadelphia 76ers,PG / SG,72,"6'3""",75,180,"6'9""",81,73.0,43.0,75.0,71.0,55.0,37.0,72.0,73,72,83,70,65,75,71,25,82,60,25,29,25,25,75,75,75,77,75,79,82,74,75,86,40,58,35,65,60,25,56,66,79,45,29,-,-,-,-,-,-,-,-,-,-,-,-,-,-,-,-,-,-,-,-,-,-,-,-,-,-,-,-,-,Bronze,-,-,-,-,-,-,-,-,-,-,1976-77 Philadelphia 76ers,Philadelphia 76ers,1976-77,'77
joe-bryant-1976-77-philadelphia-76ers,Joe Bryant,1976-77 Philadelphia 76ers,SF / PF,71,"6'9""",81,185,"7'0""",84,66.0,67.0,55.0,68.0,55.0,64.0,72.0,74,77,64,60,60,58,69,77,75,80,56,59,53,69,66,58,56,53,40,66,70,82,61,81,48,66,50,55,54,50,50,58,65,61,67,-,-,-,-,-,-,-,-,-,-,-,-,-,-,-,-,-,-,-,-,-,-,-,-,-,-,-,-,-,-,-,-,-,-,-,-,-,-,-,-,1976-77 Philadelphia 76ers,Philadelphia 76ers,1976-77,'77
harvey-catchings-1976-77-philadelphia-76ers,Harvey Catchings,1976-77 Philadelphia 76ers,C / PF,71,"6'9""",81,218,"7'1""",85,47.0,56.0,30.0,69.0,64.0,82.0,85.0,51,61,38,60,45,25,52,58,60,45,57,40,58,80,33,32,31,30,25,45,90,80,55,80,55,81,82,65,70,75,52,45,59,73,91,-,-,-,-,-,Silver,-,-,-,-,-,-,-,-,-,-,-,-,-,-,-,-,-,-,-,Silver,-,-,-,-,-,-,-,-,-,Bronze,Silver,-,-,-,1976-77 Philadelphia 76ers,Philadelphia 76ers,1976-77,'77
kareem-abdul-jabbar-1970-71-milwaukee-bucks,Kareem Abdul-Jabbar,1970-71 Milwaukee Bucks,C / PF,97,"7'2""",86,225,"7'5""",89,78.0,90.0,53.0,77.0,80.0,96.0,80.0,97,69,88,99,83,30,84,65,98,84,98,94,99,95,48,58,70,46,42,37,95,82,78,95,83,68,88,95,95,96,92,37,56,96,95,-,-,-,Gold,-,Gold,Gold,HOF,-,HOF,Gold,HOF,HOF,HOF,-,Gold,-,-,Silver,-,-,-,-,-,-,Gold,-,-,-,-,-,-,HOF,-,HOF,HOF,Gold,Gold,Gold,-,1970-71 Milwaukee Bucks,Milwaukee Bucks,1970-71,'71
oscar-robertson-1970-71-milwaukee-bucks,Oscar Robertson,1970-71 Milwaukee Bucks,PG / SG,92,"6'5""",77,210,"6'8""",80,87.0,72.0,92.0,83.0,72.0,63.0,90.0,89,85,87,98,85,80,73,50,90,98,85,82,70,25,89,98,98,97,79,85,83,88,74,90,75,86,45,90,84,55,75,86,72,63,63,Gold,Bronze,-,-,Bronze,-,Gold,-,HOF,-,Silver,-,-,-,-,-,Gold,Gold,Gold,Gold,Bronze,-,Gold,Gold,Gold,-,Bronze,-,-,Gold,-,-,-,Gold,-,-,Gold,-,-,-,1970-71 Milwaukee Bucks,Milwaukee Bucks,1970-71,'71
bob-dandridge-1970-71-milwaukee-bucks,Bob Dandridge,1970-71 Milwaukee Bucks,SF / SG,85,"6'6""",78,195,"6'9""",81,80.0,65.0,72.0,83.0,76.0,71.0,80.0,86,70,86,85,75,77,72,60,83,83,55,80,40,46,73,70,75,64,78,87,95,85,81,88,60,85,55,85,88,60,84,87,70,70,72,-,-,-,Gold,Silver,Silver,-,-,Bronze,-,-,-,-,-,-,-,-,-,-,-,-,-,-,-,-,Silver,-,-,Silver,-,-,Silver,-,Silver,-,-,-,-,-,-,1970-71 Milwaukee Bucks,Milwaukee Bucks,1970-71,'71
lucius-allen-1970-71-milwaukee-bucks,Lucius Allen,1970-71 Milwaukee Bucks,PG / SG,77,"6'2""",74,175,"6'5""",77,76.0,49.0,86.0,73.0,57.0,48.0,85.0,84,70,82,80,62,75,67,50,70,85,25,44,25,25,86,87,88,84,85,76,75,82,85,85,50,60,32,80,60,33,48,62,85,44,52,-,-,-,-,-,-,-,-,-,-,-,-,-,-,-,-,-,-,-,-,-,-,-,-,-,-,Silver,-,-,Silver,-,-,-,Silver,-,-,-,-,-,-,1970-71 Milwaukee Bucks,Milwaukee Bucks,1970-71,'71
jon-mcglocklin-1970-71-milwaukee-bucks,Jon McGlocklin,1970-71 Milwaukee Bucks,SG / PF,74,"6'5""",77,205,"6'8""",80,84.0,44.0,64.0,66.0,53.0,37.0,80.0,82,86,89,80,80,87,53,47,72,57,25,51,25,25,67,65,64,63,62,68,85,85,60,83,53,30,25,75,63,34,58,65,50,35,39,-,Silver,-,-,-,-,-,-,-,-,-,-,-,-,-,-,-,-,-,-,-,-,-,-,-,-,-,-,-,-,-,-,-,-,-,-,-,-,-,-,1970-71 Milwaukee Bucks,Milwaukee Bucks,1970-71,'71
greg-smith-1970-71-milwaukee-bucks,Greg Smith,1970-71 Milwaukee Bucks,PF / SF,74,"6'5""",77,195,"6'9""",81,58.0,64.0,63.0,73.0,64.0,75.0,98.0,65,66,50,65,65,35,66,75,66,65,60,60,60,60,54,68,64,64,67,49,98,80,69,82,63,71,44,70,70,82,68,49,68,70,79,-,-,-,-,-,-,-,-,-,-,-,-,-,Bronze,-,-,-,-,-,-,-,-,-,-,-,-,-,-,-,-,-,-,-,-,-,-,-,-,-,-,1970-71 Milwaukee Bucks,Milwaukee Bucks,1970-71,'71
dick-cunningham-1970-71-milwaukee-bucks,Dick Cunningham,1970-71 Milwaukee Bucks,C / PF,71,"6'10""",82,245,"7'2""",86,53.0,57.0,41.0,64.0,59.0,79.0,98.0,48,66,35,65,80,25,66,40,63,25,65,64,65,66,26,40,49,42,49,25,90,77,62,65,74,58,70,65,60,73,65,25,55,79,78,-,-,-,-,-,-,-,-,-,-,-,-,-,-,-,-,-,-,-,-,-,-,-,-,-,-,-,-,-,-,-,-,-,-,-,-,-,-,-,-,1970-71 Milwaukee Bucks,Milwaukee Bucks,1970-71,'71
sidney-moncrief-1984-85-milwaukee-bucks,Sidney Moncrief,1984-85 Milwaukee Bucks,SG / PG,90,"6'3""",75,180,"6'6""",78,82.0,71.0,78.0,85.0,81.0,70.0,80.0,84,82,81,90,84,69,89,85,98,83,59,69,59,25,78,79,79,77,77,97,97,82,74,98,65,81,55,95,98,63,95,97,67,69,70,-,-,-,-,-,-,-,-,Gold,-,-,-,-,-,-,-,-,-,-,-,-,-,-,-,Silver,HOF,Gold,Silver,Gold,-,HOF,HOF,-,HOF,-,-,-,-,Gold,-,1984-85 Milwaukee Bucks,Milwaukee Bucks,1984-85,'85
terry-cummings-1984-85-milwaukee-bucks,Terry Cummings,1984-85 Milwaukee Bucks,PF / C,88,"6'9""",81,220,"7'0""",84,78.0,85.0,61.0,79.0,74.0,82.0,95.0,88,74,75,95,84,52,82,80,85,81,90,91,91,82,68,55,72,52,56,61,76,87,67,86,87,87,72,85,77,80,75,61,67,85,79,-,-,-,Gold,-,Silver,Silver,-,-,Silver,-,Gold,Silver,Silver,-,Bronze,-,-,Bronze,-,-,-,-,-,-,-,Bronze,-,-,-,-,-,-,-,-,-,-,-,-,-,1984-85 Milwaukee Bucks,Milwaukee Bucks,1984-85,'85
paul-pressey-1984-85-milwaukee-bucks,Paul Pressey,1984-85 Milwaukee Bucks,SG / SF,85,"6'5""",77,185,"6'8""",80,77.0,74.0,75.0,86.0,76.0,59.0,70.0,77,75,74,90,79,67,84,90,98,85,60,66,49,62,78,79,79,72,67,91,98,90,62,98,69,92,59,95,81,57,80,92,69,59,59,-,-,-,-,-,Silver,Gold,-,Gold,-,-,-,-,-,-,-,-,-,-,Bronze,Silver,Gold,Gold,Gold,Bronze,Gold,Gold,Silver,Gold,-,Gold,Gold,-,Gold,-,-,-,-,-,-,1984-85 Milwaukee Bucks,Milwaukee Bucks,1984-85,'85
alton-lister-1984-85-milwaukee-bucks,Alton Lister,1984-85 Milwaukee Bucks,C / PF,79,"7'0""",84,240,"7'4""",88,60.0,69.0,36.0,59.0,69.0,85.0,90.0,79,58,35,65,98,26,79,75,58,74,69,38,69,90,34,45,40,35,25,30,68,90,26,75,70,52,83,85,80,84,65,30,58,86,84,-,-,-,-,-,Gold,-,-,-,-,-,-,-,-,-,Gold,-,-,-,-,-,-,-,-,-,-,-,-,-,-,-,-,-,-,Bronze,Gold,-,Gold,-,-,1984-85 Milwaukee Bucks,Milwaukee Bucks,1984-85,'85
ricky-pierce-1984-85-milwaukee-bucks,Ricky Pierce,1984-85 Milwaukee Bucks,SF / SG,76,"6'4""",76,205,"6'7""",79,75.0,57.0,64.0,73.0,55.0,51.0,90.0,84,82,84,65,64,72,73,58,80,79,59,59,25,25,72,66,60,60,63,68,80,65,67,84,75,75,32,60,58,55,55,60,64,46,56,-,-,-,-,-,-,-,-,-,-,-,-,-,-,-,-,-,-,-,-,-,-,-,-,-,-,-,-,-,-,-,-,-,-,-,-,-,-,-,-,1984-85 Milwaukee Bucks,Milwaukee Bucks,1984-85,'85
mike-dunleavy-1984-85-milwaukee-bucks,Mike Dunleavy,1984-85 Milwaukee Bucks,PG / SG,74,"6'3""",75,180,"6'9""",81,81.0,41.0,77.0,70.0,58.0,37.0,60.0,78,86,84,80,80,78,57,25,82,58,25,29,25,25,77,84,82,73,71,84,82,75,67,86,44,54,35,75,75,25,59,75,63,41,32,-,-,-,-,-,-,-,-,-,-,-,-,-,-,-,-,-,-,-,-,-,-,-,-,-,-,-,-,-,-,-,-,-,-,-,-,-,-,-,-,1984-85 Milwaukee Bucks,Milwaukee Bucks,1984-85,'85
randy-breuer-1984-85-milwaukee-bucks,Randy Breuer,1984-85 Milwaukee Bucks,C / PF,73,"7'3""",87,230,"7'8""",92,64.0,60.0,34.0,48.0,63.0,81.0,98.0,74,70,60,55,88,34,80,40,64,25,69,55,69,80,26,44,46,29,25,25,60,77,30,66,50,30,82,70,75,75,54,25,57,83,78,-,-,-,-,-,Gold,-,-,-,-,-,-,-,-,-,-,-,-,-,-,-,-,-,-,-,-,-,-,-,-,-,-,-,-,-,-,-,-,-,-,1984-85 Milwaukee Bucks,Milwaukee Bucks,1984-85,'85
charles-davis-1984-85-milwaukee-bucks,Charles Davis,1984-85 Milwaukee Bucks,SF / PF,73,"6'7""",79,215,"6'10""",82,75.0,57.0,46.0,66.0,57.0,63.0,85.0,74,82,79,65,85,62,61,65,62,66,55,55,40,50,50,45,58,38,40,67,64,75,48,70,73,62,35,60,60,60,62,59,61,59,66,-,-,-,-,-,-,-,-,-,-,-,-,-,-,-,-,-,-,-,-,-,-,-,-,-,-,-,-,-,-,-,-,-,-,-,-,-,-,-,-,1984-85 Milwaukee Bucks,Milwaukee Bucks,1984-85,'85
kevin-grevey-1984-85-milwaukee-bucks,Kevin Grevey,1984-85 Milwaukee Bucks,SF,73,"6'5""",77,210,"6'8""",80,77.0,60.0,59.0,77.0,54.0,47.0,45.0,70,85,84,70,75,77,52,65,85,74,54,55,52,45,74,58,57,40,65,68,84,92,68,85,66,77,35,50,53,49,60,68,65,46,48,-,-,-,-,-,-,-,-,-,-,-,-,-,-,-,-,-,-,-,-,-,-,-,-,-,-,-,-,-,Silver,Gold,-,-,-,-,-,-,-,-,-,1984-85 Milwaukee Bucks,Milwaukee Bucks,1984-85,'85
craig-hodges-1984-85-milwaukee-bucks,Craig Hodges,1984-85 Milwaukee Bucks,PG / SG,73,"6'2""",74,190,"6'5""",77,77.0,40.0,74.0,69.0,49.0,39.0,75.0,71,81,77,70,78,84,50,25,75,68,25,29,25,25,79,75,72,67,76,78,77,79,73,85,30,60,25,50,61,31,45,64,64,37,41,-,Bronze,-,Silver,-,-,-,-,-,-,-,-,-,-,-,-,-,-,-,-,-,-,-,-,-,-,-,-,-,-,-,-,-,-,-,-,-,-,-,Silver,1984-85 Milwaukee Bucks,Milwaukee Bucks,1984-85,'85
kenny-fields-1984-85-milwaukee-bucks,Kenny Fields,1984-85 Milwaukee Bucks,SF,70,"6'5""",77,220,"6'10""",82,62.0,47.0,58.0,74.0,52.0,61.0,98.0,65,75,67,40,77,45,50,40,70,64,44,51,35,25,60,55,46,60,69,72,81,81,71,92,42,79,47,55,49,49,56,71,40,62,59,-,-,-,-,-,-,-,-,-,-,-,-,-,-,-,-,-,-,-,-,-,-,-,-,-,-,-,-,-,-,-,-,-,-,-,-,-,-,-,-,1984-85 Milwaukee Bucks,Milwaukee Bucks,1984-85,'85
paul-mokeski-1984-85-milwaukee-bucks,Paul Mokeski,1984-85 Milwaukee Bucks,C / PF,65,"7'0""",84,250,"7'4""",88,59.0,46.0,39.0,50.0,56.0,71.0,85.0,60,69,58,60,65,43,60,40,50,27,59,55,40,35,31,50,55,35,25,25,65,78,25,60,72,28,52,60,70,72,58,25,56,79,62,-,-,-,-,-,-,-,-,-,-,-,-,-,-,-,-,-,-,-,-,-,-,-,-,-,-,-,-,-,-,-,-,-,-,-,-,-,-,-,-,1984-85 Milwaukee Bucks,Milwaukee Bucks,1984-85,'85
michael-jordan-1985-86-chicago-bulls,Michael Jordan,1985-86 Chicago Bulls,SG / SF,90,"6'6""",78,195,"6'11""",83,80.0,82.0,79.0,87.0,82.0,52.0,50.0,91,84,75,97,75,60,93,98,98,97,68,90,40,75,88,78,74,70,86,89,86,88,92,99,54,98,67,90,90,61,88,89,92,51,52,-,Silver,-,Gold,Gold,Gold,Gold,-,Gold,-,Silver,Silver,-,-,HOF,-,Silver,Gold,Bronze,-,-,Silver,Gold,Gold,Bronze,Silver,Silver,Bronze,Silver,Silver,Gold,Silver,-,Gold,-,-,-,-,Silver,-,1985-86 Chicago Bulls,Chicago Bulls,1985-86,'86
george-gervin-1985-86-chicago-bulls,George Gervin,1985-86 Chicago Bulls,SF / SG,82,"6'7""",79,185,"6'10""",82,80.0,76.0,65.0,76.0,63.0,45.0,85.0,83,87,79,80,85,65,75,86,88,97,81,66,51,60,75,64,68,49,70,76,80,79,74,90,45,90,40,70,78,50,70,76,58,44,45,-,-,-,-,-,-,Silver,-,Gold,-,Bronze,-,-,-,-,-,-,-,-,-,-,-,-,-,-,-,-,-,-,-,-,-,-,-,-,-,-,-,-,-,1985-86 Chicago Bulls,Chicago Bulls,1985-86,'86
charles-oakley-1985-86-chicago-bulls,Charles Oakley,1985-86 Chicago Bulls,PF / C,81,"6'9""",81,225,"7'0""",84,63.0,63.0,52.0,73.0,72.0,94.0,80.0,64,66,55,67,80,48,80,65,98,48,55,45,45,69,29,55,60,41,74,36,86,89,79,75,87,58,50,95,89,89,80,36,63,95,92,-,-,-,Silver,-,Gold,-,-,-,-,-,-,-,-,-,-,-,-,-,-,-,-,-,-,-,Gold,-,-,-,-,-,-,Gold,-,Gold,Gold,Gold,Gold,-,-,1985-86 Chicago Bulls,Chicago Bulls,1985-86,'86
sidney-green-1985-86-chicago-bulls,Sidney Green,1985-86 Chicago Bulls,PF / C,79,"6'9""",81,220,"7'0""",84,70.0,72.0,42.0,71.0,63.0,84.0,98.0,75,78,72,80,85,31,74,67,75,49,76,74,76,85,32,49,45,36,49,43,66,79,66,88,79,75,47,70,75,79,68,43,61,83,84,-,-,-,-,-,-,-,-,-,-,-,-,-,-,-,-,-,-,-,-,-,-,-,-,-,-,-,-,-,-,-,-,-,-,-,Bronze,-,-,-,-,1985-86 Chicago Bulls,Chicago Bulls,1985-86,'86
gene-banks-1985-86-chicago-bulls,Gene Banks,1985-86 Chicago Bulls,SF,75,"6'7""",79,215,"6'11""",83,68.0,72.0,66.0,78.0,61.0,70.0,60.0,73,74,70,80,60,48,67,80,62,77,73,73,73,70,67,75,77,45,64,70,91,77,68,95,70,75,37,65,69,69,68,68,53,74,66,-,-,-,-,-,-,Bronze,-,-,-,Bronze,Bronze,-,Bronze,-,-,-,-,-,-,-,-,-,-,-,-,-,-,-,-,-,-,-,-,-,-,-,-,-,-,1985-86 Chicago Bulls,Chicago Bulls,1985-86,'86
kyle-macy-1985-86-chicago-bulls,Kyle Macy,1985-86 Chicago Bulls,PG / SG,72,"6'3""",75,175,"6'6""",78,75.0,38.0,75.0,69.0,55.0,38.0,60.0,72,81,74,65,75,85,41,25,73,60,25,29,25,25,77,79,77,72,72,81,70,80,73,85,36,57,32,60,74,25,60,70,62,41,34,-,-,Silver,Silver,-,-,-,-,-,-,-,-,-,-,-,-,-,-,-,-,-,-,-,-,-,-,-,-,-,-,-,-,-,-,-,-,-,-,-,-,1985-86 Chicago Bulls,Chicago Bulls,1985-86,'86
mike-holton-1985-86-chicago-bulls,Mike Holton,1985-86 Chicago Bulls,PG,71,"6'4""",76,185,"6'7""",79,61.0,42.0,71.0,75.0,66.0,38.0,60.0,61,63,62,55,84,39,54,25,74,66,25,40,27,25,71,63,77,69,73,70,89,82,75,96,40,72,30,85,84,45,82,84,55,39,36,-,-,-,-,-,-,-,-,-,-,-,-,-,-,-,-,-,-,-,-,-,-,-,-,-,-,-,-,-,-,-,-,-,-,-,-,-,-,-,-,1985-86 Chicago Bulls,Chicago Bulls,1985-86,'86
john-paxson-1985-86-chicago-bulls,John Paxson,1985-86 Chicago Bulls,PG / SG,70,"6'2""",74,185,"6'5""",77,73.0,41.0,76.0,75.0,52.0,35.0,60.0,66,80,80,66,70,75,53,25,82,60,25,29,25,25,78,79,75,71,75,75,91,87,67,90,55,60,27,65,62,35,54,60,63,39,31,-,-,-,-,-,-,-,-,-,-,-,-,-,-,-,-,-,-,-,-,-,-,-,-,-,-,-,-,-,-,-,-,-,-,-,-,-,-,-,-,1985-86 Chicago Bulls,Chicago Bulls,1985-86,'86
dave-corzine-1985-86-chicago-bulls,Dave Corzine,1985-86 Chicago Bulls,C / PF,69,"6'11""",83,250,"7'3""",87,65.0,59.0,42.0,50.0,57.0,72.0,68.0,67,74,65,65,69,51,68,42,74,42,59,63,63,64,28,55,58,45,25,25,50,78,25,70,70,30,57,65,70,70,59,25,56,78,66,-,-,-,-,-,-,-,-,-,-,-,-,-,-,-,-,-,-,-,-,-,-,-,-,-,-,-,-,-,-,-,-,-,-,-,Gold,-,Gold,-,-,1985-86 Chicago Bulls,Chicago Bulls,1985-86,'86
michael-jordan-1992-93-chicago-bulls,Michael Jordan,1992-93 Chicago Bulls,SG / SF,99,"6'6""",78,195,"6'11""",83,92.0,84.0,86.0,91.0,88.0,61.0,90.0,98,83,99,98,98,78,80,97,98,98,96,95,40,70,88,82,94,79,86,98,94,96,85,99,68,96,59,98,99,70,99,98,91,63,58,Gold,HOF,-,Gold,Gold,Gold,Gold,-,HOF,-,Silver,Silver,-,Silver,HOF,-,Silver,Bronze,Silver,Gold,-,Silver,Gold,Gold,Gold,HOF,HOF,Gold,Gold,Gold,HOF,HOF,-,Gold,-,-,-,-,Gold,-,1992-93 Chicago Bulls,Chicago Bulls,1992-93,'93
scottie-pippen-1992-93-chicago-bulls,Scottie Pippen,1992-93 Chicago Bulls,SF / SG,92,"6'8""",80,210,"7'0""",84,80.0,82.0,82.0,90.0,85.0,74.0,75.0,85,66,84,95,80,70,88,95,98,88,70,80,70,65,77,86,88,77,84,97,98,88,88,98,77,86,61,98,94,64,95,97,83,77,71,Silver,-,-,Silver,-,-,-,-,Gold,-,-,-,-,-,-,-,-,-,-,Bronze,-,-,-,-,Bronze,Gold,Gold,Gold,Gold,Gold,Gold,Gold,-,Gold,-,-,Bronze,-,Gold,-,1992-93 Chicago Bulls,Chicago Bulls,1992-93,'93
horace-grant-1992-93-chicago-bulls,Horace Grant,1992-93 Chicago Bulls,PF / C,82,"6'10""",82,215,"7'2""",86,67.0,73.0,45.0,71.0,73.0,78.0,98.0,73,61,78,75,70,45,68,64,87,55,75,75,75,84,36,49,52,40,49,42,82,83,66,85,81,60,62,95,88,92,70,42,63,67,89,-,-,-,Silver,-,Silver,-,-,-,-,-,-,-,-,-,Bronze,-,-,-,-,-,-,-,-,-,Gold,-,-,-,-,-,-,Gold,-,Gold,Bronze,Bronze,Gold,-,-,1992-93 Chicago Bulls,Chicago Bulls,1992-93,'93
bj-armstrong-1992-93-chicago-bulls,B.J. Armstrong,1992-93 Chicago Bulls,PG / SG,79,"6'2""",74,175,"6'5""",77,85.0,42.0,80.0,72.0,48.0,35.0,80.0,82,86,88,85,80,90,54,25,78,72,25,29,25,25,86,84,82,67,82,78,75,82,82,90,37,63,30,65,64,25,25,65,61,39,31,-,Silver,Gold,Gold,Bronze,-,-,-,-,-,-,-,-,-,-,-,-,-,-,-,-,-,-,-,Bronze,-,-,-,-,-,-,-,-,-,-,-,-,-,-,-,1992-93 Chicago Bulls,Chicago Bulls,1992-93,'93
rodney-mccray-1992-93-chicago-bulls,Rodney McCray,1992-93 Chicago Bulls,SF / PF,75,"6'7""",79,220,"6'10""",82,65.0,58.0,51.0,70.0,74.0,55.0,70.0,69,69,64,55,70,60,49,60,85,64,50,60,50,45,62,55,52,40,47,82,75,79,50,74,75,57,50,85,81,82,80,82,55,56,53,-,-,-,-,-,-,-,-,-,-,-,-,-,-,-,-,-,-,-,-,-,-,-,-,-,Bronze,-,-,Bronze,-,-,Bronze,-,-,-,-,-,-,-,-,1992-93 Chicago Bulls,Chicago Bulls,1992-93,'93
bill-cartwright-1992-93-chicago-bulls,Bill Cartwright,1992-93 Chicago Bulls,C / PF,74,"7'1""",85,245,"7'6""",90,64.0,60.0,39.0,54.0,62.0,62.0,95.0,74,73,52,75,83,25,62,40,80,34,74,74,65,50,32,44,46,36,35,25,55,76,47,66,79,30,37,82,83,79,74,25,56,62,62,-,-,-,-,-,-,-,-,-,-,-,-,Gold,-,-,-,-,-,-,-,-,-,-,-,-,Silver,-,-,-,-,-,-,Silver,-,-,Silver,Gold,Gold,-,-,1992-93 Chicago Bulls,Chicago Bulls,1992-93,'93
stacey-king-1992-93-chicago-bulls,Stacey King,1992-93 Chicago Bulls,C,73,"6'11""",83,230,"7'2""",86,64.0,66.0,39.0,73.0,65.0,78.0,50.0,84,70,74,40,60,58,50,60,58,65,75,68,72,80,35,40,64,31,25,49,75,84,64,85,80,74,75,60,78,75,60,49,58,73,82,-,-,-,-,-,-,-,-,-,-,-,-,-,-,-,-,-,-,-,-,-,-,-,-,-,-,-,-,-,-,-,-,Bronze,-,-,-,-,Bronze,-,-,1992-93 Chicago Bulls,Chicago Bulls,1992-93,'93
will-perdue-1992-93-chicago-bulls,Will Perdue,1992-93 Chicago Bulls,C / PF,73,"7'0""",84,240,"7'4""",88,61.0,62.0,37.0,53.0,61.0,79.0,98.0,76,60,38,65,98,26,69,40,57,55,74,60,71,70,25,47,47,40,25,25,65,80,25,68,78,32,76,65,68,75,63,25,58,81,77,-,-,-,-,-,-,-,-,-,-,-,-,-,-,-,Bronze,-,-,-,-,-,-,-,-,-,-,-,-,-,-,-,-,-,-,-,-,-,-,-,-,1992-93 Chicago Bulls,Chicago Bulls,1992-93,'93
trent-tucker-1992-93-chicago-bulls,Trent Tucker,1992-93 Chicago Bulls,SG,73,"6'5""",77,193,"6'9""",81,76.0,53.0,67.0,69.0,58.0,46.0,80.0,72,75,76,70,80,82,26,60,80,71,52,54,52,25,73,69,68,64,62,66,73,81,64,84,43,69,35,60,64,59,60,65,64,46,46,-,-,-,-,-,-,-,-,-,-,-,-,-,-,-,-,-,-,-,-,-,-,-,-,-,-,-,-,-,-,-,-,-,-,-,-,-,-,-,-,1992-93 Chicago Bulls,Chicago Bulls,1992-93,'93
scott-williams-1992-93-chicago-bulls,Scott Williams,1992-93 Chicago Bulls,PF / C,73,"6'10""",82,230,"7'2""",86,59.0,57.0,34.0,63.0,69.0,87.0,80.0,61,71,65,50,80,26,66,40,98,32,44,55,40,77,35,39,39,32,25,25,98,77,25,98,75,42,72,75,70,75,77,44,67,85,88,-,-,-,-,-,Bronze,-,-,-,-,-,-,-,-,-,-,-,-,-,-,-,-,-,-,-,-,-,-,-,-,-,-,-,-,-,Bronze,-,-,-,-,1992-93 Chicago Bulls,Chicago Bulls,1992-93,'93
john-paxson-1992-93-chicago-bulls,John Paxson,1992-93 Chicago Bulls,PG / SG,72,"6'2""",74,185,"6'5""",77,77.0,38.0,72.0,71.0,53.0,33.0,50.0,68,85,83,75,60,88,33,25,79,66,25,29,25,25,78,74,74,65,71,75,81,79,74,86,54,50,27,65,67,35,55,60,64,36,30,-,-,Gold,Gold,-,-,-,-,-,-,-,-,-,-,-,-,-,-,-,-,-,-,-,-,-,-,-,-,-,-,-,-,-,-,-,-,-,-,-,-,1992-93 Chicago Bulls,Chicago Bulls,1992-93,'93
darrell-walker-1992-93-chicago-bulls,Darrell Walker,1992-93 Chicago Bulls,PG,67,"6'4""",76,180,"6'5""",77,60.0,48.0,75.0,73.0,48.0,39.0,60.0,72,60,69,50,65,42,35,70,80,74,25,43,32,25,76,74,75,69,83,69,77,75,83,85,50,74,35,45,54,27,49,62,63,43,35,-,-,-,-,-,-,-,-,-,-,-,-,-,-,-,-,-,-,-,-,-,-,-,-,Bronze,-,Bronze,-,-,-,-,-,-,-,-,-,-,-,-,-,1992-93 Chicago Bulls,Chicago Bulls,1992-93,'93
ed-nealy-1992-93-chicago-bulls,Ed Nealy,1992-93 Chicago Bulls,PF / SF,66,"6'7""",79,238,"6'10""",82,69.0,46.0,34.0,56.0,61.0,60.0,64.0,63,75,55,70,78,70,37,40,85,42,48,40,40,39,38,35,39,31,25,27,95,78,25,65,70,30,35,75,78,75,70,27,64,73,47,-,-,-,-,-,-,-,-,-,-,-,-,-,-,-,-,-,-,-,-,-,-,-,-,-,-,-,-,-,-,-,-,-,-,-,-,-,-,-,-,1992-93 Chicago Bulls,Chicago Bulls,1992-93,'93
michael-jordan-1988-89-chicago-bulls,Michael Jordan,1988-89 Chicago Bulls,SG / SF,97,"6'6""",78,195,"6'11""",83,89.0,84.0,85.0,90.0,84.0,68.0,80.0,94,84,92,98,95,70,92,98,98,96,75,85,55,75,85,88,88,79,84,98,98,96,87,99,57,98,51,95,92,68,94,98,90,68,67,HOF,Silver,-,Gold,Gold,Gold,Gold,-,Gold,-,Silver,Silver,-,Silver,HOF,-,Silver,Bronze,Silver,Gold,-,-,Gold,Gold,Gold,Gold,Gold,Bronze,Gold,Gold,Gold,Gold,-,Gold,-,-,-,-,Gold,-,1988-89 Chicago Bulls,Chicago Bulls,1988-89,'89
scottie-pippen-1988-89-chicago-bulls,Scottie Pippen,1988-89 Chicago Bulls,SF / SG,82,"6'8""",80,220,"7'0""",84,70.0,72.0,72.0,82.0,75.0,60.0,60.0,75,66,70,75,70,66,71,95,70,84,55,75,55,70,77,70,69,60,84,90,86,85,89,85,55,82,55,85,79,55,83,86,83,62,58,-,-,-,-,-,Gold,-,-,Bronze,-,-,-,-,-,-,-,-,-,Silver,-,-,-,-,-,Bronze,Gold,Gold,Bronze,Bronze,Silver,-,Bronze,-,Silver,-,-,-,-,-,-,1988-89 Chicago Bulls,Chicago Bulls,1988-89,'89
horace-grant-1988-89-chicago-bulls,Horace Grant,1988-89 Chicago Bulls,PF / C,81,"6'10""",82,215,"7'2""",86,68.0,71.0,39.0,69.0,77.0,74.0,90.0,73,70,73,80,80,34,60,66,82,55,79,70,70,88,34,52,50,35,25,43,89,86,40,85,75,62,52,95,91,89,88,63,61,77,71,-,-,-,Silver,-,Silver,-,-,-,-,-,-,-,-,-,Bronze,-,-,-,-,-,-,-,-,-,Gold,-,-,-,-,-,-,Gold,-,Gold,-,-,Gold,-,-,1988-89 Chicago Bulls,Chicago Bulls,1988-89,'89
bill-cartwright-1988-89-chicago-bulls,Bill Cartwright,1988-89 Chicago Bulls,C / PF,75,"7'1""",85,245,"7'6""",90,65.0,64.0,35.0,58.0,62.0,66.0,90.0,74,76,52,80,85,25,72,40,85,32,74,74,65,70,26,40,40,30,40,25,60,79,54,78,75,35,51,80,83,75,75,25,45,69,63,-,-,-,-,-,-,-,-,-,-,-,-,-,-,-,-,-,-,-,-,-,-,-,-,-,Silver,-,-,-,-,-,-,Silver,-,-,Silver,Gold,Gold,-,-,1988-89 Chicago Bulls,Chicago Bulls,1988-89,'89
craig-hodges-1988-89-chicago-bulls,Craig Hodges,1988-89 Chicago Bulls,PG / SG,75,"6'2""",74,190,"6'5""",77,80.0,40.0,72.0,69.0,50.0,38.0,80.0,72,84,78,80,76,92,49,25,75,67,25,29,25,25,79,70,72,65,75,75,77,79,75,84,30,60,30,60,58,30,48,60,63,40,36,-,Silver,Gold,Gold,-,-,-,-,-,-,-,-,-,-,-,-,-,-,-,-,-,-,-,-,-,-,-,-,-,-,-,-,-,-,-,-,-,-,-,Gold,1988-89 Chicago Bulls,Chicago Bulls,1988-89,'89
john-paxson-1988-89-chicago-bulls,John Paxson,1988-89 Chicago Bulls,PG / SG,75,"6'2""",74,185,"6'5""",77,79.0,39.0,81.0,76.0,54.0,33.0,90.0,67,86,80,75,85,79,44,25,82,60,25,29,25,25,82,85,84,82,71,78,91,87,74,88,56,59,30,65,68,35,54,65,61,37,29,-,-,-,-,-,-,-,-,-,-,-,-,-,-,-,-,-,-,-,-,-,-,-,-,-,-,-,-,-,-,-,-,-,-,-,-,-,-,-,-,1988-89 Chicago Bulls,Chicago Bulls,1988-89,'89
sam-vincent-1988-89-chicago-bulls,Sam Vincent,1988-89 Chicago Bulls,PG / SG,73,"6'2""",74,185,"6'5""",77,74.0,45.0,79.0,73.0,50.0,43.0,84.0,82,82,84,65,64,66,61,25,82,84,25,29,25,25,79,82,80,73,79,75,79,78,77,87,35,82,35,45,69,28,54,60,61,50,36,-,-,-,-,-,-,-,-,-,-,-,-,-,-,-,-,-,-,-,-,-,-,-,-,-,-,-,-,-,-,-,-,-,-,-,-,-,-,-,-,1988-89 Chicago Bulls,Chicago Bulls,1988-89,'89
dave-corzine-1988-89-chicago-bulls,Dave Corzine,1988-89 Chicago Bulls,C / PF,72,"6'11""",83,250,"7'3""",87,69.0,57.0,41.0,50.0,58.0,80.0,95.0,77,73,65,70,80,51,56,40,70,33,69,65,70,50,28,55,58,38,25,25,48,85,25,70,70,30,57,70,70,70,54,25,58,81,79,-,-,-,-,-,-,-,-,-,-,-,-,-,-,-,-,-,-,-,-,-,-,-,-,-,-,-,-,-,-,-,-,-,-,-,Gold,-,Gold,-,-,1988-89 Chicago Bulls,Chicago Bulls,1988-89,'89
charles-davis-1988-89-chicago-bulls,Charles Davis,1988-89 Chicago Bulls,PF / SF,70,"6'7""",79,215,"6'10""",82,71.0,55.0,41.0,61.0,59.0,66.0,80.0,70,73,74,65,85,56,79,60,62,64,50,51,25,45,52,45,50,34,25,45,60,79,47,70,66,58,40,70,70,64,68,45,58,60,71,-,-,-,-,-,-,-,-,-,-,-,-,-,-,-,-,-,-,-,-,-,-,-,-,-,-,-,-,-,-,-,-,-,-,-,-,-,-,-,-,1988-89 Chicago Bulls,Chicago Bulls,1988-89,'89
brad-sellers-1988-89-chicago-bulls,Brad Sellers,1988-89 Chicago Bulls,SF / PF,70,"7'0""",84,210,"7'4""",88,68.0,55.0,41.0,62.0,59.0,51.0,98.0,73,85,65,60,57,66,53,52,70,48,42,50,48,77,38,50,48,34,36,65,65,80,51,70,45,60,63,60,62,64,52,56,58,47,54,-,-,-,-,-,-,-,-,-,-,-,-,-,-,-,-,-,-,-,-,-,-,-,-,-,-,-,-,-,-,-,-,-,-,-,-,-,-,-,-,1988-89 Chicago Bulls,Chicago Bulls,1988-89,'89
will-perdue-1988-89-chicago-bulls,Will Perdue,1988-89 Chicago Bulls,C / PF,68,"7'0""",84,240,"7'4""",88,53.0,52.0,35.0,52.0,57.0,78.0,98.0,48,57,35,55,95,25,61,45,50,25,55,40,61,75,25,48,42,35,25,25,65,77,25,60,73,36,58,65,69,66,56,25,58,80,76,-,-,-,-,-,-,-,-,-,-,-,-,-,-,-,-,-,-,-,-,-,-,-,-,-,-,-,-,-,-,-,-,-,-,-,-,-,-,-,-,1988-89 Chicago Bulls,Chicago Bulls,1988-89,'89
michael-jordan-1995-96-chicago-bulls,Michael Jordan,1995-96 Chicago Bulls,SG / SF,99,"6'6""",78,195,"6'11""",83,93.0,85.0,86.0,92.0,87.0,58.0,99.0,97,83,99,98,98,84,84,95,98,97,98,97,40,70,88,92,94,70,84,98,98,99,85,99,71,96,50,98,99,79,99,98,86,63,52,HOF,HOF,Gold,Gold,HOF,Gold,HOF,-,HOF,-,Silver,Silver,-,Silver,Gold,-,Silver,Gold,Gold,Bronze,Silver,Gold,Gold,Gold,Bronze,HOF,Gold,Silver,HOF,Gold,Gold,HOF,-,HOF,-,-,-,-,Bronze,Gold,1995-96 Chicago Bulls,Chicago Bulls,1995-96,'96
scottie-pippen-1995-96-chicago-bulls,Scottie Pippen,1995-96 Chicago Bulls,SG / SF,96,"6'8""",80,210,"7'0""",84,84.0,82.0,84.0,90.0,88.0,68.0,85.0,83,67,84,95,90,87,85,91,98,88,80,80,77,55,80,89,89,79,81,98,98,87,87,98,80,84,70,98,97,79,95,98,79,69,66,Gold,Silver,-,Silver,Silver,Gold,Silver,-,Gold,-,-,-,-,-,-,-,Bronze,-,-,Bronze,-,Bronze,-,-,Silver,Gold,Gold,Gold,HOF,Gold,Gold,HOF,-,Gold,-,Bronze,Bronze,-,Gold,Gold,1995-96 Chicago Bulls,Chicago Bulls,1995-96,'96
dennis-rodman-1995-96-chicago-bulls,Dennis Rodman,1995-96 Chicago Bulls,PF / SF,87,"6'7""",79,210,"7'3""",87,67.0,71.0,70.0,82.0,81.0,97.0,60.0,80,52,65,55,98,50,70,65,98,55,55,72,70,80,55,77,80,70,70,55,99,87,79,91,82,82,60,98,95,95,95,70,57,95,99,-,-,-,-,-,Gold,-,-,-,-,-,-,-,-,-,-,-,-,-,-,-,-,-,-,-,Gold,Bronze,Bronze,-,-,-,-,Gold,-,Gold,HOF,HOF,Silver,-,-,1995-96 Chicago Bulls,Chicago Bulls,1995-96,'96
toni-kukoc-1995-96-chicago-bulls,Toni Kukoc,1995-96 Chicago Bulls,SF / PF,83,"6'11""",83,192,"7'2""",86,80.0,71.0,70.0,70.0,63.0,65.0,98.0,79,77,84,75,83,84,79,65,70,76,72,72,72,60,75,65,74,70,67,76,65,79,69,83,60,60,50,75,64,64,53,70,62,67,62,-,Silver,-,Gold,-,-,-,-,-,-,-,-,-,-,-,-,-,-,-,-,Bronze,-,-,-,Silver,-,-,-,-,-,-,-,-,-,-,-,-,-,-,Gold,1995-96 Chicago Bulls,Chicago Bulls,1995-96,'96
ron-harper-1995-96-chicago-bulls,Ron Harper,1995-96 Chicago Bulls,PG / SG,81,"6'6""",78,185,"6'10""",82,74.0,57.0,76.0,79.0,69.0,47.0,98.0,74,70,70,70,90,70,61,60,82,74,51,55,36,40,80,70,90,61,79,87,82,84,79,90,56,77,52,90,74,42,52,87,83,46,47,-,-,-,-,-,-,-,-,-,-,-,-,-,-,-,-,-,-,-,-,-,-,-,-,Silver,Silver,Silver,-,Gold,Silver,Gold,Gold,-,Gold,-,-,-,-,-,-,1995-96 Chicago Bulls,Chicago Bulls,1995-96,'96
steve-kerr-1995-96-chicago-bulls,Steve Kerr,1995-96 Chicago Bulls,PG / SG,78,"6'3""",75,175,"6'6""",78,84.0,44.0,74.0,71.0,54.0,35.0,60.0,76,92,84,85,70,95,65,25,82,74,25,29,25,25,79,82,84,55,72,79,82,89,73,91,25,57,27,70,67,25,58,66,63,37,32,-,Gold,Gold,Gold,Silver,-,-,-,-,-,-,-,-,-,-,-,-,-,-,-,-,-,-,-,-,-,-,-,-,-,-,-,-,-,-,-,-,-,-,Gold,1995-96 Chicago Bulls,Chicago Bulls,1995-96,'96
luc-longley-1995-96-chicago-bulls,Luc Longley,1995-96 Chicago Bulls,C / PF,75,"7'2""",86,265,"7'7""",91,67.0,61.0,39.0,52.0,67.0,71.0,90.0,77,77,61,70,90,25,56,40,70,34,72,70,74,75,27,50,50,41,25,25,55,75,25,67,86,29,78,75,79,79,77,25,55,72,70,-,-,-,-,-,-,-,Silver,-,-,-,-,Silver,-,-,Bronze,-,-,-,-,-,-,-,-,-,-,-,-,-,-,-,-,-,-,-,Gold,-,Gold,-,-,1995-96 Chicago Bulls,Chicago Bulls,1995-96,'96
randy-brown-1995-96-chicago-bulls,Randy Brown,1995-96 Chicago Bulls,PG,74,"6'2""",74,190,"6'3""",75,69.0,42.0,76.0,73.0,62.0,41.0,98.0,72,61,70,65,80,65,54,25,82,70,25,29,25,25,79,79,77,74,72,81,89,80,72,90,41,57,32,70,74,25,81,79,71,41,40,-,-,-,-,-,-,-,-,-,-,-,-,-,-,-,-,-,-,-,-,-,-,-,-,-,-,Bronze,-,-,Bronze,Bronze,-,-,-,-,-,-,-,-,-,1995-96 Chicago Bulls,Chicago Bulls,1995-96,'96
jason-caffey-1995-96-chicago-bulls,Jason Caffey,1995-96 Chicago Bulls,PF,71,"6'8""",80,255,"7'0""",84,64.0,55.0,40.0,66.0,54.0,64.0,98.0,77,65,55,65,95,25,51,30,70,48,67,67,67,40,35,41,60,32,32,40,79,87,40,85,65,65,51,60,62,65,62,42,38,61,67,-,-,-,-,-,-,-,-,-,-,-,-,Bronze,-,-,-,-,-,-,-,-,-,-,-,-,-,-,-,-,-,-,-,-,-,-,-,Bronze,Silver,-,-,1995-96 Chicago Bulls,Chicago Bulls,1995-96,'96
jud-buechler-1995-96-chicago-bulls,Jud Buechler,1995-96 Chicago Bulls,SF / SG,70,"6'6""",78,220,"6'9""",81,73.0,42.0,56.0,65.0,55.0,56.0,60.0,64,63,66,85,74,88,25,66,63,62,25,36,25,35,59,60,68,42,51,60,80,80,55,75,45,60,42,55,62,45,56,50,73,51,60,-,Bronze,-,-,-,-,-,-,-,-,-,-,-,-,-,-,-,-,-,-,-,-,-,-,-,-,-,-,-,-,-,-,-,-,-,-,-,-,-,-,1995-96 Chicago Bulls,Chicago Bulls,1995-96,'96
john-salley-1995-96-chicago-bulls,John Salley,1995-96 Chicago Bulls,PF / C,69,"6'11""",83,230,"7'3""",87,54.0,56.0,43.0,57.0,62.0,66.0,80.0,57,69,38,55,80,27,68,48,68,50,50,50,45,70,45,50,49,43,27,36,68,70,40,66,65,57,71,60,68,69,69,36,61,67,65,-,-,-,-,-,-,-,-,-,-,-,-,-,-,-,-,-,-,-,-,-,-,-,-,-,-,-,-,-,-,-,-,-,-,-,-,-,-,-,-,1995-96 Chicago Bulls,Chicago Bulls,1995-96,'96
dickey-simpkins-1995-96-chicago-bulls,Dickey Simpkins,1995-96 Chicago Bulls,PF / C,69,"6'9""",81,248,"7'0""",84,59.0,53.0,37.0,57.0,61.0,70.0,80.0,67,62,51,55,80,36,73,40,60,35,40,48,48,77,30,45,49,34,25,30,64,80,25,67,85,47,47,75,70,75,73,30,55,64,76,-,-,-,-,-,-,-,-,-,-,-,-,-,-,-,-,-,-,-,-,-,-,-,-,-,-,-,-,-,-,-,-,-,-,-,-,-,-,-,-,1995-96 Chicago Bulls,Chicago Bulls,1995-96,'96
bill-wennington-1995-96-chicago-bulls,Bill Wennington,1995-96 Chicago Bulls,C / PF,67,"7'0""",84,245,"7'4""",88,70.0,52.0,35.0,51.0,63.0,57.0,60.0,72,86,72,75,75,37,45,40,66,31,66,63,58,50,45,34,39,32,25,30,55,77,30,65,70,30,51,75,77,74,76,30,58,57,57,-,-,-,-,-,-,-,-,-,-,-,-,-,-,-,-,-,-,-,-,-,-,-,-,-,-,-,-,-,-,-,-,-,-,-,-,-,-,-,-,1995-96 Chicago Bulls,Chicago Bulls,1995-96,'96
james-edwards-1995-96-chicago-bulls,James Edwards,1995-96 Chicago Bulls,C / PF,66,"7'0""",84,225,"7'4""",88,56.0,61.0,33.0,50.0,57.0,54.0,70.0,62,61,50,75,60,25,67,40,84,44,65,75,50,65,34,33,31,31,37,25,37,75,54,60,75,25,62,75,62,68,70,25,35,51,57,-,-,-,-,-,-,-,-,-,-,-,-,-,-,-,-,-,-,-,-,-,-,-,-,-,-,-,-,-,-,-,-,-,-,-,-,-,-,-,-,1995-96 Chicago Bulls,Chicago Bulls,1995-96,'96
derrick-rose-2010-11-chicago-bulls,Derrick Rose,2010-11 Chicago Bulls,PG,94,"6'3""",75,190,"6'8""",80,89.0,69.0,93.0,91.0,66.0,46.0,90.0,84,86,90,98,95,78,92,90,98,95,53,55,45,25,96,88,88,95,99,90,98,83,99,98,70,96,37,75,77,50,78,74,70,55,36,-,-,Gold,-,Gold,Gold,HOF,-,HOF,-,-,-,-,-,Gold,-,Gold,Silver,-,Bronze,Gold,HOF,Gold,Gold,Gold,-,-,-,-,-,-,-,-,-,-,-,-,-,-,-,2010-11 Chicago Bulls,Chicago Bulls,2010-11,'11
joakim-noah-2010-11-chicago-bulls,Joakim Noah,2010-11 Chicago Bulls,C,86,"6'11""",83,232,"7'1""",85,68.0,65.0,50.0,78.0,79.0,90.0,60.0,88,74,70,60,92,26,50,45,87,57,71,52,72,85,42,50,62,72,25,60,95,76,63,92,84,78,72,95,95,96,75,60,61,89,90,-,-,-,Silver,-,Gold,-,-,-,-,-,-,-,-,-,Bronze,-,-,-,-,-,-,-,-,-,Gold,Bronze,-,-,-,-,-,Gold,-,Gold,Gold,Gold,Gold,-,-,2010-11 Chicago Bulls,Chicago Bulls,2010-11,'11
carlos-boozer-2010-11-chicago-bulls,Carlos Boozer,2010-11 Chicago Bulls,PF,85,"6'9""",81,266,"7'2""",86,75.0,80.0,43.0,74.0,64.0,85.0,70.0,96,70,82,85,84,33,59,75,95,72,90,84,82,80,40,44,60,37,32,52,61,78,61,95,94,75,51,70,70,79,63,52,63,87,82,-,-,-,Gold,-,Gold,Gold,-,-,Gold,-,Gold,Gold,Gold,-,Gold,-,-,-,-,-,-,-,-,-,-,-,-,-,-,-,-,-,-,-,Gold,-,Gold,-,-,2010-11 Chicago Bulls,Chicago Bulls,2010-11,'11
luol-deng-2010-11-chicago-bulls,Luol Deng,2010-11 Chicago Bulls,SF / PF,82,"6'9""",81,220,"7'1""",85,84.0,65.0,58.0,81.0,77.0,58.0,70.0,94,75,88,85,84,80,48,80,86,84,52,71,55,40,70,59,57,37,67,92,90,74,76,96,78,64,47,90,92,73,88,90,62,64,51,-,-,-,-,-,-,-,-,-,-,-,-,-,-,-,-,-,-,-,-,-,-,-,-,-,-,Gold,-,-,-,Bronze,-,-,Gold,-,-,-,-,-,-,2010-11 Chicago Bulls,Chicago Bulls,2010-11,'11
taj-gibson-2010-11-chicago-bulls,Taj Gibson,2010-11 Chicago Bulls,PF / C,78,"6'9""",81,225,"7'4""",88,62.0,72.0,42.0,70.0,66.0,83.0,89.0,78,68,78,40,75,35,49,65,77,65,75,75,84,85,35,33,54,60,26,49,85,83,51,84,80,58,68,65,80,80,62,49,58,82,83,-,-,-,-,-,Gold,-,-,-,-,-,-,-,-,-,-,-,-,-,-,-,-,-,-,-,-,-,-,-,-,-,-,-,-,-,Silver,-,Bronze,-,-,2010-11 Chicago Bulls,Chicago Bulls,2010-11,'11
ronnie-brewer-2010-11-chicago-bulls,Ronnie Brewer,2010-11 Chicago Bulls,SG,77,"6'7""",79,220,"6'11""",83,75.0,54.0,64.0,71.0,71.0,42.0,75.0,69,65,67,75,95,79,54,25,85,70,70,50,52,25,78,70,69,38,65,84,60,83,72,85,54,57,40,85,84,52,82,82,74,48,35,-,-,-,-,-,-,-,-,-,-,-,-,-,-,-,-,-,-,-,-,-,-,-,-,-,-,-,-,-,-,-,-,-,-,-,-,-,-,-,-,2010-11 Chicago Bulls,Chicago Bulls,2010-11,'11
kyle-korver-2010-11-chicago-bulls,Kyle Korver,2010-11 Chicago Bulls,SG / SF,76,"6'7""",79,210,"6'10""",82,84.0,44.0,68.0,66.0,54.0,40.0,80.0,60,89,92,70,98,92,35,25,77,68,32,60,28,25,70,79,84,80,26,60,80,81,60,86,36,57,50,50,58,47,64,55,57,52,27,-,Gold,-,-,-,-,-,-,-,-,-,-,-,-,-,-,-,-,-,-,-,-,-,-,-,-,-,-,-,-,-,-,-,-,-,-,-,-,-,Gold,2010-11 Chicago Bulls,Chicago Bulls,2010-11,'11
cj-watson-2010-11-chicago-bulls,C.J. Watson,2010-11 Chicago Bulls,PG,75,"6'2""",74,175,"6'6""",78,72.0,45.0,74.0,78.0,67.0,50.0,80.0,59,74,61,70,89,79,67,25,85,64,29,39,25,25,81,69,71,70,80,84,88,84,80,98,40,69,50,80,77,38,59,83,79,51,49,-,-,-,-,-,-,-,-,-,-,-,-,-,-,-,-,-,-,-,-,-,-,-,-,-,-,-,-,-,-,-,-,-,-,-,-,-,-,-,-,2010-11 Chicago Bulls,Chicago Bulls,2010-11,'11
omer-asik-2010-11-chicago-bulls,Omer Asik,2010-11 Chicago Bulls,C,73,"7'0""",84,255,"7'4""",88,51.0,67.0,36.0,63.0,58.0,83.0,55.0,60,50,29,55,88,25,76,60,78,56,69,44,74,80,35,29,62,28,25,37,85,83,32,84,65,58,56,45,78,76,54,37,57,80,85,-,-,-,-,-,-,-,-,-,-,-,-,Bronze,-,-,Silver,-,-,-,-,-,-,-,-,-,-,-,-,-,-,-,-,-,-,-,Gold,Gold,Silver,-,-,2010-11 Chicago Bulls,Chicago Bulls,2010-11,'11
keith-bogans-2010-11-chicago-bulls,Keith Bogans,2010-11 Chicago Bulls,SG,73,"6'5""",77,215,"6'9""",81,69.0,58.0,72.0,73.0,51.0,42.0,94.0,69,65,70,58,68,82,60,63,85,83,44,63,33,33,80,78,77,40,86,57,89,80,84,83,33,83,37,59,65,34,65,57,42,50,33,-,-,-,-,-,-,-,-,-,-,-,-,-,-,-,-,-,-,-,-,-,-,-,-,-,-,-,-,-,-,-,-,-,-,-,-,-,-,-,-,2010-11 Chicago Bulls,Chicago Bulls,2010-11,'11
kurt-thomas-2010-11-chicago-bulls,Kurt Thomas,2010-11 Chicago Bulls,PF,72,"6'9""",81,230,"7'1""",85,59.0,57.0,45.0,64.0,60.0,74.0,70.0,77,62,61,60,69,25,57,30,75,60,61,64,61,50,38,48,45,51,44,32,72,84,55,68,64,70,49,70,71,72,64,42,52,77,71,-,-,-,-,-,-,-,-,-,-,Silver,Bronze,Silver,Bronze,-,-,-,-,-,-,-,-,-,-,-,-,-,-,-,-,-,-,Bronze,-,-,Silver,Silver,Gold,-,-,2010-11 Chicago Bulls,Chicago Bulls,2010-11,'11
brian-scalabrine-2010-11-chicago-bulls,Brian Scalabrine,2010-11 Chicago Bulls,PF / SF,70,"6'9""",81,241,"6'10""",82,79.0,50.0,48.0,59.0,45.0,54.0,80.0,77,73,88,70,95,70,44,38,82,48,56,62,45,25,35,53,84,42,25,39,45,83,45,85,59,55,52,35,44,42,45,39,57,56,52,-,-,-,-,-,-,-,-,-,-,-,-,-,-,-,-,-,-,-,-,-,-,-,-,-,-,-,-,-,-,-,-,-,-,-,-,-,-,-,-,2010-11 Chicago Bulls,Chicago Bulls,2010-11,'11
jannero-pargo-2010-11-chicago-bulls,Jannero Pargo,2010-11 Chicago Bulls,PG,70,"6'1""",73,170,"6'3""",75,74.0,40.0,74.0,75.0,55.0,44.0,40.0,67,85,80,65,70,76,40,25,76,70,29,29,29,25,76,75,74,65,80,80,82,80,80,88,30,82,35,60,68,29,64,68,59,48,39,-,-,-,-,-,-,-,-,-,-,-,-,-,-,-,-,-,Bronze,Bronze,-,-,-,Bronze,Bronze,Bronze,-,-,Bronze,-,-,-,-,-,-,-,-,-,-,-,-,2010-11 Chicago Bulls,Chicago Bulls,2010-11,'11
michael-jordan-1997-98-chicago-bulls,Michael Jordan,1997-98 Chicago Bulls,SG / SF,98,"6'6""",78,195,"6'11""",83,91.0,82.0,80.0,92.0,86.0,52.0,85.0,95,78,96,98,98,81,84,80,98,97,98,98,40,60,85,84,84,70,79,98,98,99,82,98,78,90,50,98,99,85,99,98,73,56,48,HOF,HOF,Gold,Gold,Gold,Gold,Gold,-,Gold,-,Silver,Silver,-,Silver,Gold,-,Silver,Gold,Gold,Bronze,Silver,Gold,Gold,Gold,Bronze,Gold,Gold,Silver,Gold,Gold,Gold,Gold,-,Silver,-,-,-,-,-,Gold,1997-98 Chicago Bulls,Chicago Bulls,1997-98,'98
scottie-pippen-1997-98-chicago-bulls,Scottie Pippen,1997-98 Chicago Bulls,SF / SG,88,"6'8""",80,210,"7'0""",84,76.0,77.0,80.0,90.0,88.0,68.0,25.0,83,67,84,75,60,87,50,91,98,88,80,80,77,55,80,89,70,79,80,98,98,87,86,98,80,84,70,98,97,79,95,98,79,69,66,-,-,-,-,-,Silver,-,-,Silver,-,-,Bronze,-,Bronze,-,-,-,-,-,Bronze,-,-,-,-,Bronze,Gold,Gold,Gold,HOF,Gold,Gold,HOF,-,Gold,-,-,-,-,Gold,-,1997-98 Chicago Bulls,Chicago Bulls,1997-98,'98
dennis-rodman-1997-98-chicago-bulls,Dennis Rodman,1997-98 Chicago Bulls,PF / C,84,"6'8""",80,210,"7'3""",87,60.0,69.0,64.0,82.0,81.0,97.0,50.0,80,52,65,55,60,50,60,65,98,55,55,72,70,80,55,77,50,70,70,55,99,87,79,91,82,82,60,98,95,95,95,70,57,95,99,-,-,-,-,-,Gold,-,-,-,-,-,-,-,-,-,-,-,-,-,-,-,-,-,-,-,Gold,Bronze,Bronze,-,-,-,-,Gold,-,Gold,HOF,HOF,Silver,-,-,1997-98 Chicago Bulls,Chicago Bulls,1997-98,'98
toni-kukoc-1997-98-chicago-bulls,Toni Kukoc,1997-98 Chicago Bulls,SF / PF,83,"6'11""",83,192,"7'2""",86,82.0,77.0,76.0,71.0,57.0,75.0,85.0,88,70,84,85,85,80,79,75,70,79,79,78,79,75,78,78,82,75,69,68,65,79,70,83,65,67,51,50,58,64,43,69,63,74,76,Bronze,-,-,Gold,-,-,-,-,-,-,-,-,-,-,-,-,-,-,-,-,-,-,-,-,-,-,-,-,-,-,-,-,-,-,-,-,-,-,-,-,1997-98 Chicago Bulls,Chicago Bulls,1997-98,'98
ron-harper-1997-98-chicago-bulls,Ron Harper,1997-98 Chicago Bulls,PG / SG,80,"6'6""",78,185,"6'10""",82,74.0,58.0,71.0,79.0,74.0,49.0,85.0,74,75,70,73,79,70,67,60,82,70,51,55,36,40,80,66,65,63,79,89,82,84,79,89,57,74,55,90,83,44,80,88,75,47,51,-,-,-,-,-,-,-,-,-,-,-,-,-,-,-,-,-,-,-,-,-,-,-,-,Silver,Silver,Silver,-,Gold,Silver,Gold,Gold,-,Gold,-,-,-,-,-,-,1997-98 Chicago Bulls,Chicago Bulls,1997-98,'98
luc-longley-1997-98-chicago-bulls,Luc Longley,1997-98 Chicago Bulls,C / PF,78,"7'2""",86,265,"7'7""",91,69.0,75.0,44.0,55.0,69.0,81.0,85.0,88,73,61,80,84,28,79,60,95,54,79,76,79,80,27,50,58,61,25,25,80,75,25,67,86,27,79,80,80,82,78,25,62,84,78,-,-,-,-,-,-,-,-,-,-,-,-,-,-,-,-,-,-,-,-,-,-,-,-,-,-,-,-,-,-,-,-,-,-,-,-,-,Bronze,-,-,1997-98 Chicago Bulls,Chicago Bulls,1997-98,'98
randy-brown-1997-98-chicago-bulls,Randy Brown,1997-98 Chicago Bulls,PG,74,"6'2""",74,190,"6'3""",75,69.0,42.0,76.0,73.0,62.0,41.0,98.0,72,61,70,65,80,65,54,25,82,70,25,29,25,25,79,79,77,74,72,81,89,80,72,90,41,57,32,70,74,25,81,79,71,41,40,-,-,-,-,-,-,-,-,-,-,-,-,-,-,-,-,-,-,-,-,-,-,-,-,-,-,Bronze,-,-,Bronze,Bronze,-,-,-,-,-,-,-,-,-,1997-98 Chicago Bulls,Chicago Bulls,1997-98,'98
scott-burrell-1997-98-chicago-bulls,Scott Burrell,1997-98 Chicago Bulls,SF,74,"6'7""",79,218,"6'9""",81,70.0,61.0,59.0,71.0,57.0,47.0,98.0,69,74,70,65,62,81,68,65,70,69,62,60,44,50,64,62,64,44,59,67,77,86,62,82,55,65,42,55,61,60,60,64,60,52,42,-,-,-,-,-,-,-,-,-,-,-,-,-,-,-,-,-,-,-,-,-,-,-,-,-,-,-,-,-,-,-,-,-,-,-,-,-,-,-,-,1997-98 Chicago Bulls,Chicago Bulls,1997-98,'98
steve-kerr-1997-98-chicago-bulls,Steve Kerr,1997-98 Chicago Bulls,PG / SG,74,"6'3""",75,175,"6'6""",78,80.0,40.0,66.0,71.0,50.0,37.0,60.0,67,91,84,85,60,90,45,25,82,60,25,29,25,25,79,63,68,50,72,79,82,89,73,91,25,57,32,75,70,25,25,66,60,41,32,-,Gold,Gold,Gold,-,-,-,-,-,-,-,-,-,-,-,-,-,-,-,-,-,-,-,-,-,-,Bronze,-,-,-,-,-,-,-,-,-,-,-,-,Gold,1997-98 Chicago Bulls,Chicago Bulls,1997-98,'98
joe-kleine-1997-98-chicago-bulls,Joe Kleine,1997-98 Chicago Bulls,C,73,"6'11""",83,255,"7'3""",87,73.0,68.0,35.0,64.0,57.0,76.0,70.0,76,79,78,75,70,57,55,65,85,62,69,69,69,70,46,32,44,29,25,37,80,76,38,80,65,74,67,65,65,67,60,37,40,73,78,-,-,-,-,-,-,-,-,-,-,-,-,-,-,-,-,-,-,-,-,-,-,-,-,-,-,-,-,-,-,-,-,-,-,-,-,-,-,-,-,1997-98 Chicago Bulls,Chicago Bulls,1997-98,'98
rusty-larue-1997-98-chicago-bulls,Rusty LaRue,1997-98 Chicago Bulls,PG,70,"6'2""",74,210,"6'6""",78,72.0,41.0,69.0,68.0,54.0,40.0,80.0,68,84,76,50,80,73,47,40,75,68,25,25,25,25,74,74,74,57,67,71,67,75,74,85,37,67,30,45,62,33,67,67,71,43,37,-,-,-,-,-,-,-,-,-,-,-,-,-,-,-,-,-,-,-,-,-,-,-,-,-,-,-,-,-,-,-,-,-,-,-,-,-,-,-,-,1997-98 Chicago Bulls,Chicago Bulls,1997-98,'98
dickey-simpkins-1997-98-chicago-bulls,Dickey Simpkins,1997-98 Chicago Bulls,PF / C,69,"6'9""",81,248,"7'0""",84,54.0,57.0,41.0,57.0,62.0,58.0,90.0,65,51,51,60,60,36,79,45,62,48,48,50,50,77,38,47,52,45,25,30,64,80,25,67,85,47,45,80,70,78,74,30,58,58,58,-,-,-,-,-,-,-,-,-,-,-,-,-,-,-,-,-,-,-,-,-,-,-,-,-,-,-,-,-,-,-,-,-,-,-,-,-,-,-,-,1997-98 Chicago Bulls,Chicago Bulls,1997-98,'98
jud-buechler-1997-98-chicago-bulls,Jud Buechler,1997-98 Chicago Bulls,SF / SG,68,"6'6""",78,220,"6'9""",81,66.0,44.0,57.0,65.0,55.0,49.0,80.0,64,50,66,70,66,82,30,66,63,62,34,36,25,35,63,60,62,49,51,60,80,80,55,75,45,60,57,50,62,45,54,50,65,50,47,-,-,-,-,-,-,-,-,-,-,-,-,-,-,-,-,-,-,-,-,-,-,-,-,-,-,-,-,-,-,-,-,-,-,-,-,-,-,-,-,1997-98 Chicago Bulls,Chicago Bulls,1997-98,'98
bill-wennington-1997-98-chicago-bulls,Bill Wennington,1997-98 Chicago Bulls,C / PF,66,"7'0""",84,245,"7'4""",88,65.0,56.0,39.0,51.0,59.0,59.0,50.0,66,80,72,65,70,37,45,40,80,52,66,60,55,50,41,48,50,32,25,30,52,77,30,65,74,30,45,70,72,74,72,30,50,54,63,-,-,-,-,-,-,-,-,-,-,-,-,-,-,-,-,-,-,-,-,-,-,-,-,-,-,-,-,-,-,-,-,-,-,-,-,-,-,-,-,1997-98 Chicago Bulls,Chicago Bulls,1997-98,'98
michael-jordan-1990-91-chicago-bulls,Michael Jordan,1990-91 Chicago Bulls,SG / SF,97,"6'6""",78,195,"6'11""",83,90.0,84.0,85.0,90.0,85.0,55.0,70.0,98,85,97,98,85,75,85,98,98,96,94,85,40,75,88,85,95,72,86,98,94,98,87,99,57,98,56,95,92,68,94,98,91,62,47,Gold,HOF,-,Gold,Gold,Gold,Gold,-,HOF,-,Silver,Silver,-,Silver,HOF,-,Silver,Gold,Silver,Gold,-,Silver,Gold,Gold,Gold,HOF,HOF,Gold,Gold,Gold,HOF,HOF,-,Gold,-,-,-,-,Gold,-,1990-91 Chicago Bulls,Chicago Bulls,1990-91,'91
scottie-pippen-1990-91-chicago-bulls,Scottie Pippen,1990-91 Chicago Bulls,SF / SG,89,"6'8""",80,210,"7'0""",84,73.0,81.0,82.0,84.0,84.0,74.0,70.0,76,70,72,75,80,67,82,95,98,81,65,80,77,70,77,86,86,79,84,93,86,88,88,92,57,86,58,95,92,69,91,93,87,75,72,-,-,-,-,-,Silver,-,-,Bronze,-,-,Bronze,-,Bronze,-,-,-,-,-,Bronze,-,-,-,-,Bronze,Gold,Gold,Gold,Gold,Gold,Gold,Gold,-,Gold,-,-,-,-,Gold,-,1990-91 Chicago Bulls,Chicago Bulls,1990-91,'91
horace-grant-1990-91-chicago-bulls,Horace Grant,1990-91 Chicago Bulls,PF / C,82,"6'10""",82,215,"7'2""",86,73.0,73.0,45.0,72.0,69.0,81.0,98.0,73,71,78,80,95,42,68,65,87,55,78,72,72,85,36,50,55,37,49,42,88,83,67,85,81,60,56,90,84,91,60,42,63,82,80,-,-,-,Silver,-,Silver,-,-,-,-,-,-,-,-,-,-,-,-,-,-,-,-,-,-,-,Gold,-,-,-,-,-,-,Gold,-,Gold,Bronze,-,Bronze,-,-,1990-91 Chicago Bulls,Chicago Bulls,1990-91,'91
john-paxson-1990-91-chicago-bulls,John Paxson,1990-91 Chicago Bulls,PG / SG,78,"6'2""",74,185,"6'5""",77,82.0,40.0,82.0,76.0,62.0,33.0,80.0,72,82,83,80,85,88,54,25,80,60,25,29,25,25,78,87,88,84,71,81,91,85,74,87,58,55,27,75,78,35,75,79,62,36,29,-,-,Gold,Gold,-,-,-,-,-,-,-,-,-,-,-,-,-,-,-,-,-,-,-,-,-,-,-,-,-,-,-,-,-,-,-,-,-,-,-,-,1990-91 Chicago Bulls,Chicago Bulls,1990-91,'91
bj-armstrong-1990-91-chicago-bulls,B.J. Armstrong,1990-91 Chicago Bulls,PG / SG,74,"6'2""",74,175,"6'5""",77,78.0,42.0,79.0,71.0,45.0,39.0,60.0,69,87,79,70,70,91,56,25,78,72,25,29,25,25,80,80,82,71,82,69,75,82,82,90,33,63,27,45,60,25,44,50,65,45,33,-,-,Gold,Gold,Bronze,-,-,-,-,-,-,-,-,-,-,-,-,-,-,-,-,-,-,-,Bronze,-,-,-,-,-,-,-,-,-,-,-,-,-,-,-,1990-91 Chicago Bulls,Chicago Bulls,1990-91,'91
bill-cartwright-1990-91-chicago-bulls,Bill Cartwright,1990-91 Chicago Bulls,C / PF,73,"7'1""",85,245,"7'6""",90,62.0,63.0,41.0,56.0,58.0,67.0,88.0,65,69,52,75,85,25,61,40,80,30,77,74,65,75,34,49,50,33,37,25,59,78,49,78,73,30,35,80,80,74,60,25,55,66,67,-,-,-,-,-,-,-,-,-,-,-,-,-,-,-,-,-,-,-,-,-,-,-,-,-,Silver,-,-,-,-,-,-,Silver,-,-,Silver,Gold,Gold,-,-,1990-91 Chicago Bulls,Chicago Bulls,1990-91,'91
stacey-king-1990-91-chicago-bulls,Stacey King,1990-91 Chicago Bulls,C,73,"6'11""",83,230,"7'2""",86,63.0,66.0,39.0,73.0,65.0,73.0,40.0,83,70,74,40,60,52,50,60,58,65,75,68,72,80,35,40,64,31,25,49,75,84,64,85,80,74,75,60,78,75,60,49,58,69,77,-,-,-,-,-,-,-,-,-,-,-,-,-,-,-,-,-,-,-,-,-,-,-,-,-,-,-,-,-,-,-,-,Bronze,-,-,Gold,-,Gold,-,-,1990-91 Chicago Bulls,Chicago Bulls,1990-91,'91
craig-hodges-1990-91-chicago-bulls,Craig Hodges,1990-91 Chicago Bulls,PG / SG,72,"6'2""",74,190,"6'5""",77,79.0,38.0,71.0,68.0,49.0,34.0,60.0,72,96,77,65,76,86,41,25,75,62,25,29,25,25,76,72,72,61,72,76,77,79,72,84,30,60,27,65,62,30,30,62,65,36,32,-,Bronze,Silver,Gold,-,-,-,-,-,-,-,-,-,-,-,-,-,-,-,-,-,-,-,-,-,-,-,-,-,-,-,-,-,-,-,-,-,-,-,Silver,1990-91 Chicago Bulls,Chicago Bulls,1990-91,'91
dennis-hopson-1990-91-chicago-bulls,Dennis Hopson,1990-91 Chicago Bulls,SF,72,"6'5""",77,200,"6'9""",81,69.0,56.0,70.0,68.0,64.0,55.0,60.0,70,73,70,55,80,65,45,25,85,73,70,70,55,25,74,72,70,63,70,70,60,74,74,85,54,57,54,65,75,54,60,70,71,56,53,-,-,-,-,-,-,-,-,-,-,-,-,-,-,-,-,-,-,-,-,-,-,-,-,-,-,-,-,-,-,-,-,-,-,-,-,-,-,-,-,1990-91 Chicago Bulls,Chicago Bulls,1990-91,'91
will-perdue-1990-91-chicago-bulls,Will Perdue,1990-91 Chicago Bulls,C / PF,72,"7'0""",84,240,"7'4""",88,54.0,54.0,35.0,52.0,63.0,89.0,98.0,48,66,37,55,90,25,70,42,80,25,44,40,61,69,25,47,48,31,25,25,64,78,25,65,78,32,76,65,70,79,65,25,59,87,91,-,-,-,-,-,Bronze,-,-,-,-,-,-,Silver,-,-,-,-,-,-,-,-,-,-,-,-,-,-,-,-,-,-,-,-,-,-,Silver,-,-,-,-,1990-91 Chicago Bulls,Chicago Bulls,1990-91,'91
scott-williams-1990-91-chicago-bulls,Scott Williams,1990-91 Chicago Bulls,PF / C,72,"6'10""",82,230,"7'2""",86,60.0,55.0,52.0,61.0,61.0,83.0,85.0,61,71,65,50,85,26,65,40,90,32,44,55,40,77,41,59,80,55,25,25,90,77,25,98,70,43,63,80,60,70,69,25,63,74,91,-,-,-,-,-,Bronze,-,-,-,-,-,-,-,-,-,-,-,-,-,-,-,-,-,-,-,Gold,-,-,-,-,-,-,-,-,-,Silver,Gold,-,-,-,1990-91 Chicago Bulls,Chicago Bulls,1990-91,'91
cliff-levingston-1990-91-chicago-bulls,Cliff Levingston,1990-91 Chicago Bulls,PF / C,69,"6'8""",80,210,"6'11""",83,58.0,53.0,43.0,67.0,62.0,70.0,80.0,61,64,55,60,55,51,66,61,60,52,36,44,44,60,56,50,50,33,25,44,90,80,45,75,70,65,67,65,69,72,58,44,61,62,78,-,-,-,-,-,-,-,-,-,-,-,-,-,-,-,-,-,-,-,-,-,-,-,-,-,-,-,-,-,-,-,-,-,-,-,-,-,-,-,-,1990-91 Chicago Bulls,Chicago Bulls,1990-91,'91
mark-price-1989-90-cleveland-cavaliers,Mark Price,1989-90 Cleveland Cavaliers,PG / SG,89,"6'0""",72,170,"6'3""",75,90.0,47.0,88.0,75.0,55.0,41.0,98.0,87,88,90,90,93,90,75,25,92,82,25,29,25,25,84,95,95,86,79,81,95,85,79,85,40,60,27,80,68,25,45,70,67,44,38,Gold,Silver,Gold,Gold,Gold,-,Gold,-,Gold,-,-,-,-,-,-,-,Bronze,Bronze,-,Gold,Bronze,-,Gold,Gold,Gold,-,-,-,-,-,-,-,-,Silver,-,-,-,-,-,Gold,1989-90 Cleveland Cavaliers,Cleveland Cavaliers,1989-90,'90
larry-nance-1989-90-cleveland-cavaliers,Larry Nance,1989-90 Cleveland Cavaliers,SF / PF,86,"6'10""",82,205,"7'2""",86,69.0,81.0,59.0,86.0,78.0,70.0,90.0,74,77,64,80,80,40,70,95,98,78,80,65,75,85,50,51,70,49,73,89,98,78,77,98,75,85,74,85,88,80,75,87,60,74,66,-,-,-,Bronze,-,Gold,-,-,-,-,-,-,-,-,Gold,-,-,-,-,-,-,-,-,-,-,Gold,Bronze,Gold,Bronze,-,Gold,Bronze,Silver,Gold,Gold,-,-,-,Gold,-,1989-90 Cleveland Cavaliers,Cleveland Cavaliers,1989-90,'90
brad-daugherty-1989-90-cleveland-cavaliers,Brad Daugherty,1989-90 Cleveland Cavaliers,C / PF,85,"7'0""",84,245,"7'4""",88,78.0,75.0,48.0,63.0,64.0,86.0,85.0,95,70,78,95,97,35,88,43,92,44,90,86,88,65,34,65,60,55,25,40,70,75,35,85,78,55,47,85,79,78,62,40,58,88,84,-,-,-,Gold,-,Gold,-,-,-,Bronze,-,Gold,Silver,Gold,-,-,-,Silver,Silver,Bronze,-,-,-,-,-,Gold,-,Bronze,-,-,-,-,Silver,-,Silver,Gold,-,HOF,Silver,-,1989-90 Cleveland Cavaliers,Cleveland Cavaliers,1989-90,'90
hot-rod-williams-1989-90-cleveland-cavaliers,Hot Rod Williams,1989-90 Cleveland Cavaliers,PF / C,82,"6'11""",83,215,"7'1""",85,69.0,75.0,48.0,72.0,63.0,83.0,85.0,84,74,44,90,98,25,76,60,72,49,86,80,80,95,36,50,49,68,38,45,90,85,48,85,78,75,45,80,77,69,62,45,62,82,84,-,-,-,Gold,-,Gold,-,-,-,Silver,-,Gold,-,Gold,-,-,-,-,-,-,-,-,-,-,-,-,-,-,-,-,-,-,-,-,-,Gold,Gold,-,-,-,1989-90 Cleveland Cavaliers,Cleveland Cavaliers,1989-90,'90
craig-ehlo-1989-90-cleveland-cavaliers,Craig Ehlo,1989-90 Cleveland Cavaliers,SG / SF,79,"6'6""",78,180,"6'9""",81,81.0,52.0,71.0,74.0,66.0,53.0,98.0,75,68,82,75,98,86,76,51,72,79,36,55,25,25,74,69,75,69,69,78,79,81,69,93,46,73,37,75,78,40,77,78,74,53,52,-,Silver,-,-,-,-,-,-,-,-,-,-,-,-,-,-,-,-,-,-,-,-,-,-,-,-,-,-,-,-,-,-,-,-,-,-,-,-,-,-,1989-90 Cleveland Cavaliers,Cleveland Cavaliers,1989-90,'90
winston-bennett-1989-90-cleveland-cavaliers,Winston Bennett,1989-90 Cleveland Cavaliers,SF,75,"6'7""",79,210,"6'9""",81,62.0,58.0,58.0,76.0,65.0,61.0,90.0,68,69,70,35,90,40,72,50,72,75,35,52,54,50,65,60,60,35,70,75,85,70,74,88,60,79,25,75,78,48,77,75,74,72,50,-,-,-,-,-,-,-,-,-,-,-,-,-,-,-,-,-,-,-,-,-,-,-,-,-,-,Bronze,-,-,-,-,-,-,-,-,-,-,-,-,-,1989-90 Cleveland Cavaliers,Cleveland Cavaliers,1989-90,'90
steve-kerr-1989-90-cleveland-cavaliers,Steve Kerr,1989-90 Cleveland Cavaliers,PG / SG,75,"6'3""",75,175,"6'6""",78,80.0,40.0,73.0,70.0,47.0,34.0,60.0,66,86,84,75,75,95,46,25,82,62,25,29,25,25,79,72,70,70,72,74,82,90,73,91,25,57,32,55,54,25,45,58,61,39,29,-,Gold,Gold,Gold,Silver,-,-,-,-,-,-,-,-,-,-,-,-,-,-,-,-,-,-,-,-,-,-,-,-,-,-,-,-,-,-,-,-,-,-,Gold,1989-90 Cleveland Cavaliers,Cleveland Cavaliers,1989-90,'90
chucky-brown-1989-90-cleveland-cavaliers,Chucky Brown,1989-90 Cleveland Cavaliers,SF / PF,71,"6'9""",81,245,"6'10""",82,72.0,53.0,49.0,72.0,61.0,73.0,90.0,82,76,75,65,80,54,51,45,62,39,59,33,61,70,35,66,64,28,51,48,93,92,62,79,76,57,80,50,75,71,45,48,56,75,70,-,-,-,-,-,-,-,-,-,-,-,-,-,-,-,-,-,-,-,-,-,-,-,-,-,-,-,-,-,-,-,-,-,-,-,-,-,-,-,-,1989-90 Cleveland Cavaliers,Cleveland Cavaliers,1989-90,'90
tree-rollins-1989-90-cleveland-cavaliers,Tree Rollins,1989-90 Cleveland Cavaliers,C / PF,68,"7'1""",85,235,"7'6""",90,51.0,46.0,28.0,58.0,67.0,67.0,50.0,52,68,35,63,65,25,37,40,58,30,40,40,50,70,25,30,31,29,25,26,60,79,55,70,82,35,83,75,77,84,68,26,58,65,68,-,-,-,-,-,-,-,-,-,-,-,-,-,-,-,-,-,-,-,-,-,-,-,-,-,Bronze,-,-,-,-,-,-,-,-,Bronze,-,-,Silver,-,-,1989-90 Cleveland Cavaliers,Cleveland Cavaliers,1989-90,'90
paul-mokeski-1989-90-cleveland-cavaliers,Paul Mokeski,1989-90 Cleveland Cavaliers,C / PF,64,"7'0""",84,250,"7'4""",88,63.0,43.0,35.0,49.0,58.0,64.0,64.0,66,69,60,70,70,43,62,40,50,25,42,45,48,35,33,40,44,31,25,25,60,77,25,58,70,25,52,65,72,72,60,25,57,70,58,-,-,-,-,-,-,-,-,-,-,-,-,-,-,-,-,-,-,-,-,-,-,-,-,-,-,-,-,-,-,-,-,-,-,-,-,-,-,-,-,1989-90 Cleveland Cavaliers,Cleveland Cavaliers,1989-90,'90
lebron-james-2015-16-cleveland-cavaliers,LeBron James,2015-16 Cleveland Cavaliers,SF / PF,99,"6'8""",80,250,"7'0""",84,89.0,90.0,90.0,93.0,83.0,77.0,98.0,96,73,91,98,98,76,97,95,98,98,89,88,82,75,86,87,95,96,88,89,95,97,89,98,92,94,52,98,93,80,97,96,62,79,75,Gold,-,-,HOF,Gold,Silver,Gold,-,Gold,Gold,Gold,Silver,Gold,Silver,Bronze,Bronze,-,Gold,Gold,Gold,-,Bronze,Gold,Gold,Gold,HOF,Silver,HOF,Bronze,Gold,Silver,Bronze,Bronze,Bronze,Bronze,-,-,Gold,Silver,-,2015-16 Cleveland Cavaliers,Cleveland Cavaliers,2015-16,'16
kyrie-irving-2015-16-cleveland-cavaliers,Kyrie Irving,2015-16 Cleveland Cavaliers,PG / SG,91,"6'3""",75,193,"6'4""",76,93.0,60.0,85.0,79.0,57.0,40.0,70.0,92,89,97,98,94,90,80,30,96,96,55,64,35,25,99,84,82,74,86,83,87,79,86,97,37,81,45,40,74,32,81,62,66,43,36,Gold,Gold,Gold,Gold,Gold,-,HOF,-,Gold,-,-,-,-,-,-,-,HOF,Gold,-,Bronze,HOF,HOF,Silver,Silver,Bronze,-,-,-,-,Bronze,-,-,-,-,-,-,-,-,-,Silver,2015-16 Cleveland Cavaliers,Cleveland Cavaliers,2015-16,'16
kevin-love-2015-16-cleveland-cavaliers,Kevin Love,2015-16 Cleveland Cavaliers,PF / C,86,"6'10""",82,243,"6'11""",83,87.0,79.0,51.0,72.0,59.0,90.0,85.0,82,82,84,95,98,81,85,51,90,74,88,88,88,71,48,64,73,42,27,36,95,77,47,93,88,70,49,70,75,74,53,36,55,90,89,-,-,-,Gold,-,Bronze,-,Silver,-,Silver,-,Bronze,Bronze,Bronze,-,Bronze,-,-,HOF,-,-,-,-,-,-,Gold,-,-,-,-,-,-,-,-,-,Gold,Gold,Silver,-,-,2015-16 Cleveland Cavaliers,Cleveland Cavaliers,2015-16,'16
jr-smith-2015-16-cleveland-cavaliers,J.R. Smith,2015-16 Cleveland Cavaliers,SG / SF,79,"6'6""",78,220,"6'10""",82,74.0,59.0,73.0,79.0,58.0,40.0,80.0,64,63,80,85,58,94,44,85,90,82,45,62,25,40,80,78,79,55,72,79,85,79,81,92,52,88,42,50,68,45,62,73,63,45,35,Gold,Gold,-,-,Gold,Gold,-,-,-,-,-,-,-,-,-,-,-,-,-,-,-,-,-,-,-,-,-,-,-,-,-,-,-,-,-,-,-,-,-,Gold,2015-16 Cleveland Cavaliers,Cleveland Cavaliers,2015-16,'16
tristan-thompson-2015-16-cleveland-cavaliers,Tristan Thompson,2015-16 Cleveland Cavaliers,C,78,"6'10""",82,238,"7'1""",85,59.0,68.0,41.0,78.0,60.0,92.0,60.0,94,62,66,40,66,25,60,75,80,68,64,52,62,85,39,31,70,42,25,56,98,90,64,90,74,74,51,55,79,79,58,56,41,87,97,-,-,-,-,-,Gold,-,-,-,-,-,-,-,-,-,Gold,-,-,-,-,-,-,-,-,-,-,-,-,-,-,-,-,-,-,-,Gold,Gold,Silver,-,-,2015-16 Cleveland Cavaliers,Cleveland Cavaliers,2015-16,'16
matthew-dellavedova-2015-16-cleveland-cavaliers,Matthew Dellavedova,2015-16 Cleveland Cavaliers,PG / SG,75,"6'4""",76,200,"6'4""",76,72.0,40.0,77.0,75.0,56.0,39.0,85.0,88,86,74,30,70,84,38,25,76,70,30,28,28,25,75,75,88,76,71,89,98,81,71,82,35,67,27,80,79,30,60,82,32,49,29,-,-,-,Silver,-,-,-,-,-,-,-,-,-,-,-,-,-,-,-,-,-,-,-,-,-,Gold,-,-,Silver,-,Silver,Silver,-,-,-,-,-,-,-,-,2015-16 Cleveland Cavaliers,Cleveland Cavaliers,2015-16,'16
richard-jefferson-2015-16-cleveland-cavaliers,Richard Jefferson,2015-16 Cleveland Cavaliers,SF / SG,75,"6'7""",79,230,"7'0""",84,66.0,66.0,71.0,84.0,60.0,43.0,40.0,68,67,62,45,69,82,48,85,75,84,70,62,45,60,79,68,67,62,78,79,85,78,87,98,69,92,47,55,68,60,63,69,60,55,31,-,Silver,-,-,-,Gold,-,-,-,-,Bronze,-,-,-,-,-,-,-,-,-,-,-,-,-,-,-,-,-,-,-,-,-,-,-,-,-,-,-,Gold,-,2015-16 Cleveland Cavaliers,Cleveland Cavaliers,2015-16,'16
timofey-mozgov-2015-16-cleveland-cavaliers,Timofey Mozgov,2015-16 Cleveland Cavaliers,C,75,"7'1""",85,250,"7'5""",89,61.0,68.0,36.0,67.0,67.0,73.0,70.0,66,81,88,50,50,31,62,75,62,61,76,52,72,85,35,25,59,31,30,54,67,80,52,83,70,63,62,65,84,81,58,65,55,75,70,-,-,-,-,-,Silver,-,-,-,Silver,-,-,Bronze,-,Bronze,Silver,-,-,-,-,-,-,-,-,-,-,-,-,-,-,-,-,Silver,-,Silver,Bronze,-,Bronze,Silver,-,2015-16 Cleveland Cavaliers,Cleveland Cavaliers,2015-16,'16
mo-williams-2015-16-cleveland-cavaliers,Mo Williams,2015-16 Cleveland Cavaliers,PG,75,"6'1""",73,198,"6'4""",76,82.0,50.0,79.0,73.0,59.0,45.0,25.0,75,90,80,85,79,81,60,25,86,81,39,60,25,25,81,81,83,70,80,79,74,84,80,81,38,72,43,70,74,32,70,71,51,44,46,-,-,-,Bronze,Bronze,-,-,-,Silver,-,-,-,-,-,-,-,-,Bronze,-,-,Bronze,-,Bronze,Bronze,Bronze,-,-,-,-,-,-,-,-,-,-,-,-,-,-,-,2015-16 Cleveland Cavaliers,Cleveland Cavaliers,2015-16,'16
channing-frye-2015-16-cleveland-cavaliers,Channing Frye,2015-16 Cleveland Cavaliers,C,74,"7'0""",84,255,"7'3""",87,75.0,62.0,39.0,62.0,53.0,49.0,75.0,70,79,82,50,82,84,47,59,48,70,68,69,72,60,37,28,70,37,25,45,58,83,48,75,68,60,53,45,70,67,57,45,36,66,32,Silver,-,-,Silver,-,-,-,-,-,-,-,-,Bronze,-,-,-,-,-,-,-,-,-,-,-,-,-,-,-,-,-,-,-,-,-,-,-,-,-,-,-,2015-16 Cleveland Cavaliers,Cleveland Cavaliers,2015-16,'16
james-jones-2015-16-cleveland-cavaliers,James Jones,2015-16 Cleveland Cavaliers,SF,74,"6'8""",80,215,"7'3""",87,73.0,60.0,60.0,64.0,55.0,42.0,40.0,57,83,80,50,82,85,60,68,80,75,60,51,40,45,75,75,71,29,49,60,60,82,62,80,45,60,50,45,65,59,62,66,37,49,34,Silver,Bronze,-,Silver,-,-,-,-,-,-,-,-,-,-,-,-,-,-,-,-,-,-,-,-,-,-,-,-,-,-,-,-,-,-,-,-,-,-,-,Silver,2015-16 Cleveland Cavaliers,Cleveland Cavaliers,2015-16,'16
dahntay-jones-2015-16-cleveland-cavaliers,Dahntay Jones,2015-16 Cleveland Cavaliers,SF,72,"6'6""",78,225,"6'9""",81,71.0,53.0,52.0,73.0,53.0,39.0,80.0,62,81,73,35,98,75,67,50,72,64,35,40,45,50,65,60,51,35,50,70,85,70,73,80,60,70,25,40,70,48,48,78,59,47,30,-,-,-,-,-,-,-,-,-,-,-,-,-,-,-,-,-,-,-,-,-,-,-,-,-,-,-,-,-,-,-,-,-,-,-,-,-,-,-,-,2015-16 Cleveland Cavaliers,Cleveland Cavaliers,2015-16,'16
jordan-mcrae-2015-16-cleveland-cavaliers,Jordan McRae,2015-16 Cleveland Cavaliers,SG / SF,69,"6'5""",77,179,"7'1""",85,67.0,62.0,55.0,76.0,49.0,44.0,68.0,71,69,70,60,48,83,78,80,79,82,45,56,33,40,72,60,42,35,67,68,84,90,77,90,58,67,58,25,45,50,60,51,56,53,35,-,-,-,-,-,-,-,-,-,-,-,-,-,-,-,-,-,Bronze,-,-,-,-,-,-,-,-,-,-,-,-,-,-,-,-,-,-,-,-,-,-,2015-16 Cleveland Cavaliers,Cleveland Cavaliers,2015-16,'16
lebron-james-2006-07-cleveland-cavaliers,LeBron James,2006-07 Cleveland Cavaliers,SF,96,"6'8""",80,240,"7'0""",84,86.0,87.0,88.0,93.0,81.0,59.0,60.0,88,69,82,98,98,82,85,98,98,98,87,84,74,70,85,85,88,88,93,95,80,97,97,98,84,97,52,90,93,78,90,94,67,67,50,Gold,-,-,Gold,Gold,Silver,HOF,-,Gold,Bronze,Gold,-,Silver,-,Gold,Bronze,-,Gold,Silver,Silver,-,Silver,Gold,Gold,Gold,Gold,Silver,Gold,Silver,Gold,Gold,Silver,Bronze,Gold,Silver,-,-,Bronze,Gold,-,2006-07 Cleveland Cavaliers,Cleveland Cavaliers,2006-07,'07
zydrunas-ilgauskas-2006-07-cleveland-cavaliers,Zydrunas Ilgauskas,2006-07 Cleveland Cavaliers,C,81,"7'3""",87,238,"7'7""",91,76.0,77.0,39.0,61.0,65.0,80.0,70.0,79,83,85,60,78,68,66,60,80,60,88,88,85,85,35,35,60,40,25,25,58,82,30,84,87,60,75,65,77,83,69,25,59,76,84,-,-,-,Gold,-,Gold,-,Silver,-,Bronze,-,Silver,Silver,Silver,-,Silver,-,Bronze,Silver,-,-,-,-,-,-,Silver,-,-,-,-,-,-,Silver,-,Silver,Gold,-,Gold,-,-,2006-07 Cleveland Cavaliers,Cleveland Cavaliers,2006-07,'07
larry-hughes-2006-07-cleveland-cavaliers,Larry Hughes,2006-07 Cleveland Cavaliers,SG / PG,80,"6'5""",77,184,"6'9""",81,78.0,57.0,80.0,79.0,70.0,50.0,40.0,83,75,82,70,73,85,70,40,95,87,40,72,30,25,88,80,90,63,79,85,98,79,74,98,49,68,45,80,83,34,80,84,84,51,49,-,-,-,-,Bronze,-,-,-,-,-,-,-,-,-,-,-,Bronze,Gold,Bronze,-,-,Gold,-,-,Silver,Gold,Gold,-,Silver,Gold,-,Silver,-,Bronze,-,-,-,-,Silver,-,2006-07 Cleveland Cavaliers,Cleveland Cavaliers,2006-07,'07
donyell-marshall-2006-07-cleveland-cavaliers,Donyell Marshall,2006-07 Cleveland Cavaliers,PF / SF,77,"6'9""",81,218,"7'1""",85,76.0,71.0,45.0,72.0,59.0,74.0,60.0,70,83,74,60,88,79,74,60,84,70,74,70,68,65,44,38,67,41,37,49,90,84,57,90,75,60,64,60,59,60,61,49,62,75,73,-,-,-,Gold,-,-,-,-,-,-,-,-,-,-,-,-,-,-,-,-,-,-,-,-,-,-,-,-,-,-,-,-,-,-,-,-,-,-,-,-,2006-07 Cleveland Cavaliers,Cleveland Cavaliers,2006-07,'07
drew-gooden-2006-07-cleveland-cavaliers,Drew Gooden,2006-07 Cleveland Cavaliers,PF / C,76,"6'10""",82,230,"7'1""",85,77.0,58.0,37.0,67.0,54.0,84.0,98.0,76,68,88,60,95,75,66,51,37,55,65,60,67,60,36,25,64,32,30,52,66,77,61,77,76,60,50,40,60,64,52,52,63,81,86,-,-,-,Silver,-,Silver,-,-,-,-,-,-,-,-,-,-,-,-,-,-,-,-,-,-,-,-,-,-,-,-,-,-,-,-,-,Bronze,-,-,-,-,2006-07 Cleveland Cavaliers,Cleveland Cavaliers,2006-07,'07
anderson-varejao-2006-07-cleveland-cavaliers,Anderson Varejao,2006-07 Cleveland Cavaliers,C / PF,76,"6'11""",83,230,"7'3""",87,66.0,65.0,43.0,65.0,65.0,78.0,65.0,68,61,89,60,88,28,73,52,85,68,55,57,63,65,35,58,64,31,25,41,97,70,46,80,65,58,61,70,84,73,60,41,67,80,76,-,-,-,-,-,Silver,-,-,-,-,-,-,-,-,-,-,-,-,-,-,-,-,-,-,-,Gold,-,-,-,-,-,-,-,-,-,Gold,Gold,Bronze,-,-,2006-07 Cleveland Cavaliers,Cleveland Cavaliers,2006-07,'07
daniel-gibson-2006-07-cleveland-cavaliers,Daniel Gibson,2006-07 Cleveland Cavaliers,PG / SG,74,"6'2""",74,190,"6'5""",77,77.0,60.0,60.0,77.0,58.0,43.0,80.0,74,71,84,75,75,85,45,70,84,82,55,69,38,40,78,45,54,41,84,86,66,71,87,85,51,95,40,70,53,54,52,78,59,44,41,-,Gold,-,Silver,Bronze,-,-,-,-,-,-,-,-,-,-,-,-,-,-,-,-,-,-,-,-,-,-,-,-,-,-,-,-,-,-,-,-,-,-,-,2006-07 Cleveland Cavaliers,Cleveland Cavaliers,2006-07,'07
damon-jones-2006-07-cleveland-cavaliers,Damon Jones,2006-07 Cleveland Cavaliers,PG / SG,74,"6'3""",75,185,"6'8""",80,84.0,49.0,64.0,73.0,54.0,39.0,40.0,78,84,82,80,85,92,70,50,71,78,30,38,28,30,68,58,59,62,75,85,70,81,77,90,42,65,45,50,60,38,62,68,58,46,32,-,Gold,Gold,Gold,-,-,-,-,-,-,-,-,-,-,-,-,-,-,-,-,-,-,-,-,-,-,-,-,-,-,-,-,-,-,-,-,-,-,-,Gold,2006-07 Cleveland Cavaliers,Cleveland Cavaliers,2006-07,'07
sasha-pavlovic-2006-07-cleveland-cavaliers,Sasha Pavlovic,2006-07 Cleveland Cavaliers,SG,74,"6'8""",80,220,"7'0""",84,76.0,55.0,58.0,71.0,52.0,47.0,95.0,58,79,74,70,95,81,61,65,75,72,42,47,42,35,62,62,57,41,67,66,75,75,69,85,54,73,37,65,62,45,44,66,42,52,42,-,-,-,-,-,-,-,-,-,-,-,-,-,-,-,-,-,-,-,-,-,-,-,-,-,-,-,-,-,-,-,-,-,-,-,-,-,-,-,-,2006-07 Cleveland Cavaliers,Cleveland Cavaliers,2006-07,'07
scot-pollard-2006-07-cleveland-cavaliers,Scot Pollard,2006-07 Cleveland Cavaliers,C,73,"6'11""",83,275,"7'3""",87,58.0,61.0,41.0,59.0,62.0,87.0,80.0,70,69,79,35,68,25,77,45,66,51,64,53,70,65,35,46,46,52,25,37,87,65,44,80,62,35,60,45,74,74,72,37,69,84,90,-,-,-,-,-,Bronze,-,-,-,-,-,-,-,-,-,-,-,-,-,-,-,-,-,-,-,Gold,-,-,-,-,-,-,-,-,-,Silver,Gold,-,-,-,2006-07 Cleveland Cavaliers,Cleveland Cavaliers,2006-07,'07
eric-snow-2006-07-cleveland-cavaliers,Eric Snow,2006-07 Cleveland Cavaliers,PG,73,"6'3""",75,190,"6'6""",78,64.0,58.0,77.0,70.0,66.0,42.0,60.0,75,63,78,35,80,55,53,25,93,79,60,70,55,25,79,82,80,72,71,81,60,83,72,85,54,57,40,85,84,52,60,81,61,48,35,-,-,-,-,-,-,-,-,-,-,-,-,-,-,-,-,-,-,-,-,-,-,-,-,-,Bronze,-,-,-,-,-,-,-,Silver,-,-,-,-,-,-,2006-07 Cleveland Cavaliers,Cleveland Cavaliers,2006-07,'07
david-wesley-2006-07-cleveland-cavaliers,David Wesley,2006-07 Cleveland Cavaliers,SG,70,"6'0""",72,190,"6'3""",75,74.0,48.0,62.0,67.0,49.0,41.0,80.0,80,71,75,60,80,77,65,25,80,78,30,47,30,25,76,58,55,60,60,61,73,74,73,80,42,66,47,40,60,36,42,57,63,52,30,-,-,-,-,-,-,-,-,-,-,-,-,-,-,-,-,-,-,-,-,-,-,-,-,-,-,-,-,-,-,-,-,-,-,-,-,-,-,-,-,2006-07 Cleveland Cavaliers,Cleveland Cavaliers,2006-07,'07
shannon-brown-2006-07-cleveland-cavaliers,Shannon Brown,2006-07 Cleveland Cavaliers,SG,66,"6'4""",76,205,"6'8""",80,58.0,56.0,55.0,76.0,50.0,44.0,67.0,69,71,65,30,40,74,57,85,64,73,38,48,33,50,64,55,45,35,77,60,70,88,77,80,58,98,51,30,58,47,44,60,63,47,41,-,-,-,-,-,-,-,-,-,-,-,-,-,-,-,-,-,-,-,-,-,-,-,-,-,-,-,-,-,-,-,-,-,-,-,-,-,-,-,-,2006-07 Cleveland Cavaliers,Cleveland Cavaliers,2006-07,'07
kevin-garnett-2007-08-boston-celtics,Kevin Garnett,2007-08 Boston Celtics,PF / C,93,"6'11""",83,220,"7'3""",87,86.0,82.0,62.0,80.0,84.0,88.0,85.0,92,80,91,85,98,69,80,60,98,72,95,87,85,80,60,69,75,69,35,49,98,85,63,98,84,85,75,96,96,97,88,63,75,89,86,-,-,-,Gold,-,Gold,Bronze,-,-,Gold,Gold,Gold,Gold,Gold,-,Gold,-,-,-,-,-,-,-,-,-,HOF,Silver,Gold,-,-,-,-,Gold,Silver,HOF,Gold,Gold,Gold,Gold,-,2007-08 Boston Celtics,Boston Celtics,2007-08,'08
paul-pierce-2007-08-boston-celtics,Paul Pierce,2007-08 Boston Celtics,SF / PF,92,"6'7""",79,235,"6'10""",82,91.0,77.0,73.0,85.0,75.0,59.0,70.0,92,84,81,98,98,92,84,70,98,89,79,90,59,45,82,70,75,70,70,87,98,86,73,98,80,70,50,85,87,69,84,87,64,69,49,Gold,Gold,-,Silver,Gold,-,Silver,-,Gold,-,-,Silver,-,-,-,-,-,-,-,-,-,-,Bronze,Bronze,Gold,-,Bronze,-,Bronze,-,-,Bronze,-,-,-,-,-,-,-,Gold,2007-08 Boston Celtics,Boston Celtics,2007-08,'08
ray-allen-2007-08-boston-celtics,Ray Allen,2007-08 Boston Celtics,SG / SF,88,"6'5""",77,205,"6'8""",80,92.0,66.0,77.0,83.0,69.0,54.0,70.0,85,90,86,98,98,97,79,66,98,85,60,69,49,25,78,79,80,77,71,85,98,82,76,98,66,75,37,85,86,45,84,84,60,58,49,-,HOF,-,-,Gold,-,-,-,Silver,-,-,-,-,-,-,-,-,-,-,-,-,-,-,-,-,-,-,-,-,-,-,-,-,Bronze,-,-,-,-,-,HOF,2007-08 Boston Celtics,Boston Celtics,2007-08,'08
rajon-rondo-2007-08-boston-celtics,Rajon Rondo,2007-08 Boston Celtics,PG,85,"6'1""",73,171,"6'9""",81,67.0,56.0,95.0,83.0,73.0,50.0,40.0,75,61,70,50,70,75,61,30,85,97,50,50,50,25,92,97,97,97,91,95,92,79,91,88,48,85,37,80,84,36,95,92,85,54,46,-,-,-,-,-,-,Silver,-,Gold,-,-,-,-,-,-,-,Gold,Silver,Silver,Gold,Gold,Gold,Silver,Silver,Gold,Gold,Gold,-,Gold,Silver,-,Gold,-,Gold,-,-,-,-,-,-,2007-08 Boston Celtics,Boston Celtics,2007-08,'08
kendrick-perkins-2007-08-boston-celtics,Kendrick Perkins,2007-08 Boston Celtics,C,76,"6'10""",82,280,"7'2""",86,59.0,68.0,40.0,66.0,68.0,77.0,60.0,89,62,44,60,75,25,67,45,85,60,72,59,74,85,41,35,54,33,35,32,83,79,49,73,95,52,84,70,80,84,66,37,57,79,74,-,-,-,-,-,-,-,-,-,-,-,-,Gold,-,-,-,-,-,-,-,-,-,-,-,-,-,-,-,-,-,-,-,-,-,Bronze,Gold,-,Gold,-,-,2007-08 Boston Celtics,Boston Celtics,2007-08,'08
james-posey-2007-08-boston-celtics,James Posey,2007-08 Boston Celtics,SF / PF,76,"6'8""",80,216,"7'0""",84,73.0,56.0,62.0,77.0,73.0,52.0,60.0,75,81,78,45,78,83,40,65,80,74,48,55,47,40,73,62,61,48,66,85,70,77,72,85,70,80,57,80,78,68,78,81,67,46,57,-,-,-,-,-,-,-,-,-,-,-,-,-,-,-,-,-,-,-,-,-,-,-,-,-,-,-,-,-,-,-,-,-,-,-,-,-,-,-,-,2007-08 Boston Celtics,Boston Celtics,2007-08,'08
tony-allen-2007-08-boston-celtics,Tony Allen,2007-08 Boston Celtics,SG,75,"6'4""",76,213,"6'9""",81,64.0,59.0,59.0,79.0,73.0,46.0,60.0,78,76,72,30,55,70,72,78,85,75,52,35,42,35,70,58,59,50,58,94,80,73,82,80,68,78,52,80,79,64,78,85,73,52,40,-,-,-,-,-,-,-,-,-,-,-,-,-,-,-,-,-,-,-,-,-,-,-,-,-,Bronze,Bronze,-,Gold,-,Gold,Gold,-,Bronze,-,-,-,-,-,-,2007-08 Boston Celtics,Boston Celtics,2007-08,'08
pj-brown-2007-08-boston-celtics,P.J. Brown,2007-08 Boston Celtics,C,75,"7'1""",85,240,"7'2""",86,58.0,59.0,39.0,60.0,69.0,82.0,60.0,70,69,75,35,75,26,50,50,58,69,66,52,65,65,35,40,64,31,25,37,75,76,32,75,70,54,75,75,82,83,75,37,58,80,84,-,-,-,-,-,Silver,-,-,-,-,-,-,-,-,-,-,-,-,-,-,-,-,-,-,-,Bronze,-,-,-,-,-,-,Gold,-,Bronze,Gold,-,Gold,-,-,2007-08 Boston Celtics,Boston Celtics,2007-08,'08
sam-cassell-2007-08-boston-celtics,Sam Cassell,2007-08 Boston Celtics,PG / SG,75,"6'3""",75,185,"6'6""",78,76.0,46.0,79.0,72.0,58.0,43.0,70.0,82,88,79,50,79,76,65,30,73,77,29,39,27,25,80,84,83,76,74,83,70,85,74,88,40,65,35,50,76,54,59,72,61,52,33,-,-,-,-,-,-,-,-,-,-,-,-,-,-,-,-,-,-,-,-,-,-,-,-,Silver,-,-,-,-,-,-,-,-,-,-,-,-,-,-,-,2007-08 Boston Celtics,Boston Celtics,2007-08,'08
glen-davis-2007-08-boston-celtics,Glen Davis,2007-08 Boston Celtics,C,75,"6'9""",81,289,"7'0""",84,66.0,69.0,43.0,65.0,65.0,72.0,80.0,79,66,82,40,70,58,75,44,84,64,80,79,69,60,42,31,62,29,50,45,82,76,50,75,88,41,56,60,75,80,58,64,63,60,84,-,-,-,-,-,Silver,-,-,-,-,-,-,-,-,-,-,-,-,-,-,-,-,-,-,-,-,-,-,-,-,-,-,-,-,-,-,-,Silver,-,-,2007-08 Boston Celtics,Boston Celtics,2007-08,'08
leon-powe-2007-08-boston-celtics,Leon Powe,2007-08 Boston Celtics,C / PF,75,"6'8""",80,240,"7'0""",84,61.0,68.0,34.0,70.0,60.0,81.0,55.0,87,70,55,65,65,25,87,60,90,51,62,52,50,90,35,25,58,28,25,30,96,70,66,80,90,60,56,60,82,72,60,30,58,71,91,-,-,-,-,-,Silver,-,-,-,-,-,-,-,-,-,Gold,-,-,-,-,-,-,-,-,-,Gold,-,-,-,-,-,-,-,-,-,Gold,Gold,Gold,-,-,2007-08 Boston Celtics,Boston Celtics,2007-08,'08
eddie-house-2007-08-boston-celtics,Eddie House,2007-08 Boston Celtics,PG,74,"6'1""",73,175,"6'4""",76,80.0,52.0,69.0,70.0,50.0,42.0,70.0,74,86,80,75,80,84,60,53,92,72,27,45,40,25,69,68,68,64,78,65,63,79,78,84,54,69,27,45,62,26,60,62,70,49,34,-,Silver,-,Silver,Bronze,-,-,-,-,-,-,-,-,-,-,-,-,-,-,-,-,-,-,-,-,-,-,-,-,-,-,-,-,-,-,-,-,-,-,Silver,2007-08 Boston Celtics,Boston Celtics,2007-08,'08
brian-scalabrine-2007-08-boston-celtics,Brian Scalabrine,2007-08 Boston Celtics,PF / SF,74,"6'9""",81,241,"6'10""",82,83.0,50.0,48.0,59.0,45.0,54.0,90.0,77,78,84,70,98,89,44,38,82,48,56,62,45,25,35,53,84,42,25,39,45,83,45,85,59,55,52,35,44,42,45,39,57,56,52,-,Silver,-,Gold,-,-,-,-,-,-,-,-,-,-,-,-,-,-,-,-,-,-,-,-,-,-,-,-,-,-,-,-,-,-,-,-,-,-,-,-,2007-08 Boston Celtics,Boston Celtics,2007-08,'08
scot-pollard-2007-08-boston-celtics,Scot Pollard,2007-08 Boston Celtics,C,71,"6'11""",83,275,"7'3""",87,58.0,61.0,41.0,59.0,62.0,87.0,60.0,70,69,79,35,68,25,77,45,66,51,64,53,70,65,35,46,46,52,25,37,87,65,44,80,62,35,60,45,74,74,72,37,69,84,90,-,-,-,-,-,Bronze,-,-,-,-,-,-,-,-,-,-,-,-,-,-,-,-,-,-,-,Gold,-,-,-,-,-,-,-,-,-,Silver,Gold,-,-,-,2007-08 Boston Celtics,Boston Celtics,2007-08,'08
larry-bird-1985-86-boston-celtics,Larry Bird,1985-86 Boston Celtics,SF / PF,98,"6'9""",81,220,"7'1""",85,96.0,74.0,81.0,79.0,84.0,69.0,70.0,96,89,96,98,99,96,76,45,98,72,96,94,70,40,79,94,95,73,64,88,98,91,67,97,65,50,47,99,97,85,98,88,75,77,61,HOF,HOF,-,HOF,Gold,-,Gold,-,Gold,-,Bronze,Gold,-,Gold,-,-,-,Silver,Gold,Silver,-,-,Silver,Silver,Gold,Silver,Silver,-,Bronze,Silver,Bronze,Bronze,-,Bronze,Bronze,-,-,Bronze,-,Gold,1985-86 Boston Celtics,Boston Celtics,1985-86,'86
kevin-mchale-1985-86-boston-celtics,Kevin McHale,1985-86 Boston Celtics,PF / C,91,"6'10""",82,210,"7'11""",95,79.0,83.0,61.0,71.0,80.0,93.0,98.0,92,77,65,95,98,45,84,55,98,70,98,92,94,70,45,68,75,69,49,38,98,85,59,98,82,40,71,98,98,98,95,44,55,93,92,-,-,-,Gold,-,Gold,-,Silver,-,Gold,Silver,Gold,Gold,Gold,-,-,-,-,-,-,-,-,-,-,-,Gold,-,Gold,-,-,-,-,Gold,-,Gold,Gold,Gold,Gold,-,-,1985-86 Boston Celtics,Boston Celtics,1985-86,'86
robert-parish-1985-86-boston-celtics,Robert Parish,1985-86 Boston Celtics,C / PF,85,"7'0""",84,230,"7'4""",88,67.0,77.0,48.0,71.0,75.0,89.0,70.0,73,73,55,95,80,25,72,45,98,50,93,93,78,85,45,50,54,34,59,26,98,85,69,98,85,35,65,95,94,92,80,41,59,89,89,-,-,-,-,-,Gold,-,-,-,Gold,-,Gold,Gold,Gold,-,Gold,-,-,-,-,-,-,-,-,-,Gold,-,Gold,-,-,-,-,Silver,-,Gold,HOF,Bronze,Gold,-,-,1985-86 Boston Celtics,Boston Celtics,1985-86,'86
dennis-johnson-1985-86-boston-celtics,Dennis Johnson,1985-86 Boston Celtics,PG / SG,84,"6'4""",76,185,"6'7""",79,75.0,56.0,80.0,83.0,74.0,42.0,75.0,82,81,72,80,75,60,69,25,80,84,65,60,40,25,86,80,80,71,82,97,87,85,82,91,67,75,42,85,88,66,74,96,64,43,40,-,-,-,-,-,-,-,-,Silver,-,-,-,-,-,-,-,Bronze,-,-,-,-,Gold,Gold,Gold,Gold,Gold,Gold,-,Gold,Gold,Gold,Gold,-,Gold,-,-,-,-,-,-,1985-86 Boston Celtics,Boston Celtics,1985-86,'86
bill-walton-1985-86-boston-celtics,Bill Walton,1985-86 Boston Celtics,C / PF,81,"6'11""",83,210,"7'3""",87,62.0,72.0,56.0,57.0,73.0,87.0,95.0,63,71,55,85,70,26,72,40,90,32,85,88,88,81,43,64,68,52,51,27,79,71,52,70,70,33,84,85,88,84,84,27,59,89,84,-,-,-,-,-,Silver,-,-,-,Gold,-,Gold,Gold,Gold,-,Gold,-,-,-,-,-,-,-,-,Gold,Silver,-,-,-,-,-,-,Gold,-,Silver,Gold,-,Gold,-,-,1985-86 Boston Celtics,Boston Celtics,1985-86,'86
danny-ainge-1985-86-boston-celtics,Danny Ainge,1985-86 Boston Celtics,SG / PG,78,"6'4""",76,175,"6'7""",79,82.0,54.0,77.0,73.0,57.0,49.0,80.0,75,90,81,80,85,83,77,42,85,75,25,51,48,25,76,82,88,79,60,64,98,86,64,98,47,55,30,60,74,43,64,64,64,49,49,-,Gold,-,-,-,-,-,-,-,-,-,-,-,-,-,-,-,-,-,-,-,-,-,-,-,-,-,-,-,-,-,-,-,-,-,-,-,-,-,Gold,1985-86 Boston Celtics,Boston Celtics,1985-86,'86
scott-wedman-1985-86-boston-celtics,Scott Wedman,1985-86 Boston Celtics,SF / SG,76,"6'7""",79,215,"6'10""",82,79.0,50.0,47.0,73.0,70.0,50.0,75.0,85,66,89,80,75,77,48,50,78,57,44,48,29,47,61,44,48,35,47,85,83,88,53,82,67,52,47,80,82,55,84,83,60,48,52,-,-,-,-,-,-,-,-,-,-,-,-,-,-,-,-,-,-,-,-,-,-,-,-,-,Silver,-,-,Bronze,-,-,Bronze,-,-,-,-,-,-,-,-,1985-86 Boston Celtics,Boston Celtics,1985-86,'86
jerry-sichting-1985-86-boston-celtics,Jerry Sichting,1985-86 Boston Celtics,PG / SG,75,"6'1""",73,168,"6'4""",76,81.0,40.0,79.0,75.0,60.0,36.0,68.0,79,92,80,80,85,68,55,25,75,60,25,29,25,25,76,80,82,79,79,81,90,83,79,85,30,75,25,75,78,25,75,79,61,37,35,-,-,-,-,-,-,-,-,-,-,-,-,-,-,-,-,-,-,-,-,-,-,-,-,-,-,-,-,-,-,-,-,-,-,-,-,-,-,-,-,1985-86 Boston Celtics,Boston Celtics,1985-86,'86
sam-vincent-1985-86-boston-celtics,Sam Vincent,1985-86 Boston Celtics,PG / SG,69,"6'2""",74,185,"6'5""",77,65.0,46.0,77.0,71.0,48.0,44.0,68.0,70,92,65,60,54,51,76,25,79,82,25,29,25,25,79,76,80,70,79,68,79,77,77,87,30,82,37,50,55,25,54,48,64,47,40,-,-,-,-,-,-,-,-,-,-,-,-,-,-,-,-,-,-,-,-,-,-,-,-,-,-,-,-,-,-,-,-,-,-,-,-,-,-,-,-,1985-86 Boston Celtics,Boston Celtics,1985-86,'86
greg-kite-1985-86-boston-celtics,Greg Kite,1985-86 Boston Celtics,C,68,"6'11""",83,250,"7'3""",87,49.0,60.0,32.0,60.0,49.0,77.0,70.0,74,48,27,40,75,27,38,58,58,66,65,60,65,73,38,28,25,29,38,33,58,80,52,75,72,47,52,40,66,66,57,33,28,73,81,-,-,-,-,-,-,-,-,-,-,-,-,-,-,-,-,-,-,-,-,-,-,-,-,-,-,-,-,-,-,-,-,-,-,-,-,-,-,-,-,1985-86 Boston Celtics,Boston Celtics,1985-86,'86
chris-paul-2013-14-los-angeles-clippers,Chris Paul,2013-14 Los Angeles Clippers,PG,92,"6'0""",72,175,"6'4""",76,88.0,57.0,92.0,82.0,78.0,50.0,80.0,95,86,86,95,85,82,71,27,95,92,48,55,40,25,94,95,95,93,84,95,85,77,84,95,58,78,32,90,82,65,96,93,85,63,37,Silver,Bronze,Gold,Silver,Silver,-,Gold,-,Gold,-,-,-,-,-,-,-,Gold,Gold,Bronze,Gold,Gold,Silver,Silver,Silver,Gold,Silver,Gold,-,Gold,Gold,Bronze,Gold,-,Gold,-,-,-,-,-,-,2013-14 Los Angeles Clippers,Los Angeles Clippers,2013-14,'14
blake-griffin-2013-14-los-angeles-clippers,Blake Griffin,2013-14 Los Angeles Clippers,PF / C,90,"6'10""",82,251,"6'11""",83,82.0,87.0,74.0,84.0,63.0,85.0,60.0,96,72,75,98,80,68,83,98,91,78,92,79,79,99,75,72,74,72,75,50,95,88,79,95,94,90,47,65,72,79,70,50,61,88,82,-,-,-,Gold,-,HOF,-,-,Gold,-,HOF,Gold,Silver,Gold,HOF,Gold,Bronze,-,Silver,-,-,-,-,-,-,-,-,-,-,-,-,-,-,-,-,Silver,-,Gold,-,-,2013-14 Los Angeles Clippers,Los Angeles Clippers,2013-14,'14
deandre-jordan-2013-14-los-angeles-clippers,DeAndre Jordan,2013-14 Los Angeles Clippers,C,87,"6'11""",83,265,"7'6""",90,54.0,71.0,36.0,81.0,77.0,96.0,80.0,94,43,25,40,94,25,79,96,92,57,61,40,48,97,30,25,66,31,27,55,90,94,66,91,94,77,81,95,96,94,60,55,58,97,95,-,-,-,-,-,Gold,-,-,-,-,-,-,-,-,-,HOF,-,-,-,-,-,-,-,-,-,Gold,-,Gold,-,-,-,-,Gold,-,Gold,Gold,Gold,Gold,Gold,-,2013-14 Los Angeles Clippers,Los Angeles Clippers,2013-14,'14
jj-redick-2013-14-los-angeles-clippers,JJ Redick,2013-14 Los Angeles Clippers,SG,82,"6'4""",76,190,"6'3""",75,90.0,53.0,71.0,73.0,64.0,44.0,50.0,89,92,87,95,80,94,79,25,98,78,25,50,40,25,70,75,85,80,44,75,98,81,62,98,35,63,37,75,75,35,76,79,69,44,44,-,Gold,Silver,Gold,Gold,-,-,-,-,-,-,-,-,-,-,-,-,-,-,-,-,-,-,-,Bronze,-,-,-,-,-,-,-,-,-,-,-,-,-,-,Gold,2013-14 Los Angeles Clippers,Los Angeles Clippers,2013-14,'14
jamal-crawford-2013-14-los-angeles-clippers,Jamal Crawford,2013-14 Los Angeles Clippers,SG / SF,81,"6'5""",77,200,"6'10""",82,88.0,55.0,75.0,66.0,54.0,34.0,98.0,93,87,93,85,88,80,68,50,78,84,50,57,25,25,97,75,64,60,79,68,51,77,71,82,40,75,37,45,60,43,68,61,61,39,29,-,-,Bronze,-,-,-,Bronze,-,Silver,-,-,-,-,-,-,-,Gold,Bronze,-,-,Gold,Bronze,Silver,Silver,-,-,-,-,-,-,-,-,-,-,-,-,-,-,-,-,2013-14 Los Angeles Clippers,Los Angeles Clippers,2013-14,'14
darren-collison-2013-14-los-angeles-clippers,Darren Collison,2013-14 Los Angeles Clippers,PG,78,"6'0""",72,175,"6'3""",75,77.0,49.0,82.0,77.0,59.0,42.0,65.0,57,83,88,65,85,84,50,45,86,82,32,45,25,25,86,80,80,74,88,80,80,84,88,85,49,72,35,55,70,34,65,80,76,49,34,-,-,-,Silver,Silver,-,-,-,-,-,-,-,-,-,-,-,-,Bronze,-,Bronze,-,Gold,-,-,Bronze,-,-,-,-,-,-,-,-,-,-,-,-,-,-,-,2013-14 Los Angeles Clippers,Los Angeles Clippers,2013-14,'14
matt-barnes-2013-14-los-angeles-clippers,Matt Barnes,2013-14 Los Angeles Clippers,SF / PF,76,"6'7""",79,226,"6'9""",81,63.0,57.0,59.0,81.0,68.0,62.0,98.0,87,73,52,30,60,77,45,68,81,72,42,52,52,40,60,62,56,61,58,81,85,77,74,94,69,85,52,70,75,74,68,80,60,76,47,-,-,-,-,-,-,-,-,-,-,-,-,-,-,-,-,-,-,-,-,-,-,-,-,Bronze,-,-,-,-,-,-,-,-,-,-,-,-,-,-,-,2013-14 Los Angeles Clippers,Los Angeles Clippers,2013-14,'14
jared-dudley-2013-14-los-angeles-clippers,Jared Dudley,2013-14 Los Angeles Clippers,PF,76,"6'7""",79,237,"6'7""",79,79.0,53.0,50.0,70.0,63.0,56.0,98.0,80,66,97,65,84,80,44,35,88,70,58,52,35,40,63,55,58,38,36,64,74,86,48,84,69,65,51,65,79,70,72,64,42,65,47,-,-,-,-,-,-,-,-,-,-,-,-,-,-,-,-,-,-,-,-,-,-,-,-,-,Bronze,-,-,Bronze,-,Bronze,Bronze,-,-,-,-,-,-,-,-,2013-14 Los Angeles Clippers,Los Angeles Clippers,2013-14,'14
ryan-hollins-2013-14-los-angeles-clippers,Ryan Hollins,2013-14 Los Angeles Clippers,C,75,"7'0""",84,245,"7'2""",86,60.0,67.0,46.0,72.0,63.0,77.0,40.0,89,63,74,30,70,33,71,85,65,62,66,39,61,90,35,25,74,28,66,42,75,82,68,71,78,87,80,45,82,83,51,42,55,70,84,-,-,-,-,-,Bronze,-,-,-,-,-,-,-,-,-,-,-,-,-,-,-,-,-,-,-,-,-,-,-,-,-,-,-,-,-,Gold,Gold,Gold,-,-,2013-14 Los Angeles Clippers,Los Angeles Clippers,2013-14,'14
danny-granger-2013-14-los-angeles-clippers,Danny Granger,2013-14 Los Angeles Clippers,SF / PF,75,"6'9""",81,228,"7'2""",86,76.0,56.0,64.0,74.0,53.0,58.0,70.0,50,84,86,65,90,79,50,50,80,70,57,54,44,40,70,64,64,62,62,76,86,75,68,85,65,60,50,45,63,45,50,66,52,70,45,-,-,-,-,-,-,-,-,-,-,-,-,-,-,-,-,-,-,-,-,-,-,-,-,-,-,-,-,-,-,-,-,-,-,-,-,-,-,-,-,2013-14 Los Angeles Clippers,Los Angeles Clippers,2013-14,'14
hedo-turkoglu-2013-14-los-angeles-clippers,Hedo Turkoglu,2013-14 Los Angeles Clippers,SF / PF,75,"6'10""",82,220,"6'11""",83,67.0,71.0,60.0,64.0,48.0,47.0,80.0,54,50,70,40,98,88,65,70,85,81,60,68,60,80,57,64,62,65,52,52,80,82,57,70,70,40,42,40,58,52,42,60,45,48,45,Bronze,-,-,Gold,Gold,-,-,-,-,-,-,-,-,-,-,-,-,-,-,Gold,-,-,-,-,-,-,-,-,-,-,-,-,-,-,-,-,-,-,-,-,2013-14 Los Angeles Clippers,Los Angeles Clippers,2013-14,'14
glen-davis-2013-14-los-angeles-clippers,Glen Davis,2013-14 Los Angeles Clippers,PF,73,"6'9""",81,289,"7'0""",84,64.0,67.0,43.0,66.0,58.0,66.0,70.0,83,63,75,60,75,25,67,44,85,64,74,72,69,60,42,31,62,32,50,44,82,76,50,75,92,41,58,55,75,55,58,35,71,69,62,-,-,-,-,-,-,-,-,-,-,-,-,-,-,-,-,-,-,-,-,-,-,-,-,-,-,-,-,-,-,-,-,-,-,-,Silver,-,Gold,-,-,2013-14 Los Angeles Clippers,Los Angeles Clippers,2013-14,'14
reggie-bullock-2013-14-los-angeles-clippers,Reggie Bullock,2013-14 Los Angeles Clippers,SG / SF,70,"6'7""",79,205,"6'9""",81,73.0,52.0,62.0,68.0,48.0,39.0,85.0,69,76,54,70,90,80,50,50,80,71,42,51,30,40,71,75,72,40,51,60,70,80,64,80,50,72,37,40,63,50,50,56,37,47,31,-,-,-,-,-,-,-,-,-,-,-,-,-,-,-,-,-,-,-,-,-,-,-,-,-,-,-,-,-,-,-,-,-,-,-,-,-,-,-,-,2013-14 Los Angeles Clippers,Los Angeles Clippers,2013-14,'14
pau-gasol-2005-06-memphis-grizzlies,Pau Gasol,2005-06 Memphis Grizzlies,C / PF,90,"7'0""",84,250,"7'4""",88,83.0,86.0,57.0,70.0,72.0,86.0,75.0,88,69,84,98,97,60,85,65,95,80,95,92,93,85,48,58,82,71,25,36,95,78,57,95,85,41,74,85,89,91,70,36,62,88,84,-,-,-,Bronze,-,Silver,Gold,Silver,-,Gold,-,Gold,Gold,Gold,-,Gold,-,-,Gold,Bronze,-,-,-,-,-,-,-,-,-,-,-,-,Silver,-,Bronze,Gold,Gold,Gold,-,-,2005-06 Memphis Grizzlies,Memphis Grizzlies,2005-06,'06
shane-battier-2005-06-memphis-grizzlies,Shane Battier,2005-06 Memphis Grizzlies,SF / PF,82,"6'8""",80,220,"6'11""",83,74.0,58.0,69.0,80.0,80.0,57.0,50.0,86,71,86,35,77,86,52,70,85,72,52,53,42,35,76,65,72,60,72,91,75,77,78,90,74,74,57,85,84,70,92,86,84,56,57,-,-,-,-,-,-,-,-,-,-,-,-,-,-,-,-,-,-,-,-,-,-,-,-,-,Gold,Gold,-,Gold,Gold,Gold,Gold,-,Silver,-,-,-,-,-,-,2005-06 Memphis Grizzlies,Memphis Grizzlies,2005-06,'06
mike-miller-2005-06-memphis-grizzlies,Mike Miller,2005-06 Memphis Grizzlies,SG,80,"6'8""",80,218,"6'11""",83,84.0,59.0,74.0,79.0,56.0,54.0,85.0,72,80,84,85,94,88,84,45,94,84,43,58,36,25,77,70,78,69,77,72,85,82,78,90,65,78,35,60,58,50,45,72,69,70,37,-,Silver,-,-,-,-,-,-,-,-,-,-,-,-,-,-,-,-,-,-,-,-,-,-,-,-,-,-,-,-,-,-,-,-,-,-,-,-,-,-,2005-06 Memphis Grizzlies,Memphis Grizzlies,2005-06,'06
eddie-jones-2005-06-memphis-grizzlies,Eddie Jones,2005-06 Memphis Grizzlies,SG / PF,79,"6'6""",78,190,"6'9""",81,76.0,65.0,70.0,79.0,73.0,43.0,98.0,74,78,76,60,84,81,61,85,85,80,55,75,29,50,88,68,69,52,72,82,86,88,69,90,60,78,52,80,80,60,75,82,81,45,41,-,Bronze,-,-,-,-,-,-,-,-,-,-,-,-,-,-,Bronze,Silver,-,-,-,-,-,-,-,Bronze,-,-,-,Silver,-,-,-,-,-,-,-,-,-,Gold,2005-06 Memphis Grizzlies,Memphis Grizzlies,2005-06,'06
damon-stoudamire-2005-06-memphis-grizzlies,Damon Stoudamire,2005-06 Memphis Grizzlies,PG,76,"5'10""",70,171,"6'1""",73,75.0,45.0,80.0,73.0,46.0,44.0,95.0,60,86,86,65,76,78,72,25,70,79,25,40,25,25,82,82,80,74,81,74,71,72,81,84,51,78,25,40,63,27,47,58,63,46,41,-,-,-,-,-,-,-,-,-,-,-,-,-,-,-,-,-,-,-,-,-,-,Silver,Silver,Silver,-,-,-,-,-,-,-,-,-,-,-,-,-,-,-,2005-06 Memphis Grizzlies,Memphis Grizzlies,2005-06,'06
chucky-atkins-2005-06-memphis-grizzlies,Chucky Atkins,2005-06 Memphis Grizzlies,PG,75,"5'11""",71,160,"6'3""",75,79.0,48.0,76.0,75.0,45.0,38.0,88.0,64,81,81,70,98,80,47,48,95,74,25,43,26,25,72,74,74,71,88,74,80,84,88,84,37,77,30,45,55,36,49,59,38,41,34,-,-,Bronze,Bronze,-,-,-,-,-,-,-,-,-,-,-,-,-,-,-,-,-,Bronze,-,-,Silver,-,-,-,-,-,-,-,-,-,-,-,-,-,-,-,2005-06 Memphis Grizzlies,Memphis Grizzlies,2005-06,'06
lorenzen-wright-2005-06-memphis-grizzlies,Lorenzen Wright,2005-06 Memphis Grizzlies,C,75,"6'11""",83,255,"7'3""",87,58.0,66.0,39.0,72.0,61.0,77.0,60.0,73,65,72,40,70,25,54,70,70,71,64,58,70,70,48,34,35,34,44,51,75,83,58,85,80,75,75,70,75,78,44,47,40,79,74,-,-,-,-,-,Bronze,-,-,-,Bronze,-,-,-,-,-,Silver,-,-,-,-,-,-,-,-,-,-,-,Bronze,-,-,-,-,-,-,Bronze,Gold,Bronze,Bronze,Silver,-,2005-06 Memphis Grizzlies,Memphis Grizzlies,2005-06,'06
bobby-jackson-2005-06-memphis-grizzlies,Bobby Jackson,2005-06 Memphis Grizzlies,PG,74,"6'1""",73,185,"6'4""",76,73.0,44.0,82.0,73.0,48.0,47.0,70.0,70,73,70,65,77,84,56,25,72,80,28,40,27,25,84,84,85,70,88,73,63,81,88,85,43,77,32,40,60,25,51,62,63,56,38,-,-,-,Silver,-,-,-,-,-,-,-,-,-,-,-,-,-,-,-,-,Silver,Silver,-,-,-,-,-,-,-,-,-,-,-,-,-,-,-,-,-,-,2005-06 Memphis Grizzlies,Memphis Grizzlies,2005-06,'06
hakim-warrick-2005-06-memphis-grizzlies,Hakim Warrick,2005-06 Memphis Grizzlies,PF / C,74,"6'9""",81,219,"7'2""",86,64.0,67.0,47.0,74.0,56.0,68.0,70.0,74,66,62,45,98,37,44,80,80,68,59,60,58,85,40,49,47,44,57,48,85,84,76,80,60,86,60,45,60,64,65,48,48,70,66,-,-,-,-,-,Bronze,-,-,-,-,-,-,-,-,Gold,-,-,-,-,-,-,-,-,-,-,-,-,-,-,-,-,-,-,-,-,-,-,-,-,-,2005-06 Memphis Grizzlies,Memphis Grizzlies,2005-06,'06
brian-cardinal-2005-06-memphis-grizzlies,Brian Cardinal,2005-06 Memphis Grizzlies,PF,72,"6'10""",82,230,"7'2""",86,76.0,57.0,38.0,56.0,50.0,60.0,98.0,67,70,70,65,98,88,50,45,95,57,55,56,52,45,44,35,35,44,31,36,62,81,31,77,52,55,55,30,68,55,55,36,48,58,62,-,Bronze,-,-,-,-,-,-,-,-,-,-,-,-,-,-,-,-,-,-,-,-,-,-,-,-,-,-,-,-,-,-,-,-,-,-,-,-,-,-,2005-06 Memphis Grizzlies,Memphis Grizzlies,2005-06,'06
dahntay-jones-2005-06-memphis-grizzlies,Dahntay Jones,2005-06 Memphis Grizzlies,SF,72,"6'6""",78,225,"6'9""",81,71.0,53.0,52.0,73.0,53.0,39.0,80.0,62,81,73,35,98,75,67,50,72,64,35,40,45,50,65,60,51,35,50,70,85,70,73,80,60,70,25,40,70,48,48,78,59,47,30,-,-,-,-,-,-,-,-,-,-,-,-,-,-,-,-,-,-,-,-,-,-,-,-,-,-,-,-,-,-,-,-,-,-,-,-,-,-,-,-,2005-06 Memphis Grizzlies,Memphis Grizzlies,2005-06,'06
antonio-burks-2005-06-memphis-grizzlies,Antonio Burks,2005-06 Memphis Grizzlies,PG,71,"6'1""",73,200,"6'7""",79,69.0,45.0,73.0,68.0,51.0,38.0,85.0,73,67,78,50,85,63,57,25,75,73,43,30,30,25,73,73,73,67,79,72,75,83,79,72,46,50,47,40,54,45,44,66,63,38,37,-,-,-,-,-,-,-,-,-,-,-,-,-,-,-,-,-,Silver,-,-,-,Bronze,-,-,Bronze,-,-,-,-,-,-,-,-,-,-,-,-,-,-,-,2005-06 Memphis Grizzlies,Memphis Grizzlies,2005-06,'06
anthony-roberson-2005-06-memphis-grizzlies,Anthony Roberson,2005-06 Memphis Grizzlies,PG,71,"6'2""",74,180,"6'3""",75,73.0,49.0,70.0,70.0,46.0,40.0,75.0,66,80,79,60,75,77,56,30,85,70,49,39,37,25,76,73,73,50,80,74,65,80,80,84,39,67,37,50,50,34,51,59,43,48,31,-,-,-,Bronze,-,-,Bronze,-,-,-,-,-,-,-,-,-,-,-,-,-,-,Bronze,-,-,-,-,-,-,-,-,-,-,-,-,-,-,-,-,-,-,2005-06 Memphis Grizzlies,Memphis Grizzlies,2005-06,'06
marc-gasol-2012-13-memphis-grizzlies,Marc Gasol,2012-13 Memphis Grizzlies,C,88,"7'1""",85,255,"7'4""",88,82.0,80.0,55.0,69.0,79.0,74.0,70.0,95,85,94,90,98,32,70,58,94,71,81,85,93,85,44,60,74,72,26,54,84,79,40,97,92,38,77,95,94,95,74,54,61,82,66,-,-,-,-,-,Gold,-,Silver,-,-,-,Gold,Gold,Gold,-,Gold,-,-,Gold,-,-,-,-,-,-,HOF,Bronze,-,-,-,-,-,Gold,-,HOF,Gold,Gold,Gold,-,-,2012-13 Memphis Grizzlies,Memphis Grizzlies,2012-13,'13
mike-conley-2012-13-memphis-grizzlies,Mike Conley,2012-13 Memphis Grizzlies,PG,86,"6'1""",73,175,"6'6""",78,82.0,48.0,83.0,82.0,67.0,42.0,90.0,72,83,90,65,93,86,63,30,84,85,29,40,25,25,86,80,85,77,86,90,85,82,87,95,40,95,45,80,80,31,80,87,67,52,32,-,-,Silver,Bronze,Silver,-,Gold,-,Gold,-,-,-,-,-,-,-,Gold,Silver,-,Silver,Silver,Gold,Bronze,Bronze,Gold,Bronze,Bronze,-,Bronze,-,Bronze,Bronze,-,Silver,-,-,-,-,-,-,2012-13 Memphis Grizzlies,Memphis Grizzlies,2012-13,'13
zach-randolph-2012-13-memphis-grizzlies,Zach Randolph,2012-13 Memphis Grizzlies,PF / C,85,"6'9""",81,260,"7'0""",84,81.0,77.0,57.0,72.0,69.0,94.0,40.0,93,75,80,95,98,44,84,40,98,62,95,88,85,60,49,72,70,70,25,49,98,77,39,98,88,54,49,85,84,85,82,42,58,95,92,-,-,-,Gold,-,Gold,-,-,-,Gold,Gold,Gold,Gold,Gold,-,-,-,-,-,-,-,-,-,-,-,-,-,-,-,-,-,-,-,-,Silver,Gold,Gold,Gold,-,-,2012-13 Memphis Grizzlies,Memphis Grizzlies,2012-13,'13
tony-allen-2012-13-memphis-grizzlies,Tony Allen,2012-13 Memphis Grizzlies,SG,78,"6'4""",76,213,"6'9""",81,64.0,59.0,59.0,79.0,78.0,46.0,30.0,78,76,72,30,55,70,72,78,85,75,52,35,42,35,70,58,59,50,58,94,80,73,82,80,68,78,52,95,85,64,84,94,73,52,40,-,-,-,-,-,-,-,-,-,-,-,-,-,-,-,-,-,-,-,-,-,-,-,-,-,Gold,Silver,-,Gold,Bronze,Gold,Gold,-,Gold,-,-,-,-,-,-,2012-13 Memphis Grizzlies,Memphis Grizzlies,2012-13,'13
ed-davis-2012-13-memphis-grizzlies,Ed Davis,2012-13 Memphis Grizzlies,C / PF,77,"6'9""",81,240,"7'0""",84,57.0,69.0,40.0,74.0,63.0,88.0,70.0,84,57,68,45,63,25,73,69,80,60,60,57,74,75,45,32,60,29,32,46,90,81,69,80,78,75,62,70,74,74,55,46,57,88,88,-,-,-,-,-,Silver,-,-,-,-,-,-,-,-,-,-,-,-,-,-,-,-,-,-,-,-,-,-,-,-,-,-,-,-,-,Gold,Gold,Bronze,-,-,2012-13 Memphis Grizzlies,Memphis Grizzlies,2012-13,'13
quincy-pondexter-2012-13-memphis-grizzlies,Quincy Pondexter,2012-13 Memphis Grizzlies,SF / SG,75,"6'7""",79,220,"6'11""",83,77.0,57.0,48.0,67.0,70.0,44.0,65.0,88,79,75,50,85,85,44,65,79,74,51,55,44,40,64,39,58,34,47,86,35,78,67,80,49,72,72,70,78,58,74,83,58,47,41,-,-,-,-,-,-,-,-,-,-,-,-,-,-,-,-,-,-,-,-,-,-,-,-,-,-,-,-,-,-,-,-,-,-,-,-,-,-,-,-,2012-13 Memphis Grizzlies,Memphis Grizzlies,2012-13,'13
keyon-dooling-2012-13-memphis-grizzlies,Keyon Dooling,2012-13 Memphis Grizzlies,PG,72,"6'3""",75,196,"6'7""",79,76.0,50.0,73.0,70.0,54.0,42.0,65.0,75,86,77,70,70,79,69,30,75,79,43,45,30,30,79,74,75,73,65,70,75,82,70,85,46,65,30,60,70,45,67,60,47,45,38,-,-,-,-,-,-,-,-,-,-,-,-,-,-,-,-,-,-,-,-,-,-,-,-,-,-,-,-,-,-,-,-,-,-,-,-,-,-,-,Silver,2012-13 Memphis Grizzlies,Memphis Grizzlies,2012-13,'13
tony-wroten-2012-13-memphis-grizzlies,Tony Wroten,2012-13 Memphis Grizzlies,SG,70,"6'6""",78,205,"6'9""",81,73.0,57.0,74.0,75.0,53.0,45.0,40.0,75,72,69,70,84,70,72,80,85,77,39,38,35,30,80,75,75,62,77,69,75,78,78,85,59,78,55,45,46,46,48,69,61,50,40,-,-,-,-,-,-,-,-,-,-,-,-,-,-,-,-,-,-,-,-,-,-,-,-,-,-,-,-,-,-,-,-,-,-,-,-,-,-,-,-,2012-13 Memphis Grizzlies,Memphis Grizzlies,2012-13,'13
dominique-wilkins-1985-86-atlanta-hawks,Dominique Wilkins,1985-86 Atlanta Hawks,SF / SG,90,"6'7""",79,200,"6'10""",82,86.0,82.0,72.0,91.0,76.0,69.0,75.0,91,81,82,98,91,70,86,98,98,96,72,80,33,96,75,60,90,55,79,85,98,94,86,96,79,98,47,95,84,66,85,85,69,69,68,-,-,-,-,-,Gold,Gold,-,Gold,-,Bronze,-,-,-,HOF,-,-,-,-,-,-,-,-,-,-,-,-,Bronze,-,-,-,-,-,-,-,-,-,-,-,-,1985-86 Atlanta Hawks,Atlanta Hawks,1985-86,'86
doc-rivers-1985-86-atlanta-hawks,Doc Rivers,1985-86 Atlanta Hawks,PG / SG,84,"6'4""",76,185,"6'7""",79,70.0,57.0,87.0,80.0,74.0,43.0,98.0,70,60,65,90,80,57,79,60,80,75,58,55,25,25,80,92,93,92,80,86,85,79,84,90,60,75,37,80,82,60,82,84,91,44,42,-,-,-,-,-,-,-,-,-,-,-,-,-,-,-,-,Silver,Bronze,Silver,Gold,-,-,-,-,Gold,-,Gold,-,-,Silver,-,-,-,Silver,-,-,-,-,-,-,1985-86 Atlanta Hawks,Atlanta Hawks,1985-86,'86
kevin-willis-1985-86-atlanta-hawks,Kevin Willis,1985-86 Atlanta Hawks,PF / C,79,"7'0""",84,220,"7'4""",88,65.0,71.0,30.0,66.0,66.0,85.0,98.0,70,65,50,60,95,47,69,48,65,49,84,78,88,90,38,30,28,27,25,38,69,90,36,75,78,75,51,70,80,77,77,49,61,85,84,-,-,-,Silver,-,Silver,-,-,-,-,-,-,-,-,-,Bronze,-,-,-,-,-,-,-,-,-,-,-,-,-,-,-,-,-,-,-,Silver,-,Silver,-,-,1985-86 Atlanta Hawks,Atlanta Hawks,1985-86,'86
tree-rollins-1985-86-atlanta-hawks,Tree Rollins,1985-86 Atlanta Hawks,C / PF,77,"7'1""",85,235,"7'6""",90,55.0,57.0,30.0,60.0,73.0,85.0,95.0,73,76,35,70,48,25,49,42,85,30,69,25,69,86,26,35,31,28,29,27,65,79,52,72,84,38,86,90,90,89,74,27,58,86,84,-,-,-,-,-,-,-,-,-,-,-,-,-,-,-,-,-,-,-,-,-,-,-,-,-,Gold,-,Gold,-,-,-,-,Gold,-,Gold,Silver,-,-,-,-,1985-86 Atlanta Hawks,Atlanta Hawks,1985-86,'86
spud-webb-1985-86-atlanta-hawks,Spud Webb,1985-86 Atlanta Hawks,PG / SG,77,"5'7""",67,133,"5'10""",70,69.0,56.0,86.0,77.0,47.0,41.0,60.0,78,78,76,65,55,60,85,94,70,86,25,36,25,25,82,85,88,85,90,68,84,83,90,92,25,98,30,40,48,25,48,48,87,46,36,-,-,-,-,-,-,-,-,Bronze,-,-,-,-,-,-,-,Silver,Gold,-,-,Gold,Gold,Gold,Gold,Gold,-,-,-,-,-,-,-,-,-,-,-,-,-,-,-,1985-86 Atlanta Hawks,Atlanta Hawks,1985-86,'86
randy-wittman-1985-86-atlanta-hawks,Randy Wittman,1985-86 Atlanta Hawks,SG / SF,77,"6'6""",78,210,"6'9""",81,80.0,52.0,70.0,73.0,64.0,36.0,90.0,84,77,88,80,75,75,79,50,74,75,36,51,25,25,72,74,77,62,66,75,74,81,69,80,65,70,32,75,78,50,74,75,61,36,35,-,-,-,-,-,-,-,-,-,-,-,-,-,-,-,-,-,-,-,-,-,-,-,-,-,-,-,-,-,-,-,-,-,-,-,-,-,-,-,-,1985-86 Atlanta Hawks,Atlanta Hawks,1985-86,'86
jon-koncak-1985-86-atlanta-hawks,Jon Koncak,1985-86 Atlanta Hawks,C / PF,76,"7'0""",84,250,"7'4""",88,64.0,58.0,31.0,58.0,69.0,80.0,90.0,79,60,49,75,74,49,75,44,66,28,75,25,79,70,30,39,34,29,25,30,80,90,25,66,73,41,63,85,86,85,78,30,58,80,79,-,-,-,-,-,-,-,-,-,-,-,-,-,-,-,-,-,-,-,-,-,-,-,-,-,-,-,-,-,-,-,-,-,-,-,Gold,Gold,Gold,-,-,1985-86 Atlanta Hawks,Atlanta Hawks,1985-86,'86
cliff-levingston-1985-86-atlanta-hawks,Cliff Levingston,1985-86 Atlanta Hawks,PF / SF,76,"6'8""",80,210,"6'11""",83,67.0,67.0,37.0,70.0,59.0,78.0,98.0,79,67,67,70,82,38,71,62,60,57,72,69,71,76,46,44,42,30,25,45,88,84,55,84,66,70,51,60,64,72,54,45,64,79,77,-,-,-,-,-,Gold,-,-,-,-,-,-,-,-,-,-,-,-,-,-,-,-,-,-,-,-,-,-,-,-,-,-,-,-,-,-,-,-,-,-,1985-86 Atlanta Hawks,Atlanta Hawks,1985-86,'86
john-battle-1985-86-atlanta-hawks,John Battle,1985-86 Atlanta Hawks,SG,72,"6'2""",74,175,"6'6""",78,69.0,54.0,66.0,75.0,49.0,36.0,85.0,75,73,74,60,70,60,70,60,74,84,39,39,37,25,70,67,68,52,74,75,75,80,79,86,54,79,30,50,57,41,54,61,47,41,31,-,-,-,-,-,-,-,-,Bronze,-,-,-,-,-,-,-,-,-,-,-,Bronze,-,-,-,-,-,-,-,-,-,-,-,-,-,-,-,-,-,-,-,1985-86 Atlanta Hawks,Atlanta Hawks,1985-86,'86
johnny-davis-1985-86-atlanta-hawks,Johnny Davis,1985-86 Atlanta Hawks,SG,72,"6'2""",74,183,"6'6""",78,76.0,49.0,75.0,72.0,49.0,38.0,75.0,75,86,74,60,98,64,54,55,79,82,28,44,27,25,78,75,75,72,76,75,89,81,76,80,41,65,30,60,58,40,57,58,43,36,39,-,-,-,-,-,-,-,-,-,-,-,-,-,-,-,-,-,-,-,-,-,-,-,Bronze,-,-,-,-,-,-,-,-,-,-,-,-,-,-,-,-,1985-86 Atlanta Hawks,Atlanta Hawks,1985-86,'86
antoine-carr-1985-86-atlanta-hawks,Antoine Carr,1985-86 Atlanta Hawks,PF / C,69,"6'9""",81,225,"7'0""",84,58.0,68.0,42.0,61.0,56.0,62.0,80.0,70,66,70,55,55,30,68,65,75,52,75,65,55,90,45,44,45,35,39,42,62,79,48,71,68,60,73,45,60,62,52,42,60,64,59,-,-,-,-,-,-,-,-,-,-,-,-,-,-,-,Silver,-,-,-,-,-,-,-,-,-,-,-,-,-,-,-,-,-,-,-,-,-,-,-,-,1985-86 Atlanta Hawks,Atlanta Hawks,1985-86,'86
scott-hastings-1985-86-atlanta-hawks,Scott Hastings,1985-86 Atlanta Hawks,PF / C,68,"6'10""",82,235,"7'2""",86,69.0,54.0,36.0,50.0,59.0,61.0,80.0,71,85,60,65,70,61,68,40,52,45,60,63,50,55,35,44,45,30,25,25,65,80,25,65,63,30,42,70,77,75,65,25,58,60,62,-,-,-,-,-,-,-,-,-,-,-,-,-,-,-,-,-,-,-,-,-,-,-,-,-,-,-,-,-,-,-,-,-,-,-,-,-,-,-,-,1985-86 Atlanta Hawks,Atlanta Hawks,1985-86,'86
dwyane-wade-2005-06-miami-heat,Dwyane Wade,2005-06 Miami Heat,PG / SG,95,"6'4""",76,212,"6'11""",83,88.0,80.0,92.0,90.0,82.0,60.0,50.0,95,78,89,98,90,79,97,95,98,95,72,79,66,35,89,95,90,88,96,94,98,80,97,98,79,85,59,95,90,67,92,94,79,61,59,Gold,Gold,-,-,Gold,Gold,Gold,-,Gold,-,Silver,-,-,-,Gold,-,Gold,Silver,Gold,Silver,Gold,Gold,Gold,Gold,Silver,Gold,Gold,Gold,Gold,-,Gold,Gold,-,Gold,-,-,-,-,Gold,-,2005-06 Miami Heat,Miami Heat,2005-06,'06
shaquille-oneal-2005-06-miami-heat,Shaquille O’Neal,2005-06 Miami Heat,C,89,"7'1""",85,325,"7'7""",91,64.0,81.0,53.0,70.0,79.0,84.0,85.0,89,46,35,90,98,26,91,75,98,58,90,50,92,95,58,66,66,47,29,43,80,80,36,80,99,75,82,95,93,95,92,43,55,89,78,-,-,-,-,-,HOF,Silver,Silver,-,Silver,HOF,-,HOF,Gold,-,Gold,-,-,-,-,-,-,-,-,-,Gold,-,Gold,-,-,-,-,Gold,-,Gold,HOF,Gold,HOF,-,-,2005-06 Miami Heat,Miami Heat,2005-06,'06
antoine-walker-2005-06-miami-heat,Antoine Walker,2005-06 Miami Heat,SF / PF,80,"6'8""",80,224,"7'0""",84,79.0,63.0,58.0,72.0,63.0,60.0,85.0,85,62,77,70,98,81,53,55,93,75,70,78,52,30,75,54,51,49,59,84,70,85,58,80,65,60,50,60,67,65,60,80,58,66,53,-,-,-,Gold,-,-,Gold,-,-,-,-,-,-,-,-,-,-,-,-,-,-,-,-,-,-,-,-,-,-,-,-,-,-,-,-,-,-,-,-,-,2005-06 Miami Heat,Miami Heat,2005-06,'06
jason-williams-2005-06-miami-heat,Jason Williams,2005-06 Miami Heat,PG,78,"6'1""",73,190,"6'4""",76,68.0,45.0,86.0,71.0,57.0,36.0,90.0,69,79,71,50,65,76,50,25,93,77,26,40,25,25,95,92,92,72,79,88,73,79,79,88,27,60,30,60,72,32,60,81,61,45,27,-,-,-,-,-,-,-,-,-,-,-,-,-,-,-,-,Gold,Gold,-,-,Silver,-,Bronze,Bronze,Silver,-,-,-,-,-,-,-,-,-,-,-,-,-,-,-,2005-06 Miami Heat,Miami Heat,2005-06,'06
gary-payton-2005-06-miami-heat,Gary Payton,2005-06 Miami Heat,PG / SG,77,"6'4""",76,180,"6'7""",79,75.0,54.0,77.0,72.0,65.0,42.0,70.0,82,79,73,60,82,75,53,25,82,82,58,58,45,25,82,82,80,64,77,90,70,90,73,78,40,60,32,70,75,50,81,85,62,49,34,-,-,-,-,-,-,-,-,Bronze,-,-,-,-,-,-,-,Bronze,-,-,Bronze,-,-,-,-,Bronze,-,Bronze,-,Gold,-,-,Gold,-,Gold,-,-,-,-,-,-,2005-06 Miami Heat,Miami Heat,2005-06,'06
udonis-haslem-2005-06-miami-heat,Udonis Haslem,2005-06 Miami Heat,PF / C,76,"6'8""",80,230,"6'11""",83,68.0,73.0,40.0,64.0,54.0,72.0,85.0,77,78,82,65,81,25,65,64,85,61,82,88,80,60,40,32,65,31,30,39,61,76,56,81,80,57,37,50,60,74,63,39,58,79,65,-,-,-,Gold,-,-,-,-,-,-,-,-,-,-,-,-,-,-,-,-,-,-,-,-,-,-,-,-,-,-,-,-,-,-,Silver,Gold,Gold,Bronze,-,-,2005-06 Miami Heat,Miami Heat,2005-06,'06
alonzo-mourning-2005-06-miami-heat,Alonzo Mourning,2005-06 Miami Heat,C / PF,75,"6'10""",82,240,"7'7""",91,63.0,72.0,43.0,59.0,66.0,78.0,70.0,84,59,82,40,65,47,78,61,70,63,75,81,71,75,49,49,65,26,27,37,75,80,30,75,63,54,89,70,80,73,64,37,50,77,79,-,-,-,Bronze,-,Silver,-,-,-,-,-,Silver,-,Silver,-,-,-,-,Silver,-,-,-,-,-,-,-,-,Bronze,-,-,-,-,Silver,-,-,-,-,Gold,-,-,2005-06 Miami Heat,Miami Heat,2005-06,'06
james-posey-2005-06-miami-heat,James Posey,2005-06 Miami Heat,SF / PF,75,"6'8""",80,216,"7'0""",84,73.0,56.0,62.0,77.0,69.0,52.0,50.0,75,81,78,40,78,85,40,65,80,74,48,55,47,40,73,62,61,48,66,85,70,77,74,85,70,80,57,70,75,68,68,75,67,46,57,-,-,-,-,-,-,-,-,-,-,-,-,-,-,-,-,-,-,-,-,-,-,-,-,-,-,-,-,-,-,-,-,-,-,-,-,-,-,-,-,2005-06 Miami Heat,Miami Heat,2005-06,'06
wayne-simien-2005-06-miami-heat,Wayne Simien,2005-06 Miami Heat,PF,72,"6'9""",81,255,"7'0""",84,61.0,63.0,46.0,76.0,60.0,59.0,65.0,72,57,89,35,70,42,47,75,75,72,57,55,57,65,47,30,57,33,62,62,90,89,70,83,73,67,37,60,77,64,64,57,62,60,57,-,-,-,-,-,-,-,-,-,-,-,-,-,-,-,-,-,-,-,-,-,-,-,-,-,-,-,-,-,-,-,-,-,-,-,Bronze,Silver,-,Silver,-,2005-06 Miami Heat,Miami Heat,2005-06,'06
shandon-anderson-2005-06-miami-heat,Shandon Anderson,2005-06 Miami Heat,SF,71,"6'6""",78,208,"6'9""",81,78.0,59.0,45.0,71.0,57.0,47.0,80.0,83,72,86,70,85,73,38,66,70,72,62,61,44,55,64,33,33,33,62,66,77,86,65,85,55,65,42,55,61,60,60,62,61,52,42,-,-,-,-,-,-,-,-,-,-,-,-,-,-,-,-,-,-,-,-,-,-,-,-,-,-,-,-,-,-,-,-,-,-,-,-,-,-,-,-,2005-06 Miami Heat,Miami Heat,2005-06,'06
michael-doleac-2005-06-miami-heat,Michael Doleac,2005-06 Miami Heat,C,71,"6'11""",83,262,"7'0""",84,65.0,57.0,36.0,60.0,53.0,70.0,90.0,77,80,90,55,60,27,40,50,70,44,66,60,62,60,44,38,37,35,25,35,70,83,42,79,69,44,52,50,76,77,42,35,41,70,70,-,-,-,-,-,-,-,-,-,-,-,-,-,-,-,-,-,-,-,-,-,-,-,-,-,-,-,-,-,-,-,-,-,-,-,Gold,-,Gold,-,-,2005-06 Miami Heat,Miami Heat,2005-06,'06
earl-barron-2005-06-miami-heat,Earl Barron,2005-06 Miami Heat,C,70,"7'0""",84,245,"7'4""",88,66.0,63.0,31.0,60.0,55.0,75.0,75.0,72,75,71,60,75,40,66,70,90,45,45,58,58,70,33,29,34,25,34,34,67,74,47,85,68,43,57,60,67,68,50,43,37,76,74,-,-,-,-,-,-,-,-,-,-,-,-,-,-,-,-,-,-,-,-,-,-,-,-,-,-,-,-,-,-,-,-,-,-,-,-,-,-,-,-,2005-06 Miami Heat,Miami Heat,2005-06,'06
dorell-wright-2005-06-miami-heat,Dorell Wright,2005-06 Miami Heat,SF,68,"6'9""",81,205,"6'11""",83,67.0,51.0,54.0,70.0,54.0,61.0,50.0,73,88,61,50,60,70,55,70,61,66,42,41,44,30,58,52,55,51,55,61,77,77,56,81,60,79,41,60,55,46,59,69,49,62,59,-,-,-,-,-,-,-,-,-,-,-,-,-,-,-,-,-,-,-,-,-,-,-,-,-,-,-,-,-,-,-,-,-,-,-,-,-,-,-,-,2005-06 Miami Heat,Miami Heat,2005-06,'06
derek-anderson-2005-06-miami-heat,Derek Anderson,2005-06 Miami Heat,SG,67,"6'5""",77,194,"6'6""",78,69.0,44.0,61.0,69.0,52.0,38.0,60.0,59,84,63,60,70,77,58,35,79,54,25,39,36,25,70,55,57,61,64,60,77,85,66,82,50,60,27,70,70,30,45,68,55,38,37,-,-,-,-,-,-,-,-,-,-,-,-,-,-,-,-,-,-,Bronze,-,-,-,-,-,-,-,-,-,-,-,-,-,-,-,-,-,-,-,-,Silver,2005-06 Miami Heat,Miami Heat,2005-06,'06
alonzo-mourning-1996-97-miami-heat,Alonzo Mourning,1996-97 Miami Heat,C / PF,93,"6'10""",82,244,"7'7""",91,82.0,90.0,42.0,83.0,88.0,94.0,30.0,90,64,82,95,96,62,96,70,92,80,94,92,98,98,50,33,64,29,32,64,95,80,67,98,96,82,97,95,98,95,90,64,74,96,92,-,-,-,Gold,-,Gold,Bronze,Silver,-,Gold,Gold,Gold,Gold,Gold,-,Gold,-,-,Gold,-,-,-,-,-,-,Gold,Bronze,Gold,-,-,-,-,HOF,-,HOF,Gold,Gold,Gold,Gold,-,1996-97 Miami Heat,Miami Heat,1996-97,'97
tim-hardaway-1996-97-miami-heat,Tim Hardaway,1996-97 Miami Heat,PG / SG,88,"6'0""",72,175,"6'3""",75,85.0,52.0,91.0,83.0,68.0,43.0,70.0,86,80,85,90,90,80,70,25,92,92,33,55,25,25,95,93,94,84,88,90,86,85,88,95,70,69,30,80,75,40,84,84,86,46,40,-,-,-,Bronze,Silver,-,Silver,-,Gold,-,Bronze,-,-,-,-,-,Gold,Silver,-,Gold,Gold,Bronze,Silver,Silver,Gold,-,Gold,-,-,-,-,-,-,Silver,-,-,-,-,-,-,1996-97 Miami Heat,Miami Heat,1996-97,'97
pj-brown-1996-97-miami-heat,P.J. Brown,1996-97 Miami Heat,C,84,"7'1""",85,240,"7'2""",86,63.0,69.0,39.0,73.0,77.0,91.0,70.0,77,73,75,50,75,26,70,79,58,69,66,52,65,95,35,40,64,31,25,58,75,76,64,87,80,74,75,90,92,90,75,58,58,89,93,-,-,-,Gold,-,Gold,-,-,-,-,-,Silver,-,Silver,-,Silver,-,-,Gold,-,-,-,-,-,-,Gold,-,Gold,-,-,-,-,Gold,-,Gold,Gold,Silver,Gold,-,-,1996-97 Miami Heat,Miami Heat,1996-97,'97
jamal-mashburn-1996-97-miami-heat,Jamal Mashburn,1996-97 Miami Heat,SF / PF,79,"6'8""",80,240,"6'11""",83,76.0,70.0,64.0,81.0,69.0,63.0,60.0,80,75,82,75,70,75,72,75,92,77,70,56,55,65,70,64,65,48,73,79,90,72,79,95,79,72,42,75,78,70,75,76,65,64,62,-,-,-,-,Gold,-,-,-,-,-,-,-,-,-,-,-,-,-,-,-,-,-,-,-,-,-,-,-,-,-,-,-,-,-,-,-,-,-,-,-,1996-97 Miami Heat,Miami Heat,1996-97,'97
isaac-austin-1996-97-miami-heat,Isaac Austin,1996-97 Miami Heat,PF / C,78,"6'10""",82,255,"7'1""",85,74.0,68.0,49.0,66.0,73.0,78.0,75.0,86,66,83,75,82,50,55,50,70,62,80,82,82,60,40,55,52,72,25,52,55,82,63,70,88,50,82,75,79,80,70,52,73,82,74,-,-,-,-,-,-,-,-,-,-,-,-,-,-,-,-,-,-,-,-,-,-,-,-,-,-,-,-,-,-,-,-,-,-,-,Bronze,-,Silver,-,-,1996-97 Miami Heat,Miami Heat,1996-97,'97
dan-majerle-1996-97-miami-heat,Dan Majerle,1996-97 Miami Heat,SG / SF,78,"6'6""",78,215,"6'10""",82,76.0,60.0,60.0,84.0,75.0,45.0,50.0,75,68,85,60,80,85,54,76,88,74,50,56,35,50,70,55,54,50,72,89,92,85,74,95,75,75,35,85,84,70,88,88,75,40,50,-,Gold,-,-,-,-,-,-,-,-,-,-,-,-,-,-,-,-,-,-,-,-,-,-,-,Gold,Gold,-,Silver,-,-,Silver,-,Gold,-,-,-,-,-,Gold,1996-97 Miami Heat,Miami Heat,1996-97,'97
keith-askins-1996-97-miami-heat,Keith Askins,1996-97 Miami Heat,SF / SG,74,"6'7""",79,195,"6'11""",83,71.0,61.0,62.0,74.0,65.0,50.0,70.0,72,67,70,70,60,85,48,65,84,70,63,58,40,60,70,70,71,41,57,81,75,87,68,83,50,72,56,70,70,55,56,77,69,54,46,-,-,-,-,-,-,-,-,-,-,-,-,-,-,-,-,-,-,-,-,-,-,-,-,-,-,-,-,-,-,-,-,-,-,-,-,-,-,-,-,1996-97 Miami Heat,Miami Heat,1996-97,'97
willie-anderson-1996-97-miami-heat,Willie Anderson,1996-97 Miami Heat,SG,73,"6'7""",79,181,"7'0""",84,73.0,63.0,74.0,74.0,55.0,51.0,40.0,75,78,77,60,70,75,44,75,95,78,57,58,57,39,82,79,77,71,63,62,90,80,65,82,62,74,56,60,60,55,50,62,42,60,42,-,-,-,-,-,-,-,-,-,-,-,-,-,-,-,-,-,-,-,-,-,-,-,-,-,-,-,-,-,-,-,-,-,-,-,-,-,-,-,Bronze,1996-97 Miami Heat,Miami Heat,1996-97,'97
john-crotty-1996-97-miami-heat,John Crotty,1996-97 Miami Heat,PG / SG,72,"6'3""",75,175,"6'6""",78,76.0,38.0,75.0,69.0,55.0,38.0,60.0,72,84,74,65,75,85,41,25,73,60,25,29,25,25,77,79,77,72,72,81,70,80,73,85,36,57,32,60,74,25,60,70,62,41,34,-,-,-,Silver,-,-,-,-,-,-,-,-,-,-,-,-,-,-,-,-,-,-,-,-,-,-,-,-,-,-,-,-,-,-,-,-,-,-,-,-,1996-97 Miami Heat,Miami Heat,1996-97,'97
ed-pinckney-1996-97-miami-heat,Ed Pinckney,1996-97 Miami Heat,PF,72,"6'9""",81,208,"7'10""",94,61.0,62.0,54.0,74.0,56.0,68.0,70.0,72,75,65,50,75,27,57,65,83,60,59,57,62,50,72,53,56,29,60,60,85,80,64,83,61,83,56,44,63,64,68,45,53,68,68,-,-,-,-,-,-,-,-,-,-,-,-,-,-,-,-,-,-,-,-,-,-,-,-,-,-,-,-,-,-,-,-,-,-,-,-,Gold,-,-,-,1996-97 Miami Heat,Miami Heat,1996-97,'97
bruce-bowen-1996-97-miami-heat,Bruce Bowen,1996-97 Miami Heat,SF / PF,71,"6'8""",80,220,"6'11""",83,63.0,54.0,58.0,76.0,60.0,51.0,70.0,67,74,66,30,58,82,40,70,70,70,52,53,42,35,70,58,59,35,69,84,75,77,73,80,67,74,62,50,70,35,60,80,61,51,51,-,Bronze,-,-,-,-,-,-,-,-,-,-,-,-,-,-,-,-,-,-,-,-,-,-,-,Bronze,-,-,-,-,-,-,-,-,-,-,-,-,-,-,1996-97 Miami Heat,Miami Heat,1996-97,'97
gary-grant-1996-97-miami-heat,Gary Grant,1996-97 Miami Heat,PG,68,"6'3""",75,185,"6'5""",77,66.0,44.0,66.0,75.0,45.0,39.0,95.0,68,77,68,60,64,60,58,25,80,60,25,44,36,25,71,64,60,61,73,62,77,75,74,91,50,98,35,45,50,27,45,54,62,43,35,-,-,-,-,-,-,-,-,-,-,-,-,-,-,-,-,-,Bronze,Bronze,Silver,-,-,Bronze,Bronze,Bronze,-,Bronze,-,-,Silver,-,-,-,-,-,-,-,-,-,-,1996-97 Miami Heat,Miami Heat,1996-97,'97
matt-fish-1996-97-miami-heat,Matt Fish,1996-97 Miami Heat,C,67,"6'11""",83,235,"7'3""",87,50.0,49.0,33.0,62.0,51.0,62.0,98.0,61,62,51,35,65,25,38,25,66,48,64,57,54,40,25,33,38,39,28,28,90,70,38,65,82,58,49,50,68,73,60,28,28,62,61,-,-,-,-,-,-,-,-,-,-,-,-,-,-,-,-,-,-,-,-,-,-,-,-,-,-,-,-,-,-,-,-,-,-,-,-,-,-,-,-,1996-97 Miami Heat,Miami Heat,1996-97,'97
lebron-james-12-13-miami-heat,LeBron James,2012-13 Miami Heat,SF / PF,99,"6'8""",80,250,"7'0""",84,89.0,86.0,87.0,93.0,83.0,66.0,80.0,89,75,87,98,98,88,79,89,98,97,89,84,78,70,84,88,90,82,89,95,95,97,91,98,89,88,58,95,93,78,90,95,73,82,50,Gold,Bronze,-,HOF,Gold,Silver,HOF,-,Gold,Bronze,Gold,Silver,Silver,Silver,HOF,Bronze,-,Gold,Gold,Gold,-,Bronze,Gold,Gold,Gold,HOF,Silver,HOF,Gold,Gold,Gold,Gold,Bronze,Gold,Silver,-,-,Bronze,Gold,-,2012-13 Miami Heat,Miami Heat,2012-13,'13
dwyane-wade-2012-13-miami-heat,Dwyane Wade,2012-13 Miami Heat,SG,91,"6'4""",76,212,"6'11""",83,84.0,74.0,87.0,86.0,81.0,57.0,50.0,89,72,81,98,90,72,79,60,98,95,72,79,72,35,89,89,89,77,89,89,98,74,87,98,74,82,58,85,89,69,88,91,85,59,55,Gold,-,-,-,Gold,-,Gold,-,Gold,-,Silver,-,-,-,-,-,Gold,Silver,Gold,Silver,Gold,Gold,Gold,Gold,Silver,Gold,Gold,Gold,Gold,-,Gold,Gold,-,Gold,-,-,-,-,Gold,-,2012-13 Miami Heat,Miami Heat,2012-13,'13
chris-bosh-2012-13-miami-heat,Chris Bosh,2012-13 Miami Heat,C / PF,85,"6'11""",83,235,"7'4""",88,87.0,79.0,48.0,74.0,73.0,81.0,40.0,90,79,95,90,86,79,71,69,95,80,88,87,80,60,58,46,60,36,42,56,75,87,65,95,67,72,73,80,78,80,76,60,61,81,80,-,-,-,Gold,-,Gold,-,-,-,Gold,-,Gold,-,Gold,-,-,-,-,Bronze,-,-,-,-,-,-,-,-,-,-,-,-,-,Bronze,-,-,-,-,-,-,-,2012-13 Miami Heat,Miami Heat,2012-13,'13
chris-andersen-2012-13-miami-heat,Chris Andersen,2012-13 Miami Heat,C,79,"6'10""",82,220,"7'2""",86,55.0,64.0,45.0,75.0,77.0,81.0,70.0,69,63,77,45,53,25,51,80,85,69,52,54,53,70,53,50,45,29,47,68,84,80,55,82,70,85,88,85,88,82,84,68,46,81,81,-,-,-,-,-,Silver,-,-,-,-,-,-,-,-,Bronze,Silver,-,-,-,-,-,-,-,-,-,-,-,Gold,-,-,-,-,Bronze,-,Bronze,-,Gold,Silver,Gold,-,2012-13 Miami Heat,Miami Heat,2012-13,'13
ray-allen-2012-13-miami-heat,Ray Allen,2012-13 Miami Heat,SG / SF,78,"6'5""",77,205,"6'8""",80,84.0,61.0,59.0,73.0,59.0,44.0,70.0,79,88,78,80,90,89,62,66,94,80,60,55,44,25,74,51,70,40,59,76,78,81,66,85,54,72,40,60,70,46,63,73,63,50,37,-,HOF,-,-,-,-,-,-,-,-,-,-,-,-,-,-,-,-,-,-,-,-,-,-,-,-,-,-,-,-,-,-,-,Bronze,-,-,-,-,-,HOF,2012-13 Miami Heat,Miami Heat,2012-13,'13
shane-battier-2012-13-miami-heat,Shane Battier,2012-13 Miami Heat,PF / SF,76,"6'8""",80,220,"6'11""",83,80.0,55.0,54.0,71.0,76.0,42.0,70.0,77,84,77,65,90,89,36,54,82,65,54,61,65,25,58,52,66,45,49,67,94,79,55,82,68,52,65,85,89,83,82,67,59,46,38,-,Bronze,-,-,-,-,-,-,-,-,-,-,-,-,-,-,-,-,-,-,-,-,-,-,-,Silver,-,-,-,-,-,-,-,-,Bronze,-,-,-,-,-,2012-13 Miami Heat,Miami Heat,2012-13,'13
mario-chalmers-2012-13-miami-heat,Mario Chalmers,2012-13 Miami Heat,PG,75,"6'2""",74,190,"6'5""",77,73.0,47.0,76.0,75.0,70.0,43.0,50.0,75,85,87,40,80,70,69,51,70,66,31,38,28,25,77,79,77,70,76,80,85,82,76,85,43,72,47,70,76,42,80,90,86,55,30,-,-,-,-,-,-,-,-,-,-,-,-,-,-,-,-,-,Silver,-,-,-,-,-,-,Gold,Bronze,-,-,Bronze,Bronze,Bronze,Bronze,-,Bronze,-,-,-,-,-,-,2012-13 Miami Heat,Miami Heat,2012-13,'13
james-jones-2012-13-miami-heat,James Jones,2012-13 Miami Heat,SF,75,"6'8""",80,215,"7'3""",87,75.0,60.0,60.0,64.0,55.0,42.0,40.0,67,83,80,50,82,90,60,68,80,75,60,51,40,45,75,75,71,29,49,60,60,82,62,80,45,60,50,45,65,59,62,66,37,49,34,Silver,Bronze,-,Silver,-,-,-,-,-,-,-,-,-,-,-,-,-,-,-,-,-,-,-,-,-,-,-,-,-,-,-,-,-,-,-,-,-,-,-,Silver,2012-13 Miami Heat,Miami Heat,2012-13,'13
mike-miller-2012-13-miami-heat,Mike Miller,2012-13 Miami Heat,SG,75,"6'8""",80,218,"6'11""",83,77.0,51.0,67.0,76.0,53.0,54.0,60.0,64,80,77,75,75,89,42,45,85,70,43,58,36,25,68,65,68,63,70,69,75,82,78,90,65,70,35,60,58,50,45,66,59,70,37,-,Silver,-,-,-,-,-,-,-,-,-,-,-,-,-,-,-,-,-,-,-,-,-,-,-,-,-,-,-,-,-,-,-,-,-,-,-,-,-,-,2012-13 Miami Heat,Miami Heat,2012-13,'13
joel-anthony-2012-13-miami-heat,Joel Anthony,2012-13 Miami Heat,C,74,"6'9""",81,245,"7'1""",85,56.0,67.0,38.0,73.0,59.0,62.0,98.0,82,64,40,50,72,25,34,70,80,69,69,66,69,75,35,37,52,27,38,62,80,82,64,80,71,69,85,50,75,76,40,60,30,56,67,-,-,-,-,-,-,-,-,-,-,-,-,-,-,-,-,-,-,-,-,-,-,-,-,-,-,-,-,-,-,-,-,-,-,-,-,-,-,-,-,2012-13 Miami Heat,Miami Heat,2012-13,'13
rashard-lewis-2012-13-miami-heat,Rashard Lewis,2012-13 Miami Heat,PF / SF,74,"6'10""",82,215,"7'2""",86,76.0,62.0,45.0,62.0,60.0,52.0,90.0,80,62,77,70,84,84,52,70,80,64,51,73,68,40,63,43,42,31,47,47,65,79,48,75,55,62,53,65,64,69,62,47,61,63,40,-,-,-,-,-,-,-,-,-,-,-,-,-,-,-,-,-,-,-,-,-,-,-,-,-,-,-,-,-,-,-,-,-,-,-,-,-,-,-,-,2012-13 Miami Heat,Miami Heat,2012-13,'13
udonis-haslem-2012-13-miami-heat,Udonis Haslem,2012-13 Miami Heat,PF / C,73,"6'8""",80,230,"6'11""",83,59.0,57.0,37.0,67.0,60.0,77.0,98.0,74,71,76,35,75,25,40,61,54,52,60,68,62,55,35,29,64,28,27,37,90,76,56,78,73,60,47,60,70,80,66,37,58,86,67,-,-,-,-,-,Bronze,-,-,-,-,-,-,-,-,-,-,-,-,-,-,-,-,-,-,-,-,-,-,-,-,-,-,-,-,-,Silver,-,-,-,-,2012-13 Miami Heat,Miami Heat,2012-13,'13
juwan-howard-2012-13-miami-heat,Juwan Howard,2012-13 Miami Heat,PF,72,"6'9""",81,223,"6'11""",83,70.0,68.0,53.0,60.0,57.0,61.0,70.0,80,78,81,50,90,40,50,60,90,70,70,70,70,60,56,69,69,42,27,34,70,75,30,70,75,68,59,60,58,70,59,44,48,62,60,-,-,-,-,-,-,-,-,-,-,-,-,-,-,-,-,-,-,-,-,-,-,-,-,-,-,-,-,-,-,-,-,-,-,-,-,-,-,-,-,2012-13 Miami Heat,Miami Heat,2012-13,'13
alonzo-mourning-1992-93-charlotte-hornets,Alonzo Mourning,1992-93 Charlotte Hornets,C / PF,86,"6'10""",82,244,"7'7""",91,73.0,78.0,35.0,70.0,78.0,77.0,80.0,80,78,65,85,80,50,87,58,85,55,85,70,82,98,50,33,32,29,32,41,85,80,42,85,90,65,87,90,94,92,90,41,50,78,76,-,-,-,Gold,-,Gold,-,-,-,Gold,Gold,Silver,Gold,Gold,-,Gold,-,-,Gold,-,-,-,-,-,-,Gold,-,-,-,-,-,-,Gold,-,Gold,Gold,Gold,Gold,Gold,-,1992-93 Charlotte Hornets,Charlotte Hornets,1992-93,'93
larry-johnson-1992-93-charlotte-hornets,Larry Johnson,1992-93 Charlotte Hornets,PF / SF,83,"6'7""",79,257,"6'10""",82,81.0,80.0,71.0,81.0,69.0,69.0,70.0,86,76,82,90,80,74,70,77,90,75,90,85,66,87,71,74,75,62,74,57,77,88,80,95,88,85,37,90,81,82,80,57,56,70,68,-,-,-,Silver,-,Gold,-,-,-,-,-,Silver,Silver,Silver,-,-,-,-,Silver,-,-,-,-,-,-,-,-,-,-,-,-,-,-,-,Bronze,-,-,Silver,-,-,1992-93 Charlotte Hornets,Charlotte Hornets,1992-93,'93
muggsy-bogues-1992-93-charlotte-hornets,Muggsy Bogues,1992-93 Charlotte Hornets,PG / SG,80,"5'3""",63,144,"5'6""",66,75.0,44.0,90.0,81.0,52.0,41.0,50.0,70,83,77,65,85,70,53,25,82,77,25,40,25,25,92,95,92,77,93,79,90,90,93,92,25,95,27,60,60,25,45,66,79,47,35,-,-,-,-,-,-,-,-,Silver,-,-,-,-,-,-,-,Silver,Gold,-,Gold,Silver,Gold,Bronze,Bronze,Silver,-,Gold,-,-,-,-,-,-,Gold,-,-,-,-,-,-,1992-93 Charlotte Hornets,Charlotte Hornets,1992-93,'93
dell-curry-1992-93-charlotte-hornets,Dell Curry,1992-93 Charlotte Hornets,SG / SF,79,"6'5""",77,210,"6'8""",80,87.0,48.0,75.0,74.0,55.0,46.0,80.0,83,86,90,90,85,88,61,55,70,74,25,51,25,25,75,78,75,69,79,62,75,79,79,85,79,60,40,70,64,33,58,58,65,53,38,Silver,Gold,-,-,-,-,-,-,-,-,-,-,-,-,-,-,-,-,-,-,-,-,-,-,-,-,-,-,-,-,-,-,-,-,-,-,-,-,-,Gold,1992-93 Charlotte Hornets,Charlotte Hornets,1992-93,'93
kendall-gill-1992-93-charlotte-hornets,Kendall Gill,1992-93 Charlotte Hornets,SG / SF,79,"6'5""",77,200,"6'8""",80,81.0,69.0,65.0,77.0,64.0,50.0,70.0,86,77,84,85,85,71,70,90,84,82,48,74,36,65,72,64,66,62,63,75,75,78,73,85,69,85,45,75,72,56,65,72,64,48,52,Silver,-,-,-,Silver,Bronze,-,-,-,-,-,-,-,-,-,-,-,-,-,-,-,-,-,-,-,-,-,-,-,-,-,-,-,-,-,-,-,-,-,-,1992-93 Charlotte Hornets,Charlotte Hornets,1992-93,'93
johnny-newman-1992-93-charlotte-hornets,Johnny Newman,1992-93 Charlotte Hornets,SF / SG,79,"6'7""",79,198,"6'10""",82,80.0,67.0,67.0,71.0,57.0,45.0,80.0,86,81,84,85,69,72,86,75,75,85,60,60,30,65,76,74,74,43,66,74,72,84,73,81,50,66,42,60,61,56,56,60,61,37,52,-,-,-,-,-,-,-,-,-,-,-,-,-,-,-,-,-,-,-,-,-,-,-,-,-,-,-,-,-,-,-,-,-,-,-,-,-,-,-,-,1992-93 Charlotte Hornets,Charlotte Hornets,1992-93,'93
kenny-gattison-1992-93-charlotte-hornets,Kenny Gattison,1992-93 Charlotte Hornets,PF / C,77,"6'8""",80,255,"6'11""",83,66.0,79.0,34.0,64.0,65.0,74.0,80.0,85,60,69,80,65,38,84,80,75,80,75,75,75,84,35,40,40,31,25,42,90,78,39,66,85,50,61,70,69,74,74,42,62,78,70,-,-,-,-,-,Silver,-,-,-,-,-,-,-,-,-,-,-,-,-,-,-,-,-,-,-,-,-,-,-,-,-,-,-,-,-,-,-,-,-,-,1992-93 Charlotte Hornets,Charlotte Hornets,1992-93,'93
mike-gminski-1992-93-charlotte-hornets,Mike Gminski,1992-93 Charlotte Hornets,C,74,"6'11""",83,250,"7'3""",87,71.0,64.0,44.0,65.0,58.0,66.0,80.0,81,75,72,65,81,50,69,65,52,44,72,74,72,65,40,54,65,36,25,39,80,90,31,95,84,39,58,80,77,75,51,25,37,69,63,-,-,-,-,-,Bronze,-,-,-,-,-,-,Bronze,-,-,-,-,-,-,-,-,-,-,-,-,-,-,-,-,-,-,-,-,-,-,Bronze,-,Silver,-,-,1992-93 Charlotte Hornets,Charlotte Hornets,1992-93,'93
sidney-green-1992-93-charlotte-hornets,Sidney Green,1992-93 Charlotte Hornets,PF / C,72,"6'9""",81,220,"7'0""",84,60.0,62.0,34.0,59.0,52.0,87.0,98.0,58,80,44,50,98,30,71,54,75,44,56,60,60,77,30,36,40,39,25,37,66,79,32,66,66,68,47,50,58,69,44,37,57,89,85,-,-,-,-,-,-,-,-,-,-,-,-,-,-,-,-,-,-,-,-,-,-,-,-,-,-,-,-,-,-,-,-,-,-,-,Silver,-,-,-,-,1992-93 Charlotte Hornets,Charlotte Hornets,1992-93,'93
david-wingate-1992-93-charlotte-hornets,David Wingate,1992-93 Charlotte Hornets,SG / SF,71,"6'5""",77,190,"6'8""",80,70.0,52.0,65.0,73.0,64.0,45.0,70.0,73,73,75,70,75,55,60,59,75,71,33,40,25,50,67,72,71,63,53,76,86,76,66,85,55,68,32,70,70,65,70,73,67,46,43,-,-,-,-,-,-,-,-,-,-,-,-,-,-,-,-,-,-,-,-,-,-,-,-,-,-,-,-,-,-,-,-,-,-,-,-,-,-,-,-,1992-93 Charlotte Hornets,Charlotte Hornets,1992-93,'93
tony-bennett-1992-93-charlotte-hornets,Tony Bennett,1992-93 Charlotte Hornets,PG / SG,68,"6'0""",72,179,"6'3""",75,70.0,41.0,74.0,66.0,47.0,37.0,67.0,70,73,70,65,60,80,48,25,76,60,25,40,25,25,75,75,79,70,73,74,86,79,74,80,25,42,25,55,55,25,45,58,63,40,33,-,-,-,Bronze,-,-,-,-,-,-,-,-,-,-,-,-,-,-,-,-,-,-,-,-,-,-,-,-,-,-,-,-,-,-,-,-,-,-,-,-,1992-93 Charlotte Hornets,Charlotte Hornets,1992-93,'93
kevin-lynch-1992-93-charlotte-hornets,Kevin Lynch,1992-93 Charlotte Hornets,SG / SF,65,"6'5""",77,198,"6'8""",80,66.0,47.0,54.0,64.0,54.0,45.0,63.0,73,68,66,65,60,65,70,47,70,64,25,51,25,25,68,54,50,39,58,64,80,80,56,75,40,55,51,60,60,33,55,60,62,43,46,-,-,-,-,-,-,-,-,-,-,-,-,-,-,-,-,-,-,-,-,-,-,-,-,-,-,-,-,-,-,-,-,-,-,-,-,-,-,-,-,1992-93 Charlotte Hornets,Charlotte Hornets,1992-93,'93
karl-malone-1997-98-utah-jazz,Karl Malone,1997-98 Utah Jazz,PF / C,96,"6'9""",81,250,"7'0""",84,85.0,90.0,68.0,80.0,80.0,91.0,75.0,98,76,83,98,95,60,93,75,95,90,98,96,95,75,60,68,66,70,75,39,98,99,81,98,95,50,70,98,94,95,90,49,63,90,92,-,-,-,Gold,-,Gold,Gold,Silver,Silver,HOF,Gold,HOF,HOF,HOF,Gold,Gold,-,-,Gold,-,-,-,-,-,-,Gold,Bronze,Gold,-,-,-,-,Gold,-,Gold,Gold,Gold,Gold,-,-,1997-98 Utah Jazz,Utah Jazz,1997-98,'98
john-stockton-1997-98-utah-jazz,John Stockton,1997-98 Utah Jazz,PG / SG,93,"6'1""",73,170,"6'4""",76,86.0,52.0,94.0,81.0,67.0,47.0,70.0,74,82,82,95,98,87,79,25,98,84,25,39,38,25,88,99,99,97,86,96,98,98,86,98,39,55,35,90,80,40,54,94,77,45,49,-,-,Silver,Gold,Gold,-,-,-,Gold,-,-,-,-,-,-,-,Gold,Gold,-,HOF,Gold,Bronze,Gold,Gold,HOF,Gold,HOF,-,Gold,HOF,Gold,Gold,-,HOF,-,-,-,-,-,-,1997-98 Utah Jazz,Utah Jazz,1997-98,'98
jeff-hornacek-1997-98-utah-jazz,Jeff Hornacek,1997-98 Utah Jazz,SG / PG,82,"6'3""",75,190,"6'6""",78,90.0,51.0,78.0,82.0,70.0,49.0,50.0,80,88,90,95,92,92,84,25,98,71,25,51,25,25,73,79,85,85,69,76,98,88,71,98,65,76,49,85,80,36,84,78,75,49,49,-,Gold,Gold,Gold,-,-,-,-,-,-,-,-,-,-,-,-,-,-,-,-,-,-,-,-,-,-,-,-,-,-,-,-,-,-,-,-,-,-,-,Gold,1997-98 Utah Jazz,Utah Jazz,1997-98,'98
adam-keefe-1997-98-utah-jazz,Adam Keefe,1997-98 Utah Jazz,SF / PF,76,"6'9""",81,230,"7'0""",84,65.0,68.0,56.0,73.0,68.0,76.0,98.0,78,81,70,70,61,32,74,65,78,55,69,69,69,65,62,64,68,32,52,65,92,80,59,80,69,65,47,75,74,74,72,70,61,74,78,-,-,-,-,-,-,-,-,-,-,-,-,-,-,-,-,-,-,-,-,-,-,-,-,-,-,-,-,-,-,-,-,-,-,-,-,-,-,-,-,1997-98 Utah Jazz,Utah Jazz,1997-98,'98
bryon-russell-1997-98-utah-jazz,Bryon Russell,1997-98 Utah Jazz,SF / SG,76,"6'8""",80,229,"7'0""",84,74.0,57.0,60.0,76.0,67.0,41.0,70.0,80,77,87,45,77,80,48,62,82,74,44,63,30,50,72,55,57,49,65,85,70,88,74,84,67,65,40,80,82,55,72,80,61,47,35,-,-,-,-,-,-,-,-,-,-,-,-,-,-,-,-,-,-,-,-,-,-,-,-,-,-,-,-,-,-,-,-,-,-,-,-,-,-,-,-,1997-98 Utah Jazz,Utah Jazz,1997-98,'98
shandon-anderson-1997-98-utah-jazz,Shandon Anderson,1997-98 Utah Jazz,SF / SG,75,"6'6""",78,208,"6'9""",81,74.0,57.0,62.0,78.0,61.0,55.0,70.0,82,73,84,75,62,66,70,79,80,79,30,60,30,25,66,64,76,38,66,68,98,91,68,80,63,78,45,65,67,58,60,60,69,50,60,-,-,-,-,-,-,-,-,-,-,-,-,-,-,-,-,-,-,-,-,-,-,-,-,-,-,-,-,-,-,-,-,-,-,-,-,-,-,-,-,1997-98 Utah Jazz,Utah Jazz,1997-98,'98
howard-eisley-1997-98-utah-jazz,Howard Eisley,1997-98 Utah Jazz,PG / SG,75,"6'2""",74,177,"6'5""",77,79.0,45.0,81.0,73.0,47.0,41.0,75.0,79,85,77,75,80,80,75,25,75,79,25,29,25,25,79,82,84,79,79,73,75,84,79,86,45,66,40,45,52,29,30,57,73,48,34,-,-,-,Bronze,-,-,-,-,-,-,-,-,-,-,-,-,-,-,-,-,-,-,-,-,-,-,-,-,-,-,-,-,-,-,-,-,-,-,-,-,1997-98 Utah Jazz,Utah Jazz,1997-98,'98
chris-morris-1997-98-utah-jazz,Chris Morris,1997-98 Utah Jazz,SF,72,"6'8""",80,210,"6'11""",83,73.0,58.0,51.0,66.0,52.0,41.0,98.0,68,72,71,60,90,74,40,60,79,66,62,50,49,55,65,52,51,30,55,56,60,78,62,77,69,63,40,40,69,52,63,63,40,50,32,-,-,-,-,-,-,-,-,-,-,-,-,-,-,-,-,-,-,-,-,-,-,-,-,-,-,-,-,-,-,-,-,-,-,-,-,-,-,-,-,1997-98 Utah Jazz,Utah Jazz,1997-98,'98
antoine-carr-1997-98-utah-jazz,Antoine Carr,1997-98 Utah Jazz,PF / C,70,"6'9""",81,225,"7'0""",84,67.0,62.0,38.0,56.0,63.0,49.0,80.0,80,77,72,65,74,32,66,40,77,46,68,66,58,75,46,45,40,33,25,36,45,80,36,69,75,50,76,65,73,70,73,36,50,48,50,-,-,-,-,-,-,-,-,-,-,-,-,-,-,-,-,-,-,-,-,-,-,-,-,-,-,-,-,-,-,-,-,-,-,-,-,-,-,-,-,1997-98 Utah Jazz,Utah Jazz,1997-98,'98
greg-ostertag-1997-98-utah-jazz,Greg Ostertag,1997-98 Utah Jazz,C / PF,70,"7'2""",86,280,"7'7""",91,49.0,55.0,29.0,57.0,58.0,85.0,85.0,48,47,35,55,85,25,68,40,80,25,40,30,65,90,27,34,33,27,25,25,60,81,25,90,90,25,94,50,60,76,44,25,59,80,89,-,-,-,-,-,Silver,-,-,-,-,-,-,-,-,-,Gold,-,-,-,-,-,-,-,-,-,Bronze,-,Bronze,-,-,-,-,-,-,-,Bronze,-,-,Bronze,-,1997-98 Utah Jazz,Utah Jazz,1997-98,'98
greg-foster-1997-98-utah-jazz,Greg Foster,1997-98 Utah Jazz,PF / C,69,"6'11""",83,240,"7'3""",87,67.0,56.0,39.0,52.0,59.0,69.0,85.0,66,77,50,70,89,48,54,40,62,48,62,63,44,71,45,45,48,31,25,28,65,82,31,60,70,30,55,70,68,68,70,28,55,75,63,-,-,-,-,-,-,-,-,-,-,-,-,-,-,-,-,-,-,-,-,-,-,-,-,-,-,-,-,-,-,-,-,-,-,-,-,-,-,-,-,1997-98 Utah Jazz,Utah Jazz,1997-98,'98
jacque-vaughn-1997-98-utah-jazz,Jacque Vaughn,1997-98 Utah Jazz,PG,69,"6'1""",73,190,"6'3""",75,70.0,41.0,78.0,75.0,45.0,35.0,60.0,62,72,74,65,67,80,50,25,80,70,25,29,25,25,80,74,76,79,80,70,84,80,81,85,48,76,40,45,55,32,42,60,42,41,29,-,-,-,Bronze,-,-,-,-,-,-,-,-,-,-,-,-,-,-,-,-,-,-,-,-,-,-,-,-,-,-,-,-,-,-,-,-,-,-,-,-,1997-98 Utah Jazz,Utah Jazz,1997-98,'98
chris-webber-2001-02-sacramento-kings,Chris Webber,2001-02 Sacramento Kings,PF / C,89,"6'9""",81,245,"7'4""",88,81.0,88.0,72.0,82.0,76.0,86.0,85.0,78,75,90,90,85,70,84,85,98,79,91,84,90,95,75,78,78,65,65,59,80,85,81,98,88,85,89,75,79,78,70,59,82,88,84,-,-,-,Gold,-,Gold,-,-,-,-,-,Gold,-,Gold,-,Silver,-,-,Gold,-,-,-,-,-,-,-,-,Gold,-,Silver,-,-,-,-,Silver,Gold,Gold,Gold,Gold,-,2001-02 Sacramento Kings,Sacramento Kings,2001-02,'02
peja-stojakovic-2001-02-sacramento-kings,Peja Stojakovic,2001-02 Sacramento Kings,SF / SG,86,"6'9""",81,220,"7'0""",84,91.0,60.0,68.0,77.0,66.0,55.0,60.0,80,88,94,95,90,96,50,60,94,75,58,60,58,25,74,81,84,39,60,79,80,94,67,95,54,68,51,75,75,47,74,79,59,62,48,-,Gold,-,Gold,Gold,-,-,-,-,-,-,-,-,-,-,-,-,-,-,-,-,-,-,-,-,-,-,-,-,-,-,-,-,-,-,-,-,-,-,Gold,2001-02 Sacramento Kings,Sacramento Kings,2001-02,'02
vlade-divac-2001-02-sacramento-kings,Vlade Divac,2001-02 Sacramento Kings,C / PF,86,"7'1""",85,243,"7'6""",90,80.0,79.0,58.0,68.0,70.0,89.0,50.0,94,62,79,98,75,69,79,55,85,75,89,80,87,85,30,72,83,82,25,42,75,90,41,90,84,51,80,65,80,80,70,42,71,90,88,-,-,-,Gold,-,Gold,Silver,Silver,-,Gold,-,Gold,Gold,Gold,-,Gold,-,Silver,Gold,Gold,-,-,-,-,Gold,-,-,-,-,-,-,-,Silver,-,-,Gold,-,Gold,-,-,2001-02 Sacramento Kings,Sacramento Kings,2001-02,'02
doug-christie-2001-02-sacramento-kings,Doug Christie,2001-02 Sacramento Kings,SG / SF,83,"6'6""",78,200,"6'9""",81,80.0,58.0,75.0,80.0,79.0,47.0,70.0,74,85,92,70,80,77,64,75,90,78,33,55,25,47,79,75,75,71,75,91,98,77,74,98,50,70,52,90,92,55,88,92,84,53,40,-,-,-,-,-,-,-,-,-,-,-,-,-,-,-,-,-,-,-,Silver,-,-,-,-,Gold,Gold,Gold,-,Gold,Gold,Gold,Gold,-,Gold,-,-,-,-,-,-,2001-02 Sacramento Kings,Sacramento Kings,2001-02,'02
mike-bibby-2001-02-sacramento-kings,Mike Bibby,2001-02 Sacramento Kings,PG,82,"6'1""",73,190,"6'4""",76,80.0,55.0,83.0,75.0,60.0,45.0,40.0,75,80,90,85,70,81,72,45,86,90,39,60,25,25,85,88,85,70,88,84,74,84,88,85,38,72,43,70,74,32,70,71,60,44,46,-,Bronze,-,Bronze,Gold,-,Bronze,-,Gold,-,-,-,-,-,-,-,Gold,Silver,Gold,Gold,Gold,Silver,Gold,Gold,Gold,-,Bronze,-,-,-,-,-,-,-,-,-,-,-,-,-,2001-02 Sacramento Kings,Sacramento Kings,2001-02,'02
scot-pollard-2001-02-sacramento-kings,Scot Pollard,2001-02 Sacramento Kings,C,77,"6'11""",83,275,"7'3""",87,67.0,61.0,41.0,59.0,66.0,85.0,98.0,85,69,84,45,92,25,77,45,66,51,64,53,70,65,35,46,46,52,25,37,87,65,44,80,62,35,60,65,79,81,72,37,69,84,86,-,-,-,-,-,Bronze,-,-,-,-,-,-,-,-,-,-,-,-,-,-,-,-,-,-,-,-,-,-,-,-,-,-,-,-,-,Gold,Gold,Gold,-,-,2001-02 Sacramento Kings,Sacramento Kings,2001-02,'02
bobby-jackson-2001-02-sacramento-kings,Bobby Jackson,2001-02 Sacramento Kings,PG,77,"6'1""",73,185,"6'4""",76,79.0,45.0,81.0,73.0,48.0,47.0,70.0,79,81,83,80,70,80,64,25,72,80,28,40,27,25,84,84,85,62,91,73,63,81,91,85,43,77,32,40,60,25,51,62,63,56,38,-,-,-,Bronze,-,-,-,-,Gold,-,-,-,-,-,-,-,-,Gold,-,-,-,Gold,Gold,Gold,Gold,-,-,-,-,-,-,-,-,-,-,-,-,-,-,-,2001-02 Sacramento Kings,Sacramento Kings,2001-02,'02
hedo-turkoglu-2001-02-sacramento-kings,Hedo Turkoglu,2001-02 Sacramento Kings,SF / PF,76,"6'10""",82,220,"6'11""",83,72.0,62.0,68.0,73.0,56.0,73.0,65.0,64,76,65,65,85,77,55,65,85,70,50,58,50,60,64,65,70,80,62,52,80,82,67,90,70,70,65,50,57,60,42,60,60,70,75,-,-,-,Gold,Bronze,-,-,-,-,-,-,-,-,-,-,-,-,-,-,Silver,-,-,-,-,-,-,-,-,-,-,-,-,-,-,-,-,-,-,-,-,2001-02 Sacramento Kings,Sacramento Kings,2001-02,'02
gerald-wallace-2001-02-sacramento-kings,Gerald Wallace,2001-02 Sacramento Kings,SF / PF,75,"6'7""",79,215,"6'10""",82,48.0,63.0,66.0,81.0,78.0,74.0,40.0,48,50,67,35,55,30,38,85,89,75,50,69,64,35,78,68,70,48,67,88,75,73,87,97,60,88,62,75,80,85,82,80,82,68,79,-,-,-,-,-,-,-,-,-,-,-,-,-,-,-,-,-,-,-,-,-,-,-,-,-,Bronze,-,-,-,Bronze,-,-,-,-,-,-,-,-,-,-,2001-02 Sacramento Kings,Sacramento Kings,2001-02,'02
lawrence-funderburke-2001-02-sacramento-kings,Lawrence Funderburke,2001-02 Sacramento Kings,PF,75,"6'9""",81,230,"7'3""",87,61.0,65.0,47.0,72.0,59.0,75.0,98.0,82,61,51,70,78,25,51,60,68,61,64,65,64,90,44,44,46,38,61,41,92,70,62,91,73,72,51,70,65,74,69,38,43,77,72,-,-,-,-,-,-,-,-,-,-,-,-,-,-,-,Bronze,-,-,-,-,-,-,-,-,-,-,-,-,-,-,-,-,-,-,-,-,-,-,-,-,2001-02 Sacramento Kings,Sacramento Kings,2001-02,'02
chucky-brown-2001-02-sacramento-kings,Chucky Brown,2001-02 Sacramento Kings,PF,70,"6'9""",81,245,"6'10""",82,64.0,53.0,37.0,65.0,59.0,73.0,90.0,82,50,75,45,75,54,51,45,62,39,59,33,61,70,35,31,64,28,25,33,93,92,25,79,76,57,80,50,75,71,45,33,56,75,70,-,-,-,-,-,-,-,-,-,-,-,-,-,-,-,-,-,-,-,-,-,-,-,-,-,-,-,-,-,-,-,-,-,-,-,-,-,Silver,-,-,2001-02 Sacramento Kings,Sacramento Kings,2001-02,'02
walt-frazier-1971-72-new-york-knicks,Walt Frazier,1971-72 New York Knicks,PG / SG,92,"6'4""",76,200,"6'7""",79,85.0,60.0,84.0,87.0,79.0,51.0,80.0,86,82,80,95,92,74,79,61,95,92,48,55,25,25,87,81,85,80,85,97,85,92,85,96,72,79,31,95,95,57,84,96,96,61,41,-,-,Bronze,-,Silver,-,Gold,-,Gold,-,-,-,-,-,-,-,Gold,Gold,-,Gold,Gold,Gold,Gold,Gold,Gold,HOF,Gold,-,Gold,Gold,Gold,Gold,-,Gold,-,-,-,-,-,-,1971-72 New York Knicks,New York Knicks,1971-72,'72
jerry-lucas-1971-72-new-york-knicks,Jerry Lucas,1971-72 New York Knicks,PF / C,86,"6'8""",80,230,"6'11""",83,84.0,72.0,63.0,71.0,71.0,91.0,98.0,79,79,75,95,98,80,69,50,90,55,85,85,84,58,55,75,74,73,36,45,98,80,45,98,85,45,64,90,90,79,77,49,50,92,90,-,-,-,Gold,-,Silver,-,Gold,-,-,-,Bronze,-,-,-,-,-,-,Silver,-,-,-,-,-,-,Gold,-,-,-,-,-,-,-,-,-,Gold,Gold,Silver,-,-,1971-72 New York Knicks,New York Knicks,1971-72,'72
dave-debusschere-1971-72-new-york-knicks,Dave DeBusschere,1971-72 New York Knicks,PF / SF,84,"6'6""",78,220,"6'9""",81,79.0,62.0,64.0,76.0,79.0,81.0,80.0,79,73,75,90,90,69,65,43,74,60,85,65,65,38,62,72,74,70,40,80,85,88,51,95,75,60,42,95,92,90,92,80,62,82,80,-,-,-,Gold,-,Silver,-,-,-,-,-,-,-,-,-,-,-,-,-,-,-,-,-,-,-,Gold,Bronze,-,Bronze,-,Gold,Bronze,Gold,-,Gold,Silver,Gold,Gold,-,-,1971-72 New York Knicks,New York Knicks,1971-72,'72
willis-reed-1971-72-new-york-knicks,Willis Reed,1971-72 New York Knicks,C / PF,83,"6'9""",81,235,"7'1""",85,73.0,71.0,49.0,66.0,76.0,80.0,80.0,81,74,80,90,74,40,69,60,80,50,88,70,60,92,51,50,55,49,38,48,70,77,48,82,75,60,90,90,85,82,82,48,55,80,80,-,-,-,Gold,-,Gold,-,Bronze,-,Bronze,-,Bronze,Gold,Gold,-,Gold,-,-,-,-,-,-,-,-,-,Gold,-,Gold,-,-,-,-,Gold,-,Gold,Gold,Gold,Gold,Gold,-,1971-72 New York Knicks,New York Knicks,1971-72,'72
bill-bradley-1971-72-new-york-knicks,Bill Bradley,1971-72 New York Knicks,SF / SG,80,"6'5""",77,205,"6'8""",80,85.0,60.0,71.0,75.0,65.0,34.0,85.0,87,85,86,85,85,80,74,52,75,64,60,60,66,30,76,75,75,78,52,82,85,86,58,88,64,65,31,85,74,65,65,78,60,37,31,-,-,-,-,-,-,-,-,-,-,-,-,-,-,-,-,-,-,-,-,-,-,-,-,-,-,-,-,-,-,-,-,-,-,-,-,-,-,-,-,1971-72 New York Knicks,New York Knicks,1971-72,'72
earl-monroe-1971-72-new-york-knicks,Earl Monroe,1971-72 New York Knicks,PG / SG,78,"6'3""",75,185,"6'6""",78,79.0,55.0,80.0,77.0,63.0,35.0,80.0,84,82,77,85,77,70,77,48,85,93,33,44,36,25,85,78,80,79,79,84,77,80,79,94,55,70,30,85,75,30,80,74,68,38,32,-,-,-,-,-,-,-,-,Silver,-,-,-,-,-,-,-,-,-,-,-,-,-,-,-,-,-,-,-,-,-,-,-,-,-,-,-,-,-,-,-,1971-72 New York Knicks,New York Knicks,1971-72,'72
phil-jackson-1971-72-new-york-knicks,Phil Jackson,1971-72 New York Knicks,PF / C,74,"6'8""",80,220,"6'11""",83,73.0,64.0,43.0,66.0,64.0,71.0,90.0,79,73,72,75,77,59,79,65,70,76,60,40,59,65,41,47,40,45,44,45,71,85,62,75,70,55,62,75,70,68,68,45,62,80,62,-,-,-,-,-,-,-,-,-,-,-,-,-,-,-,-,-,-,-,-,-,-,-,-,-,-,-,-,-,-,-,-,-,-,-,-,-,-,-,-,1971-72 New York Knicks,New York Knicks,1971-72,'72
greg-fillmore-1971-72-new-york-knicks,Greg Fillmore,1971-72 New York Knicks,C,70,"7'1""",85,240,"7'5""",89,47.0,56.0,30.0,67.0,64.0,78.0,75.0,67,47,38,60,45,25,52,58,60,45,57,40,58,80,33,32,31,30,25,45,90,80,37,80,55,81,82,65,70,75,52,45,59,78,78,-,-,-,-,-,-,-,-,-,-,-,-,-,-,-,-,-,-,-,-,-,-,-,-,-,-,-,-,-,-,-,-,-,-,-,Bronze,Silver,-,-,-,1971-72 New York Knicks,New York Knicks,1971-72,'72
eddie-mast-1971-72-new-york-knicks,Eddie Mast,1971-72 New York Knicks,PF,69,"6'9""",81,220,"7'0""",84,51.0,62.0,39.0,61.0,50.0,78.0,98.0,58,63,42,45,68,30,52,60,75,44,62,64,65,75,33,42,44,39,37,37,66,79,44,66,66,68,47,50,58,62,44,37,52,76,79,-,-,-,-,-,-,-,-,-,-,-,-,-,-,-,-,-,-,-,-,-,-,-,-,-,-,-,-,-,-,-,-,-,-,-,-,-,-,-,-,1971-72 New York Knicks,New York Knicks,1971-72,'72
luther-rackley-1971-72-new-york-knicks,Luther Rackley,1971-72 New York Knicks,C / PF,67,"6'10""",82,220,"7'2""",86,51.0,50.0,37.0,54.0,56.0,81.0,98.0,49,58,35,60,77,25,73,40,44,30,40,25,66,79,26,41,35,40,44,34,44,76,48,65,50,59,75,55,60,63,45,34,59,86,75,-,-,-,-,-,-,-,-,-,-,-,-,-,-,-,-,-,-,-,-,-,-,-,-,-,-,-,-,-,-,-,-,-,-,-,Silver,-,-,-,-,1971-72 New York Knicks,New York Knicks,1971-72,'72
dick-barnett-1971-72-new-york-knicks,Dick Barnett,1971-72 New York Knicks,SG / SF,78,"6'4""",76,190,"6'7""",79,75.0,59.0,75.0,76.0,65.0,49.0,80.0,77,75,75,73,73,78,67,56,90,73,60,60,40,25,74,79,79,77,67,77,90,84,62,92,58,69,40,75,74,53,68,75,69,49,49,-,-,-,-,-,-,-,-,-,-,-,-,-,-,-,-,-,-,-,-,-,-,-,-,-,-,-,-,-,-,-,-,-,-,-,-,-,-,-,-,1971-72 New York Knicks,New York Knicks,1971-72,'72
carmelo-anthony-2011-12-new-york-knicks,Carmelo Anthony,2011-12 New York Knicks,SF / PF,91,"6'8""",80,240,"7'0""",84,83.0,86.0,81.0,84.0,71.0,58.0,70.0,64,80,82,95,98,79,88,95,95,83,88,95,70,75,94,84,94,55,80,80,82,79,87,95,82,85,68,65,70,73,74,72,78,70,45,HOF,Gold,-,Silver,HOF,Gold,-,-,Gold,-,Silver,Silver,-,Silver,-,-,Gold,Gold,-,-,Silver,-,Bronze,Bronze,-,-,-,-,-,-,-,-,-,-,-,-,-,-,-,Gold,2011-12 New York Knicks,New York Knicks,2011-12,'12
amare-stoudemire-2011-12-new-york-knicks,Amar’e Stoudemire,2011-12 New York Knicks,PF / C,86,"6'10""",82,245,"7'2""",86,77.0,89.0,52.0,82.0,65.0,75.0,60.0,77,77,82,80,98,50,79,95,98,77,90,90,88,95,54,52,60,34,62,52,85,90,82,90,82,95,70,60,75,77,60,52,60,77,72,-,-,-,Gold,-,Gold,Gold,-,-,Silver,-,Silver,Gold,Bronze,Gold,Gold,-,-,-,-,-,-,-,-,-,-,-,-,-,-,-,-,-,-,-,-,-,-,-,-,2011-12 New York Knicks,New York Knicks,2011-12,'12
tyson-chandler-2011-12-new-york-knicks,Tyson Chandler,2011-12 New York Knicks,C,84,"7'1""",85,240,"7'3""",87,59.0,71.0,39.0,73.0,78.0,88.0,70.0,83,69,30,50,92,31,77,79,58,74,66,52,65,95,35,40,64,31,25,54,75,76,64,87,80,74,75,95,96,95,75,54,58,89,87,-,-,-,-,-,Silver,-,-,-,-,-,-,Bronze,Bronze,Bronze,Gold,-,-,-,-,-,-,-,-,-,-,-,Gold,-,-,-,-,Gold,-,Gold,Silver,Bronze,Gold,Gold,-,2011-12 New York Knicks,New York Knicks,2011-12,'12
jeremy-lin-2011-12-new-york-knicks,Jeremy Lin,2011-12 New York Knicks,PG / SG,84,"6'3""",75,200,"6'5""",77,82.0,55.0,84.0,79.0,66.0,44.0,85.0,85,79,92,80,80,75,88,45,94,75,38,45,28,25,90,78,84,88,82,86,84,80,83,95,45,80,45,75,78,28,70,79,89,52,36,-,-,-,-,Gold,-,Gold,-,Silver,-,-,-,-,-,-,-,Bronze,-,-,Bronze,Silver,-,-,-,Silver,-,Bronze,-,-,Bronze,-,-,-,Silver,-,-,-,-,-,Gold,2011-12 New York Knicks,New York Knicks,2011-12,'12
jr-smith-2011-12-new-york-knicks,J.R. Smith,2011-12 New York Knicks,SG / SF,79,"6'6""",78,220,"6'10""",82,73.0,59.0,73.0,79.0,58.0,40.0,85.0,64,71,80,85,58,82,44,85,90,82,45,62,25,40,80,78,79,55,72,79,85,79,81,92,52,88,42,50,68,45,62,73,63,45,35,-,Gold,-,-,HOF,Gold,-,-,Silver,-,-,-,-,-,Gold,-,Bronze,-,-,-,-,-,-,-,-,-,-,-,-,-,-,-,-,-,-,-,-,-,-,Gold,2011-12 New York Knicks,New York Knicks,2011-12,'12
steve-novak-2011-12-new-york-knicks,Steve Novak,2011-12 New York Knicks,PF / SF,76,"6'10""",82,225,"6'10""",82,87.0,50.0,40.0,70.0,41.0,40.0,98.0,65,85,88,90,98,94,29,38,98,48,56,62,45,25,45,53,53,25,25,39,98,87,45,98,69,55,25,45,54,42,55,39,25,55,25,-,Gold,-,-,Silver,-,-,-,-,-,-,-,-,-,-,-,-,-,-,-,-,-,-,-,-,-,-,-,-,-,-,-,-,-,-,-,-,-,-,Gold,2011-12 New York Knicks,New York Knicks,2011-12,'12
landry-fields-2011-12-new-york-knicks,Landry Fields,2011-12 New York Knicks,SG,75,"6'7""",79,215,"6'10""",82,76.0,55.0,56.0,78.0,64.0,49.0,60.0,72,83,72,65,85,77,58,68,64,78,44,52,38,40,70,33,68,40,71,82,86,79,75,90,67,66,25,75,74,45,74,78,77,46,51,-,-,-,-,-,-,-,-,-,-,-,-,-,-,-,-,-,-,-,-,-,-,-,-,-,-,-,-,-,-,-,-,-,-,-,-,-,-,-,-,2011-12 New York Knicks,New York Knicks,2011-12,'12
jared-jeffries-2011-12-new-york-knicks,Jared Jeffries,2011-12 New York Knicks,PF / SG,74,"6'11""",83,230,"7'1""",85,60.0,61.0,57.0,74.0,71.0,72.0,80.0,60,68,75,30,65,64,50,71,90,60,60,58,40,60,60,65,75,31,55,65,92,83,64,80,65,69,70,65,70,70,74,65,80,78,65,-,-,-,-,-,-,-,-,-,-,-,-,-,-,-,-,-,-,-,-,-,-,-,-,-,Silver,-,-,-,-,-,-,-,-,-,-,-,-,-,-,2011-12 New York Knicks,New York Knicks,2011-12,'12
baron-davis-2011-12-new-york-knicks,Baron Davis,2011-12 New York Knicks,PG,73,"6'3""",75,195,"6'6""",78,61.0,53.0,79.0,86.0,54.0,48.0,70.0,65,67,73,45,45,72,40,85,84,76,42,38,30,25,80,78,81,78,80,83,95,98,81,91,66,89,40,50,68,25,68,70,58,60,35,-,-,-,-,-,-,-,-,-,-,-,-,-,-,-,-,-,-,-,-,-,Silver,Silver,Silver,Silver,-,-,-,-,-,-,-,-,-,-,-,-,-,-,-,2011-12 New York Knicks,New York Knicks,2011-12,'12
mike-bibby-2011-12-new-york-knicks,Mike Bibby,2011-12 New York Knicks,PG,72,"6'1""",73,190,"6'4""",76,69.0,47.0,76.0,73.0,54.0,45.0,95.0,60,75,74,35,95,73,26,45,86,72,39,60,25,25,80,78,80,66,75,81,74,84,77,85,38,72,43,50,64,32,60,66,60,44,46,-,-,-,-,-,-,-,-,-,-,-,-,-,-,-,-,-,-,-,-,-,-,-,-,-,-,-,-,-,-,-,-,-,-,-,-,-,-,-,-,2011-12 New York Knicks,New York Knicks,2011-12,'12
patrick-ewing-1994-95-new-york-knicks,Patrick Ewing,1994-95 New York Knicks,C / PF,90,"7'0""",84,240,"7'4""",88,81.0,86.0,53.0,64.0,79.0,80.0,50.0,93,75,83,98,80,55,88,55,98,69,96,98,90,95,40,64,78,57,27,35,50,88,45,90,92,46,80,98,95,94,91,35,59,92,67,-,-,-,Gold,-,Gold,-,Gold,-,HOF,Gold,Gold,HOF,HOF,-,Silver,-,-,-,-,-,-,-,-,-,Gold,-,Silver,-,-,-,-,HOF,-,HOF,Gold,Gold,Gold,Gold,-,1994-95 New York Knicks,New York Knicks,1994-95,'95
john-starks-1994-95-new-york-knicks,John Starks,1994-95 New York Knicks,SG / PG,82,"6'3""",75,180,"6'6""",78,77.0,65.0,74.0,84.0,68.0,57.0,70.0,77,73,72,75,80,86,79,77,80,80,50,63,44,45,75,74,79,72,72,87,98,88,74,98,60,82,27,90,88,39,84,88,63,59,55,-,Gold,-,-,Gold,-,-,-,-,-,-,-,-,-,-,-,-,-,-,Bronze,-,-,-,-,Bronze,Gold,Bronze,-,Silver,-,-,Silver,-,Silver,-,-,-,-,-,Gold,1994-95 New York Knicks,New York Knicks,1994-95,'95
charles-oakley-1994-95-new-york-knicks,Charles Oakley,1994-95 New York Knicks,PF / C,80,"6'8""",80,225,"7'0""",84,73.0,61.0,49.0,76.0,71.0,79.0,80.0,62,79,75,85,80,55,67,58,90,50,75,45,45,60,29,49,49,48,70,36,98,85,74,95,90,52,32,95,88,92,90,36,65,78,80,-,-,-,-,-,Gold,-,-,-,-,-,-,-,-,-,-,-,-,-,-,-,-,-,-,-,Gold,-,-,-,-,-,-,Gold,-,Gold,Gold,-,Gold,-,-,1994-95 New York Knicks,New York Knicks,1994-95,'95
charles-smith-1994-95-new-york-knicks,Charles Smith,1994-95 New York Knicks,PF / C,79,"6'10""",82,230,"7'2""",86,78.0,72.0,62.0,73.0,71.0,67.0,90.0,84,79,82,80,78,62,79,75,69,83,64,63,63,80,70,64,71,38,68,67,66,78,72,88,69,73,72,70,74,72,70,72,65,69,65,-,-,-,-,-,-,-,-,-,-,-,-,-,-,-,-,-,-,-,-,-,-,-,-,-,-,-,-,-,-,-,-,-,-,-,-,-,-,-,-,1994-95 New York Knicks,New York Knicks,1994-95,'95
hubert-davis-1994-95-new-york-knicks,Hubert Davis,1994-95 New York Knicks,SG / SF,77,"6'5""",77,183,"6'8""",80,84.0,50.0,67.0,70.0,55.0,37.0,60.0,81,80,85,85,80,93,58,59,70,65,25,51,25,44,69,69,75,60,60,67,80,77,65,83,52,69,37,65,62,40,58,64,58,38,36,Bronze,Gold,-,Silver,Silver,-,-,-,-,-,-,-,-,-,-,-,-,-,-,-,-,-,-,-,-,-,-,-,-,-,-,-,-,-,-,-,-,-,-,Gold,1994-95 New York Knicks,New York Knicks,1994-95,'95
derek-harper-1994-95-new-york-knicks,Derek Harper,1994-95 New York Knicks,PG / SG,77,"6'4""",76,185,"6'7""",79,73.0,53.0,78.0,76.0,69.0,37.0,30.0,72,72,78,65,70,79,58,47,77,79,48,55,36,25,80,78,79,73,79,89,77,81,79,84,56,63,32,85,88,47,87,86,61,41,32,-,-,-,-,-,-,-,-,Bronze,-,-,-,-,-,-,-,Bronze,-,-,-,-,-,-,-,-,Gold,Gold,-,Gold,Gold,Gold,Gold,-,Gold,-,-,-,-,-,-,1994-95 New York Knicks,New York Knicks,1994-95,'95
greg-anthony-1994-95-new-york-knicks,Greg Anthony,1994-95 New York Knicks,PG / SG,75,"6'0""",72,176,"6'3""",75,75.0,44.0,81.0,75.0,54.0,35.0,75.0,75,78,74,75,67,80,64,25,80,76,25,29,25,25,84,84,84,73,80,78,84,80,77,84,44,75,40,60,60,32,42,64,81,41,29,-,-,-,Bronze,-,-,-,-,-,-,-,-,-,-,-,-,-,-,-,-,-,Silver,-,-,Silver,-,-,-,-,-,-,-,-,-,-,-,-,-,-,-,1994-95 New York Knicks,New York Knicks,1994-95,'95
anthony-bonner-1994-95-new-york-knicks,Anthony Bonner,1994-95 New York Knicks,PF / SF,70,"6'8""",80,215,"6'11""",83,55.0,53.0,38.0,65.0,66.0,72.0,98.0,58,65,50,50,60,46,53,55,56,50,40,48,40,82,34,44,44,41,26,49,74,78,50,70,67,70,55,70,67,79,70,49,69,63,81,-,-,-,-,-,-,-,-,-,-,-,-,-,-,-,-,-,-,-,-,-,-,-,-,-,-,-,-,-,-,-,-,-,-,-,-,-,-,-,-,1994-95 New York Knicks,New York Knicks,1994-95,'95
doug-christie-1994-95-new-york-knicks,Doug Christie,1994-95 New York Knicks,SG / SF,70,"6'6""",78,200,"6'9""",81,63.0,54.0,65.0,75.0,70.0,55.0,40.0,70,80,65,30,60,72,40,70,85,75,33,55,25,47,68,67,62,58,72,85,86,77,74,83,50,70,50,80,84,55,82,78,60,62,47,-,-,-,-,-,-,-,-,-,-,-,-,-,-,-,-,-,-,-,-,-,-,-,-,-,Bronze,-,-,-,-,-,-,-,-,-,-,-,-,-,-,1994-95 New York Knicks,New York Knicks,1994-95,'95
charlie-ward-1994-95-new-york-knicks,Charlie Ward,1994-95 New York Knicks,PG,69,"6'2""",74,190,"6'7""",79,58.0,45.0,76.0,80.0,64.0,50.0,35.0,70,71,72,30,30,73,44,30,95,74,30,35,30,25,75,75,77,70,85,90,76,78,85,90,50,91,51,65,70,34,70,70,85,50,49,-,-,-,-,-,-,-,-,-,-,-,-,-,-,-,-,-,-,-,-,-,-,-,-,Bronze,-,Gold,-,-,Bronze,-,-,-,Bronze,-,-,-,-,-,-,1994-95 New York Knicks,New York Knicks,1994-95,'95
monty-williams-1994-95-new-york-knicks,Monty Williams,1994-95 New York Knicks,SF / PF,68,"6'8""",80,225,"6'11""",83,54.0,59.0,58.0,68.0,54.0,64.0,80.0,68,44,66,49,50,48,61,67,75,72,50,60,40,50,63,60,57,60,51,61,76,79,56,80,55,66,40,50,55,60,55,51,67,56,71,-,-,-,-,-,-,-,-,-,-,-,-,-,-,-,-,-,-,-,-,-,-,-,-,-,-,-,-,-,-,-,-,-,-,-,-,-,-,-,-,1994-95 New York Knicks,New York Knicks,1994-95,'95
herb-williams-1994-95-new-york-knicks,Herb Williams,1994-95 New York Knicks,C / PF,67,"6'11""",83,242,"7'3""",87,52.0,50.0,35.0,51.0,68.0,55.0,70.0,67,62,35,65,60,25,49,40,66,29,60,35,58,60,34,39,40,31,29,25,42,80,47,60,75,28,82,80,74,80,75,25,57,67,43,-,-,-,-,-,-,-,-,-,-,-,-,-,-,-,-,-,-,-,-,-,-,-,-,-,-,-,-,-,-,-,-,-,-,-,-,-,Gold,-,-,1994-95 New York Knicks,New York Knicks,1994-95,'95
patrick-ewing-1998-99-new-york-knicks,Patrick Ewing,1998-99 New York Knicks,C / PF,85,"7'0""",84,240,"7'4""",88,76.0,84.0,53.0,62.0,71.0,78.0,40.0,88,71,80,70,91,55,80,55,98,69,96,98,79,95,40,64,78,57,25,35,50,88,39,85,92,46,80,80,88,88,70,35,59,85,71,-,-,-,Gold,-,Gold,-,-,-,Gold,Gold,Gold,Gold,Gold,-,Silver,-,-,-,-,-,-,-,-,-,Gold,-,-,-,-,-,-,Gold,-,Bronze,Gold,-,Gold,-,-,1998-99 New York Knicks,New York Knicks,1998-99,'99
latrell-sprewell-1998-99-new-york-knicks,Latrell Sprewell,1998-99 New York Knicks,SF,84,"6'5""",77,190,"6'9""",81,82.0,76.0,80.0,84.0,73.0,57.0,60.0,88,81,81,90,84,70,80,90,98,88,65,78,51,55,80,84,83,72,82,88,98,85,84,98,48,88,49,85,84,60,83,87,61,59,55,-,-,-,-,-,Bronze,-,-,-,-,-,-,-,-,Bronze,-,-,-,-,-,-,-,-,-,-,Silver,-,-,Silver,-,-,Silver,-,-,-,-,-,-,-,-,1998-99 New York Knicks,New York Knicks,1998-99,'99
allan-houston-1998-99-new-york-knicks,Allan Houston,1998-99 New York Knicks,SG / SF,83,"6'6""",78,200,"6'9""",81,84.0,61.0,77.0,81.0,68.0,43.0,80.0,80,86,84,85,80,87,52,45,86,75,64,82,45,35,83,79,82,62,80,77,88,93,85,95,54,72,52,70,75,64,75,75,65,44,41,Silver,Gold,-,-,Gold,-,-,-,-,-,-,-,-,-,-,-,-,-,-,-,-,-,-,-,-,-,Silver,-,-,-,-,-,-,-,-,-,-,-,-,Gold,1998-99 New York Knicks,New York Knicks,1998-99,'99
larry-johnson-1998-99-new-york-knicks,Larry Johnson,1998-99 New York Knicks,PF / SF,81,"6'7""",79,257,"6'10""",82,81.0,80.0,71.0,82.0,69.0,69.0,50.0,82,82,79,70,90,80,70,77,90,75,90,85,66,87,71,74,75,62,72,57,85,88,78,95,88,85,37,90,81,82,80,57,56,70,68,-,-,-,-,-,-,-,-,-,-,-,Bronze,Silver,Bronze,-,-,-,-,-,-,-,-,-,-,-,-,-,-,-,-,-,-,-,-,Bronze,-,-,Gold,-,-,1998-99 New York Knicks,New York Knicks,1998-99,'99
marcus-camby-1998-99-new-york-knicks,Marcus Camby,1998-99 New York Knicks,C,79,"6'11""",83,220,"7'3""",87,60.0,69.0,37.0,73.0,74.0,86.0,40.0,80,55,60,35,66,65,54,71,94,60,70,38,74,90,35,45,50,28,26,56,95,66,64,95,78,60,96,75,85,87,60,56,60,80,91,-,-,-,-,-,Gold,-,-,-,-,-,-,-,-,-,Bronze,-,-,-,-,-,-,-,-,-,Bronze,-,Silver,-,-,-,-,Silver,-,Silver,Gold,Gold,Bronze,Silver,-,1998-99 New York Knicks,New York Knicks,1998-99,'99
charlie-ward-1998-99-new-york-knicks,Charlie Ward,1998-99 New York Knicks,PG,76,"6'2""",74,190,"6'7""",79,71.0,45.0,76.0,80.0,70.0,50.0,40.0,70,71,72,50,75,85,44,30,95,74,30,35,30,25,75,75,77,70,85,90,76,78,85,90,50,91,51,80,80,34,78,82,85,50,49,-,-,Gold,Gold,Bronze,-,-,-,-,-,-,-,-,-,-,-,-,-,-,-,-,-,-,-,Bronze,-,Gold,-,Silver,Bronze,-,Silver,-,Bronze,-,-,-,-,-,-,1998-99 New York Knicks,New York Knicks,1998-99,'99
kurt-thomas-1998-99-new-york-knicks,Kurt Thomas,1998-99 New York Knicks,PF,75,"6'9""",81,230,"7'1""",85,65.0,64.0,45.0,65.0,62.0,80.0,98.0,80,61,68,75,79,25,57,40,75,60,71,70,68,70,38,48,45,51,44,32,72,84,55,78,64,70,49,80,71,76,64,42,52,80,79,-,-,-,-,-,-,-,-,-,-,-,-,-,-,-,-,-,-,-,-,-,-,-,-,-,-,-,-,-,-,-,-,-,-,Bronze,Bronze,-,-,-,-,1998-99 New York Knicks,New York Knicks,1998-99,'99
rick-brunson-1998-99-new-york-knicks,Rick Brunson,1998-99 New York Knicks,PG,71,"6'4""",76,190,"6'8""",80,68.0,45.0,77.0,72.0,53.0,35.0,80.0,67,69,69,45,80,79,50,35,75,65,52,30,30,25,79,78,78,75,74,72,75,80,76,85,42,74,37,60,62,32,60,65,52,37,32,-,-,-,-,-,-,-,-,-,-,-,-,-,-,-,-,-,-,-,-,-,-,-,-,-,-,-,-,-,-,-,-,-,-,-,-,-,-,-,-,1998-99 New York Knicks,New York Knicks,1998-99,'99
chris-childs-1998-99-new-york-knicks,Chris Childs,1998-99 New York Knicks,PG,71,"6'3""",75,195,"6'7""",79,71.0,46.0,76.0,67.0,56.0,41.0,70.0,72,81,83,50,70,70,60,48,67,75,25,43,26,25,79,79,79,72,71,72,65,80,71,73,40,71,35,67,67,36,67,68,53,41,41,-,-,-,-,-,-,-,-,-,-,-,-,-,-,-,-,-,-,-,-,-,-,-,-,-,-,-,-,-,-,-,-,-,-,-,-,-,-,-,-,1998-99 New York Knicks,New York Knicks,1998-99,'99
chris-dudley-1998-99-new-york-knicks,Chris Dudley,1998-99 New York Knicks,C,69,"7'1""",85,248,"7'5""",89,49.0,60.0,32.0,51.0,59.0,90.0,70.0,66,40,40,55,70,25,67,42,65,41,63,67,67,69,43,32,32,29,25,32,49,81,26,66,64,38,51,55,75,74,68,32,59,88,92,-,-,-,-,-,Silver,-,-,-,-,-,-,-,-,-,-,-,-,-,-,-,-,-,-,-,-,-,-,-,-,-,-,-,-,-,Gold,-,-,-,-,1998-99 New York Knicks,New York Knicks,1998-99,'99
david-wingate-1998-99-new-york-knicks,David Wingate,1998-99 New York Knicks,SG / SF,68,"6'5""",77,185,"6'8""",80,66.0,49.0,57.0,71.0,59.0,40.0,80.0,68,78,72,40,65,70,53,55,75,65,25,55,25,42,67,58,60,49,53,71,85,79,64,82,55,60,37,60,70,62,58,68,61,40,40,-,-,-,-,-,-,-,-,-,-,-,-,-,-,-,-,-,-,-,-,-,-,-,-,-,-,Silver,-,-,-,-,-,-,-,-,-,-,-,-,-,1998-99 New York Knicks,New York Knicks,1998-99,'99
herb-williams-1998-99-new-york-knicks,Herb Williams,1998-99 New York Knicks,C / PF,67,"6'10""",82,242,"7'3""",87,56.0,50.0,35.0,51.0,68.0,55.0,50.0,67,75,35,65,70,25,49,40,66,29,60,35,58,60,34,39,40,31,29,25,42,80,47,60,75,28,82,80,74,80,75,25,57,67,43,-,-,-,-,-,-,-,-,-,-,-,-,-,-,-,-,-,-,-,-,-,-,-,-,-,-,-,-,-,-,-,-,-,-,-,-,-,Gold,-,-,1998-99 New York Knicks,New York Knicks,1998-99,'99
magic-johnson-1990-91-los-angeles-lakers,Magic Johnson,1990-91 Los Angeles Lakers,PG / SG,92,"6'9""",81,220,"7'1""",85,88.0,78.0,94.0,83.0,72.0,70.0,80.0,95,90,79,98,92,76,89,50,98,94,90,80,96,25,94,99,99,98,78,82,95,99,79,97,66,65,32,85,79,80,78,80,69,74,66,-,-,-,-,-,Silver,Silver,Bronze,Gold,-,Silver,Gold,-,Gold,-,-,Gold,Gold,Gold,HOF,Gold,-,Gold,Gold,Gold,-,-,-,-,-,-,-,-,Gold,-,-,-,-,-,-,1990-91 Los Angeles Lakers,Los Angeles Lakers,1990-91,'91
james-worthy-1990-91-los-angeles-lakers,James Worthy,1990-91 Los Angeles Lakers,SF / PF,86,"6'9""",81,225,"7'0""",84,83.0,83.0,75.0,80.0,76.0,55.0,60.0,90,79,75,95,90,67,66,84,90,78,92,88,81,85,70,79,79,77,68,84,80,85,72,91,70,80,42,95,92,77,85,80,63,59,51,-,-,-,Gold,-,Gold,Silver,Silver,Gold,-,-,Silver,-,Silver,-,Silver,-,-,Gold,-,-,-,-,-,-,-,-,-,-,-,-,-,-,-,-,-,-,-,-,-,1990-91 Los Angeles Lakers,Los Angeles Lakers,1990-91,'91
vlade-divac-1990-91-los-angeles-lakers,Vlade Divac,1990-91 Los Angeles Lakers,C / PF,77,"7'1""",85,243,"7'6""",90,69.0,63.0,36.0,62.0,68.0,78.0,98.0,67,70,66,75,75,62,70,44,75,46,68,66,67,69,30,48,47,31,25,42,67,90,36,78,70,51,72,75,66,78,70,42,71,81,74,-,-,-,Gold,-,Gold,-,Bronze,-,-,-,Bronze,Bronze,Gold,-,-,-,-,-,Gold,-,-,-,-,Silver,-,-,-,-,-,-,-,Silver,-,-,-,-,Gold,-,-,1990-91 Los Angeles Lakers,Los Angeles Lakers,1990-91,'91
ac-green-1990-91-los-angeles-lakers,A.C. Green,1990-91 Los Angeles Lakers,PF / C,76,"6'9""",81,220,"7'0""",84,71.0,62.0,41.0,74.0,68.0,71.0,75.0,72,73,63,75,80,62,73,65,75,60,55,60,60,50,63,35,35,29,44,49,95,99,60,78,70,70,40,85,81,82,80,49,61,66,76,-,-,-,-,-,Silver,-,-,-,-,-,-,-,-,-,-,-,-,-,-,-,-,-,-,-,Gold,-,-,-,-,-,-,-,-,Bronze,-,-,Silver,-,-,1990-91 Los Angeles Lakers,Los Angeles Lakers,1990-91,'91
byron-scott-1990-91-los-angeles-lakers,Byron Scott,1990-91 Los Angeles Lakers,SG / PG,76,"6'4""",76,195,"6'7""",79,80.0,57.0,59.0,75.0,58.0,41.0,98.0,79,79,82,75,85,79,52,80,76,80,36,63,25,40,73,55,55,40,73,76,67,87,73,93,46,84,37,65,73,34,62,74,63,45,37,-,Silver,-,-,-,-,-,-,-,-,-,-,-,-,-,-,-,-,-,-,-,-,-,-,-,-,-,-,-,-,-,-,-,-,-,-,-,-,-,Gold,1990-91 Los Angeles Lakers,Los Angeles Lakers,1990-91,'91
sam-perkins-1990-91-los-angeles-lakers,Sam Perkins,1990-91 Los Angeles Lakers,PF / C,75,"6'9""",81,235,"7'0""",84,80.0,64.0,39.0,61.0,64.0,66.0,80.0,77,82,74,85,85,75,69,58,74,55,60,70,60,62,32,56,51,32,25,37,72,85,39,77,74,46,57,75,74,78,70,37,60,67,65,-,-,-,-,-,-,-,-,-,-,-,-,-,-,-,-,-,-,-,-,-,-,-,-,-,-,-,-,-,-,-,-,-,-,-,-,-,-,-,-,1990-91 Los Angeles Lakers,Los Angeles Lakers,1990-91,'91
terry-teagle-1990-91-los-angeles-lakers,Terry Teagle,1990-91 Los Angeles Lakers,SG,75,"6'5""",77,195,"6'9""",81,78.0,63.0,68.0,77.0,58.0,49.0,65.0,82,76,77,80,89,64,69,72,95,74,36,51,49,57,79,72,71,46,71,74,88,82,75,91,53,79,32,70,72,32,65,74,63,41,57,-,-,-,-,-,-,-,-,-,-,-,-,-,-,-,-,-,-,-,-,-,-,-,-,-,-,-,-,-,-,-,-,-,-,-,-,-,-,-,-,1990-91 Los Angeles Lakers,Los Angeles Lakers,1990-91,'91
tony-smith-1990-91-los-angeles-lakers,Tony Smith,1990-91 Los Angeles Lakers,SG,72,"6'3""",75,185,"6'8""",80,70.0,46.0,77.0,73.0,61.0,43.0,50.0,69,65,70,60,90,68,49,25,80,72,33,39,42,25,82,79,79,70,74,76,94,80,76,79,49,58,40,65,68,38,67,70,76,40,46,-,-,-,-,-,-,-,-,-,-,-,-,-,-,-,-,-,-,-,-,-,-,-,-,-,-,-,-,-,-,-,-,-,-,-,-,-,-,-,-,1990-91 Los Angeles Lakers,Los Angeles Lakers,1990-91,'91
larry-drew-1990-91-los-angeles-lakers,Larry Drew,1990-91 Los Angeles Lakers,PG / SG,71,"6'1""",73,170,"6'6""",78,72.0,39.0,79.0,66.0,52.0,36.0,70.0,74,77,70,62,70,78,45,25,74,65,25,29,25,25,79,80,82,77,79,78,63,79,79,78,34,49,27,70,62,25,54,65,61,41,31,-,-,-,-,-,-,-,-,-,-,-,-,-,-,-,-,-,-,-,-,-,-,-,-,-,-,-,-,-,-,-,-,-,-,-,-,-,-,-,-,1990-91 Los Angeles Lakers,Los Angeles Lakers,1990-91,'91
mychal-thompson-1990-91-los-angeles-lakers,Mychal Thompson,1990-91 Los Angeles Lakers,C / PF,70,"6'10""",82,226,"7'2""",86,66.0,55.0,36.0,51.0,60.0,75.0,85.0,81,70,52,80,85,30,64,40,69,35,48,45,60,80,27,45,47,27,32,25,60,77,40,65,64,28,52,75,77,65,65,25,58,75,75,-,-,-,-,-,-,-,-,-,-,-,-,-,-,-,-,-,-,-,-,-,-,-,-,-,-,-,-,-,-,-,-,-,-,-,-,-,-,-,-,1990-91 Los Angeles Lakers,Los Angeles Lakers,1990-91,'91
elden-campbell-1990-91-los-angeles-lakers,Elden Campbell,1990-91 Los Angeles Lakers,C / PF,69,"6'11""",83,215,"7'3""",87,54.0,65.0,30.0,54.0,61.0,75.0,70.0,64,65,45,50,70,30,71,50,69,42,67,66,66,90,33,33,33,28,25,39,60,77,32,65,60,48,88,50,64,66,60,39,61,66,84,-,-,-,-,-,-,-,-,-,-,-,-,-,-,-,Silver,-,-,-,-,-,-,-,-,-,-,-,-,-,-,-,-,-,-,-,Silver,-,-,-,-,1990-91 Los Angeles Lakers,Los Angeles Lakers,1990-91,'91
irving-thomas-1990-91-los-angeles-lakers,Irving Thomas,1990-91 Los Angeles Lakers,PF,69,"6'8""",80,225,"7'0""",84,52.0,59.0,45.0,61.0,51.0,59.0,98.0,60,57,50,50,72,25,60,40,60,69,62,62,62,60,45,45,55,27,52,50,60,70,54,63,71,61,59,60,69,67,44,30,30,63,55,-,-,-,-,-,-,-,-,-,-,-,-,-,-,-,-,-,-,-,-,-,-,-,-,-,-,-,-,-,-,-,-,-,-,-,-,-,-,-,-,1990-91 Los Angeles Lakers,Los Angeles Lakers,1990-91,'91
kobe-bryant-2003-04-los-angeles-lakers,Kobe Bryant,2003-04 Los Angeles Lakers,SG / SF,95,"6'6""",78,205,"6'11""",83,91.0,76.0,84.0,87.0,79.0,50.0,65.0,92,85,94,98,97,79,92,85,97,98,68,74,57,35,89,85,85,75,86,96,85,83,88,98,70,88,51,95,90,62,92,96,67,54,46,Gold,-,-,Gold,Gold,-,Gold,-,Gold,Silver,Silver,Gold,-,Gold,Gold,-,Gold,Gold,Gold,-,Silver,Gold,Gold,Gold,Gold,Gold,Gold,-,Gold,Gold,Gold,Gold,-,Gold,-,-,Gold,-,-,Gold,2003-04 Los Angeles Lakers,Los Angeles Lakers,2003-04,'04
shaquille-oneal-2003-04-los-angeles-lakers,Shaquille O’Neal,2003-04 Los Angeles Lakers,C / PF,94,"7'1""",85,325,"7'7""",91,66.0,89.0,71.0,84.0,82.0,97.0,70.0,98,49,35,90,98,26,98,79,98,78,98,65,97,99,64,79,90,79,42,45,98,98,73,98,99,80,97,85,95,90,85,49,74,97,96,-,-,-,-,-,HOF,Silver,Bronze,-,Gold,HOF,-,HOF,Gold,-,HOF,-,-,-,-,-,-,-,-,-,HOF,Silver,Gold,-,-,-,-,HOF,-,Gold,HOF,Silver,HOF,Gold,-,2003-04 Los Angeles Lakers,Los Angeles Lakers,2003-04,'04
karl-malone-2003-04-los-angeles-lakers,Karl Malone,2003-04 Los Angeles Lakers,PF / C,83,"6'9""",81,250,"7'0""",84,81.0,82.0,58.0,72.0,65.0,76.0,50.0,88,75,80,98,95,50,93,75,85,72,95,96,65,75,60,68,66,70,27,39,92,99,52,85,85,50,56,80,78,80,60,39,63,82,70,-,-,-,-,-,Silver,-,-,-,Gold,-,Gold,Gold,Silver,-,Gold,-,-,-,-,-,-,-,-,-,Gold,-,-,-,-,-,-,-,-,Bronze,Bronze,-,Gold,-,-,2003-04 Los Angeles Lakers,Los Angeles Lakers,2003-04,'04
gary-payton-2003-04-los-angeles-lakers,Gary Payton,2003-04 Los Angeles Lakers,PG / SG,83,"6'4""",76,180,"6'7""",79,80.0,61.0,86.0,82.0,75.0,46.0,50.0,95,71,74,85,80,74,55,42,98,87,68,63,50,25,89,92,90,78,82,90,85,93,83,88,65,70,37,85,82,60,80,88,90,46,45,-,-,-,-,-,-,-,-,Gold,-,-,-,-,-,-,-,Bronze,Silver,-,Bronze,Silver,Bronze,Silver,Silver,Bronze,Gold,Silver,-,Gold,Silver,Bronze,Gold,-,Silver,-,-,-,-,-,-,2003-04 Los Angeles Lakers,Los Angeles Lakers,2003-04,'04
devean-george-2003-04-los-angeles-lakers,Devean George,2003-04 Los Angeles Lakers,SF,75,"6'8""",80,220,"7'0""",84,72.0,56.0,47.0,79.0,57.0,60.0,98.0,72,76,72,50,82,78,66,77,61,75,52,50,30,35,70,40,41,29,57,70,78,93,73,85,63,91,57,55,65,39,50,70,60,61,58,-,-,-,-,-,-,-,-,-,-,-,-,-,-,-,-,-,-,-,-,-,-,-,-,-,-,-,-,-,-,-,-,-,-,-,-,-,-,-,-,2003-04 Los Angeles Lakers,Los Angeles Lakers,2003-04,'04
brian-cook-2003-04-los-angeles-lakers,Brian Cook,2003-04 Los Angeles Lakers,C,74,"6'9""",81,250,"7'2""",86,81.0,54.0,45.0,53.0,60.0,72.0,98.0,74,83,79,69,98,84,25,54,85,48,52,54,54,63,43,46,45,46,46,41,54,63,46,70,57,42,69,49,57,64,63,46,70,77,66,-,-,-,-,-,-,-,-,-,-,-,-,-,-,-,-,-,-,-,-,-,-,-,-,-,-,-,-,-,-,-,-,-,-,-,-,-,-,-,-,2003-04 Los Angeles Lakers,Los Angeles Lakers,2003-04,'04
rick-fox-2003-04-los-angeles-lakers,Rick Fox,2003-04 Los Angeles Lakers,SF / SG,74,"6'7""",79,230,"6'11""",83,65.0,63.0,69.0,80.0,63.0,50.0,70.0,63,73,77,30,60,84,50,75,73,77,59,60,56,55,75,70,71,65,66,90,87,81,72,85,68,75,47,65,48,78,68,73,62,54,45,-,-,-,-,-,-,-,-,-,-,-,-,-,-,-,-,-,-,-,-,-,-,-,-,-,-,-,-,-,-,-,-,-,-,-,-,-,-,-,-,2003-04 Los Angeles Lakers,Los Angeles Lakers,2003-04,'04
horace-grant-2003-04-los-angeles-lakers,Horace Grant,2003-04 Los Angeles Lakers,PF / C,74,"6'10""",82,215,"7'2""",86,64.0,69.0,41.0,67.0,68.0,68.0,50.0,88,72,78,40,60,45,47,62,87,52,75,75,75,80,36,49,48,34,40,41,80,80,60,75,80,55,57,85,74,85,74,41,58,64,72,-,-,-,-,-,-,-,-,-,-,-,-,-,-,-,-,-,-,-,-,-,-,-,-,-,Gold,-,-,-,-,-,-,Gold,-,Gold,-,-,Bronze,-,-,2003-04 Los Angeles Lakers,Los Angeles Lakers,2003-04,'04
bryon-russell-2003-04-los-angeles-lakers,Bryon Russell,2003-04 Los Angeles Lakers,SF / SG,74,"6'8""",80,229,"7'0""",84,72.0,57.0,59.0,73.0,62.0,41.0,65.0,70,77,87,45,70,82,48,62,82,74,44,63,30,50,72,55,57,49,64,71,70,88,67,84,67,65,40,75,70,55,72,64,61,47,35,-,-,-,-,-,-,-,-,-,-,-,-,-,-,-,-,-,-,-,-,-,-,-,-,-,-,-,-,-,-,-,-,-,-,-,-,-,-,-,-,2003-04 Los Angeles Lakers,Los Angeles Lakers,2003-04,'04
derek-fisher-2003-04-los-angeles-lakers,Derek Fisher,2003-04 Los Angeles Lakers,PG / SG,73,"6'1""",73,200,"6'6""",78,70.0,41.0,78.0,70.0,55.0,48.0,95.0,55,80,81,50,84,70,37,25,76,76,26,35,25,25,81,86,87,55,80,78,68,78,82,90,30,66,30,60,73,47,49,68,58,55,40,-,-,-,-,-,-,-,-,-,-,-,-,-,-,-,-,-,-,-,Bronze,-,-,-,-,-,-,-,-,-,-,-,-,-,-,-,-,-,-,-,-,2003-04 Los Angeles Lakers,Los Angeles Lakers,2003-04,'04
luke-walton-2003-04-los-angeles-lakers,Luke Walton,2003-04 Los Angeles Lakers,PF,72,"6'8""",80,235,"6'9""",81,72.0,56.0,67.0,68.0,60.0,60.0,80.0,82,71,68,60,78,73,50,48,64,72,58,61,55,40,55,74,72,71,65,58,83,70,69,76,58,65,51,60,65,55,55,58,79,59,61,-,-,-,-,-,-,-,-,-,-,-,-,-,-,-,-,-,-,-,-,-,-,-,-,-,-,-,-,-,-,-,-,-,-,-,-,-,-,-,-,2003-04 Los Angeles Lakers,Los Angeles Lakers,2003-04,'04
ime-udoka-2003-04-los-angeles-lakers,Ime Udoka,2003-04 Los Angeles Lakers,SF,71,"6'6""",78,200,"6'9""",81,67.0,61.0,55.0,66.0,63.0,51.0,70.0,74,50,74,60,70,75,69,71,85,74,63,44,29,49,62,49,45,50,70,48,70,80,67,77,48,73,37,65,66,75,68,75,56,55,47,-,-,-,-,-,-,-,-,-,-,-,-,-,-,-,-,-,-,-,-,-,-,-,-,-,-,-,-,-,-,-,-,-,-,-,-,-,-,-,-,2003-04 Los Angeles Lakers,Los Angeles Lakers,2003-04,'04
stanislav-medvedenko-2003-04-los-angeles-lakers,Stanislav Medvedenko,2003-04 Los Angeles Lakers,PF,70,"6'10""",82,250,"7'2""",86,55.0,65.0,43.0,69.0,53.0,66.0,80.0,64,41,65,75,45,41,52,61,71,72,67,67,67,61,51,56,30,32,44,68,71,84,56,70,73,61,42,60,66,64,60,39,40,64,67,-,-,-,-,-,-,-,-,-,-,-,-,-,-,Bronze,-,-,-,-,-,-,-,-,-,-,-,-,-,-,-,-,-,-,-,-,-,-,-,-,-,2003-04 Los Angeles Lakers,Los Angeles Lakers,2003-04,'04
kareem-rush-2003-04-los-angeles-lakers,Kareem Rush,2003-04 Los Angeles Lakers,SG,70,"6'6""",78,215,"6'10""",82,69.0,58.0,63.0,74.0,48.0,42.0,50.0,82,60,85,40,70,76,62,75,94,80,38,35,38,45,79,68,62,30,74,68,85,78,76,85,50,75,40,40,59,35,44,55,60,47,37,-,-,-,-,-,-,-,-,-,-,-,-,-,-,-,-,-,-,-,-,-,-,-,-,-,-,-,-,-,-,-,-,-,-,-,-,-,-,-,-,2003-04 Los Angeles Lakers,Los Angeles Lakers,2003-04,'04
jamal-sampson-2003-04-los-angeles-lakers,Jamal Sampson,2003-04 Los Angeles Lakers,C,69,"6'11""",83,235,"7'2""",86,50.0,48.0,28.0,61.0,61.0,75.0,98.0,72,58,44,50,51,25,35,30,43,50,54,57,58,55,35,29,26,25,25,51,77,84,31,72,72,38,59,70,66,72,67,40,56,81,68,-,-,-,-,-,-,-,-,-,-,-,-,-,-,-,-,-,-,-,-,-,-,-,-,-,-,-,-,-,-,-,-,-,-,-,-,-,-,-,-,2003-04 Los Angeles Lakers,Los Angeles Lakers,2003-04,'04
jerry-west-1964-65-los-angeles-lakers,Jerry West,1964-65 Los Angeles Lakers,PG / SG,93,"6'2""",74,175,"6'9""",81,87.0,58.0,86.0,81.0,80.0,38.0,70.0,94,82,93,98,70,87,91,25,90,95,54,43,43,25,92,80,90,84,85,96,97,88,85,97,60,45,40,95,95,46,95,94,94,36,40,Gold,Gold,Gold,Gold,HOF,-,Gold,-,Gold,-,-,-,-,-,-,-,Gold,Gold,Gold,Gold,Gold,Gold,Silver,Silver,Gold,Gold,Gold,-,Gold,Gold,Gold,Gold,-,Gold,-,-,-,-,-,Gold,1964-65 Los Angeles Lakers,Los Angeles Lakers,1964-65,'65
elgin-baylor-1964-65-los-angeles-lakers,Elgin Baylor,1964-65 Los Angeles Lakers,SF / PF,91,"6'5""",77,225,"6'8""",80,85.0,84.0,79.0,89.0,81.0,84.0,80.0,89,79,84,95,85,75,88,85,98,88,93,77,81,60,79,78,78,79,82,89,98,84,87,98,88,81,60,95,89,75,89,87,69,86,82,-,-,-,-,HOF,Silver,Gold,-,HOF,-,-,Bronze,Silver,Bronze,-,-,-,Gold,Silver,Silver,-,Gold,-,-,Silver,Silver,Silver,Silver,Bronze,Silver,Silver,Bronze,-,-,-,Silver,-,-,-,-,1964-65 Los Angeles Lakers,Los Angeles Lakers,1964-65,'65
rudy-larusso-1964-65-los-angeles-lakers,Rudy LaRusso,1964-65 Los Angeles Lakers,PF / C,82,"6'8""",80,220,"6'11""",83,73.0,69.0,62.0,76.0,69.0,84.0,98.0,83,77,70,85,80,44,76,55,83,70,74,73,74,45,71,59,60,58,60,51,95,90,61,88,85,60,50,80,74,80,80,51,65,84,83,-,-,-,Gold,-,Bronze,-,-,-,-,-,-,-,-,-,-,-,-,-,-,-,-,-,-,-,Silver,-,-,-,-,-,-,Bronze,-,-,Silver,-,Silver,-,-,1964-65 Los Angeles Lakers,Los Angeles Lakers,1964-65,'65
don-nelson-1964-65-los-angeles-lakers,Don Nelson,1964-65 Los Angeles Lakers,SF / PF,69,"6'6""",78,210,"6'9""",81,67.0,57.0,56.0,62.0,52.0,71.0,80.0,73,77,66,55,62,67,69,48,70,58,63,58,39,50,50,60,65,64,42,66,70,77,46,75,55,48,40,55,60,58,58,58,36,73,68,-,-,-,-,-,-,-,-,-,-,-,-,-,-,-,-,-,-,-,-,-,-,-,-,-,-,-,-,-,-,-,-,-,-,-,-,-,-,-,-,1964-65 Los Angeles Lakers,Los Angeles Lakers,1964-65,'65
jim-king-1964-65-los-angeles-lakers,Jim King,1964-65 Los Angeles Lakers,PG / SG,67,"6'2""",74,175,"6'5""",77,71.0,44.0,70.0,72.0,47.0,36.0,60.0,74,78,74,60,68,70,66,25,75,57,25,51,25,25,67,67,74,69,72,75,98,76,75,85,38,58,25,50,50,25,54,59,63,39,32,-,-,-,-,-,-,-,-,-,-,-,-,-,-,-,-,-,-,-,-,-,-,-,-,-,-,-,-,-,-,-,-,-,-,-,-,-,-,-,-,1964-65 Los Angeles Lakers,Los Angeles Lakers,1964-65,'65
dick-barnett-1964-65-los-angeles-lakers,Dick Barnett,1964-65 Los Angeles Lakers,SG / SF,80,"6'4""",76,190,"6'7""",79,79.0,68.0,66.0,74.0,63.0,53.0,98.0,79,80,75,70,98,74,77,80,82,88,66,65,40,46,72,60,64,61,73,73,75,81,74,85,55,78,44,60,74,55,65,70,70,58,48,-,-,-,-,-,-,-,-,-,-,-,-,-,-,-,-,-,-,-,-,-,-,-,-,-,-,-,-,-,-,-,-,-,-,-,-,-,-,-,-,1964-65 Los Angeles Lakers,Los Angeles Lakers,1964-65,'65
jerry-west-1970-71-los-angeles-lakers,Jerry West,1970-71 Los Angeles Lakers,PG / SG,95,"6'2""",74,175,"6'9""",81,89.0,58.0,91.0,82.0,80.0,35.0,80.0,95,83,95,98,80,85,85,25,98,94,54,43,43,25,86,96,96,95,84,96,97,82,84,95,60,60,40,95,90,44,95,95,98,35,35,Gold,Gold,Gold,Gold,HOF,-,Silver,-,Gold,-,-,-,-,-,-,-,Gold,Gold,Gold,Gold,Gold,Gold,Silver,Silver,Gold,Gold,Gold,-,Gold,Gold,Gold,Gold,-,Gold,-,-,-,-,-,Gold,1970-71 Los Angeles Lakers,Los Angeles Lakers,1970-71,'71
wilt-chamberlain-1970-71-los-angeles-lakers,Wilt Chamberlain,1970-71 Los Angeles Lakers,C / PF,92,"7'1""",85,275,"8'0""",96,63.0,77.0,59.0,81.0,81.0,97.0,98.0,78,54,37,98,88,25,90,49,98,41,90,60,91,98,44,75,77,74,25,40,90,99,77,98,98,68,94,95,96,95,85,40,59,98,96,-,-,-,-,-,HOF,-,Silver,-,Gold,-,-,Gold,Gold,-,HOF,-,-,Gold,-,-,-,-,-,-,Gold,-,Gold,-,-,-,-,Gold,-,Gold,HOF,Gold,HOF,HOF,-,1970-71 Los Angeles Lakers,Los Angeles Lakers,1970-71,'71
gail-goodrich-1970-71-los-angeles-lakers,Gail Goodrich,1970-71 Los Angeles Lakers,SG / PG,84,"6'1""",73,170,"6'4""",76,89.0,56.0,80.0,78.0,56.0,48.0,80.0,88,77,92,90,98,88,89,25,98,75,49,60,25,25,79,82,84,85,71,75,98,93,74,98,50,58,27,80,72,35,35,72,73,47,49,Gold,Gold,Gold,Gold,-,-,-,-,Silver,-,-,-,-,-,-,-,-,-,-,-,-,-,-,-,-,-,Bronze,-,-,-,-,-,-,Bronze,-,-,-,-,-,Gold,1970-71 Los Angeles Lakers,Los Angeles Lakers,1970-71,'71
elgin-baylor-1970-71-los-angeles-lakers,Elgin Baylor,1970-71 Los Angeles Lakers,SF / PF,76,"6'5""",77,225,"6'8""",80,72.0,66.0,63.0,71.0,63.0,76.0,90.0,75,78,70,60,77,70,68,65,73,70,66,60,77,50,66,64,62,60,63,80,65,78,66,75,70,60,50,60,76,60,62,75,55,76,75,-,-,-,-,-,-,-,-,-,-,-,-,-,-,-,-,-,-,-,Bronze,-,-,-,-,Bronze,-,-,Bronze,-,-,-,-,-,-,-,-,-,-,-,-,1970-71 Los Angeles Lakers,Los Angeles Lakers,1970-71,'71
fred-hetzel-1970-71-los-angeles-lakers,Fred Hetzel,1970-71 Los Angeles Lakers,SF,75,"6'8""",80,220,"6'10""",82,79.0,69.0,51.0,69.0,68.0,61.0,50.0,75,84,82,80,79,74,72,50,80,74,72,71,72,60,62,49,58,32,55,51,77,85,62,80,66,62,69,65,72,75,58,69,65,62,59,-,-,-,-,-,-,-,-,-,-,-,-,-,-,-,-,-,-,-,-,-,-,-,-,-,-,-,-,-,-,-,-,-,-,-,-,-,-,-,-,1970-71 Los Angeles Lakers,Los Angeles Lakers,1970-71,'71
rick-roberson-1970-71-los-angeles-lakers,Rick Roberson,1970-71 Los Angeles Lakers,C / PF,75,"6'9""",81,231,"7'1""",85,55.0,69.0,36.0,62.0,59.0,89.0,85.0,74,62,35,65,70,25,76,66,65,77,63,62,63,80,31,41,43,40,25,40,85,76,37,68,63,65,40,70,74,74,64,40,54,89,89,-,-,-,-,-,Bronze,-,-,-,-,-,-,-,-,-,-,-,-,-,-,-,-,-,-,-,-,-,-,-,-,-,-,-,-,-,Silver,-,-,-,-,1970-71 Los Angeles Lakers,Los Angeles Lakers,1970-71,'71
keith-erickson-1970-71-los-angeles-lakers,Keith Erickson,1970-71 Los Angeles Lakers,SF / SG,74,"6'0""",72,195,"6'8""",80,72.0,60.0,68.0,76.0,56.0,55.0,90.0,74,80,68,70,75,67,49,81,70,75,55,55,55,38,66,70,68,69,67,68,77,77,73,95,60,79,35,60,60,54,55,60,70,60,50,-,-,-,-,-,-,-,-,-,-,-,-,-,-,-,-,-,-,-,-,-,-,-,-,-,-,-,-,-,-,-,-,-,-,-,-,-,-,-,-,1970-71 Los Angeles Lakers,Los Angeles Lakers,1970-71,'71
willie-mccarter-1970-71-los-angeles-lakers,Willie McCarter,1970-71 Los Angeles Lakers,SG / PG,67,"6'3""",75,175,"6'6""",78,64.0,50.0,72.0,66.0,46.0,31.0,70.0,72,65,66,49,70,59,52,55,76,75,35,55,25,25,72,70,78,68,72,53,80,77,72,83,25,75,25,50,56,25,56,48,65,31,31,-,-,-,-,-,-,-,-,-,-,-,-,-,-,-,-,-,-,-,-,-,-,-,-,-,-,-,-,-,-,-,-,-,-,-,-,-,-,-,-,1970-71 Los Angeles Lakers,Los Angeles Lakers,1970-71,'71
kobe-bryant-2000-01-los-angeles-lakers,Kobe Bryant,2000-01 Los Angeles Lakers,SG / SF,98,"6'6""",78,200,"6'11""",83,92.0,78.0,82.0,90.0,80.0,57.0,75.0,96,85,94,98,98,79,92,95,97,98,68,74,66,35,89,78,79,80,86,95,98,87,88,98,75,88,51,95,85,68,89,95,77,59,55,HOF,Silver,-,Gold,HOF,Gold,Gold,-,Gold,Silver,Silver,Gold,-,Gold,Gold,-,Gold,Gold,Gold,-,Silver,Gold,Gold,Gold,Gold,Gold,Gold,-,Gold,Gold,Gold,Gold,-,Gold,-,-,Gold,-,-,Gold,2000-01 Los Angeles Lakers,Los Angeles Lakers,2000-01,'01
shaquille-oneal-2000-01-los-angeles-lakers,Shaquille O’Neal,2000-01 Los Angeles Lakers,C / PF,96,"7'1""",85,325,"7'7""",91,68.0,88.0,68.0,82.0,86.0,98.0,85.0,98,52,35,98,98,26,98,79,98,78,98,58,97,99,64,77,80,75,42,45,95,81,76,98,99,80,95,95,98,95,95,49,74,97,98,-,-,-,-,-,HOF,Silver,Bronze,-,HOF,HOF,-,HOF,Gold,Gold,HOF,-,-,Silver,-,-,-,-,-,-,HOF,Bronze,Gold,-,-,-,-,HOF,-,Gold,HOF,Silver,HOF,Gold,-,2000-01 Los Angeles Lakers,Los Angeles Lakers,2000-01,'01
horace-grant-2000-01-los-angeles-lakers,Horace Grant,2000-01 Los Angeles Lakers,PF / C,80,"6'10""",82,215,"7'2""",86,71.0,72.0,41.0,68.0,70.0,76.0,90.0,73,77,78,70,85,45,57,62,98,52,75,75,75,80,36,49,48,34,40,41,80,80,60,80,80,55,57,90,84,86,74,41,58,79,72,-,-,-,-,-,Silver,-,-,-,-,-,-,-,-,-,Gold,-,-,-,-,-,-,-,-,-,Gold,-,-,-,-,-,-,Gold,-,Gold,-,-,Gold,-,-,2000-01 Los Angeles Lakers,Los Angeles Lakers,2000-01,'01
rick-fox-2000-01-los-angeles-lakers,Rick Fox,2000-01 Los Angeles Lakers,SF / SG,80,"6'7""",79,230,"6'11""",83,70.0,63.0,69.0,80.0,69.0,50.0,90.0,63,77,77,30,90,84,50,75,73,77,59,60,56,55,75,70,71,65,66,90,87,81,72,85,68,75,47,80,48,78,85,83,62,54,45,-,-,-,-,-,-,-,-,-,-,-,-,-,-,-,-,-,-,-,-,-,-,-,-,-,-,Silver,-,Silver,Gold,Gold,Silver,-,Gold,-,-,-,-,-,-,2000-01 Los Angeles Lakers,Los Angeles Lakers,2000-01,'01
derek-fisher-2000-01-los-angeles-lakers,Derek Fisher,2000-01 Los Angeles Lakers,PG / SG,77,"6'1""",73,200,"6'6""",78,77.0,42.0,79.0,72.0,56.0,48.0,70.0,65,81,86,60,84,88,50,25,76,73,26,35,25,25,81,86,87,55,84,86,68,78,84,90,30,66,30,60,73,47,49,77,58,55,40,Bronze,-,Gold,Gold,Bronze,-,-,-,-,-,-,-,-,-,-,-,-,Silver,-,Bronze,-,Bronze,-,-,-,-,-,-,-,-,-,-,-,-,-,-,-,-,-,-,2000-01 Los Angeles Lakers,Los Angeles Lakers,2000-01,'01
isaiah-rider-2000-01-los-angeles-lakers,Isaiah Rider,2000-01 Los Angeles Lakers,SG,75,"6'5""",77,215,"6'9""",81,79.0,65.0,62.0,76.0,54.0,49.0,70.0,81,85,80,65,76,84,57,94,74,79,55,58,44,55,76,52,50,60,73,76,66,93,73,85,44,97,35,45,64,49,53,73,59,51,46,-,-,-,-,-,-,-,-,-,-,-,-,-,-,-,-,-,-,-,-,-,-,-,-,-,-,-,-,-,-,-,-,-,-,-,-,-,-,-,-,2000-01 Los Angeles Lakers,Los Angeles Lakers,2000-01,'01
robert-horry-2000-01-los-angeles-lakers,Robert Horry,2000-01 Los Angeles Lakers,PF / SF,75,"6'9""",81,220,"7'1""",85,76.0,67.0,50.0,66.0,64.0,60.0,90.0,74,71,60,75,94,84,49,67,77,57,70,65,60,88,60,60,60,44,25,50,70,80,52,78,65,68,63,67,66,70,70,50,63,62,58,-,-,-,-,-,-,-,-,-,-,-,-,-,-,-,Bronze,-,-,Bronze,-,-,-,-,-,-,-,-,-,-,-,-,-,-,-,-,-,-,-,-,-,2000-01 Los Angeles Lakers,Los Angeles Lakers,2000-01,'01
ron-harper-2000-01-los-angeles-lakers,Ron Harper,2000-01 Los Angeles Lakers,PG / SG,74,"6'6""",78,185,"6'10""",82,73.0,55.0,68.0,78.0,70.0,51.0,74.0,74,70,70,73,79,70,45,60,82,70,51,55,36,40,80,66,65,59,69,89,82,84,68,89,57,74,55,85,83,44,80,82,63,54,47,-,-,-,-,-,-,-,-,-,-,-,-,-,-,-,-,-,-,-,-,-,-,-,-,-,-,-,-,-,-,-,-,-,-,-,-,-,-,-,-,2000-01 Los Angeles Lakers,Los Angeles Lakers,2000-01,'01
mark-madsen-2000-01-los-angeles-lakers,Mark Madsen,2000-01 Los Angeles Lakers,PF / C,73,"6'9""",81,240,"7'1""",85,62.0,64.0,40.0,72.0,59.0,73.0,71.0,66,70,70,55,80,30,53,65,84,55,68,62,68,60,37,29,69,30,33,41,95,75,63,82,80,65,47,70,69,68,66,41,55,60,86,-,-,-,-,-,Bronze,-,-,-,-,-,-,-,-,-,-,-,-,-,-,-,-,-,-,-,-,-,-,-,-,-,-,-,-,-,Bronze,Silver,-,-,-,2000-01 Los Angeles Lakers,Los Angeles Lakers,2000-01,'01
mike-penberthy-2000-01-los-angeles-lakers,Mike Penberthy,2000-01 Los Angeles Lakers,PG,73,"6'3""",75,185,"6'7""",79,80.0,46.0,75.0,70.0,52.0,39.0,50.0,72,90,82,70,80,84,64,25,85,74,36,32,30,25,70,77,77,78,71,69,85,83,72,91,34,59,35,50,65,30,68,70,43,46,31,-,-,-,Silver,-,-,-,-,-,-,-,-,-,-,-,-,-,-,-,-,-,-,-,-,-,-,-,-,-,-,-,-,-,-,-,-,-,-,-,-,2000-01 Los Angeles Lakers,Los Angeles Lakers,2000-01,'01
brian-shaw-2000-01-los-angeles-lakers,Brian Shaw,2000-01 Los Angeles Lakers,SG / PG,72,"6'6""",78,190,"6'10""",82,70.0,50.0,78.0,68.0,55.0,53.0,80.0,75,79,69,50,75,70,42,48,80,70,55,44,36,25,78,88,90,70,65,66,75,80,62,84,46,60,50,50,60,50,50,62,61,65,40,-,-,-,-,-,-,-,-,-,-,-,-,-,-,-,-,-,-,-,-,-,-,-,-,Silver,-,-,-,-,-,-,-,-,-,-,-,-,-,-,-,2000-01 Los Angeles Lakers,Los Angeles Lakers,2000-01,'01
tyronn-lue-2000-01-los-angeles-lakers,Tyronn Lue,2000-01 Los Angeles Lakers,PG / SG,72,"6'0""",72,175,"6'3""",75,74.0,44.0,76.0,71.0,58.0,36.0,72.0,82,75,79,50,79,76,49,30,73,77,29,39,27,25,80,84,83,56,77,83,70,74,78,88,40,65,25,50,76,54,59,72,67,41,31,-,-,-,-,-,-,-,-,-,-,-,-,-,-,-,-,-,-,-,-,-,-,-,-,-,-,-,-,-,-,-,-,-,-,-,-,-,-,-,-,2000-01 Los Angeles Lakers,Los Angeles Lakers,2000-01,'01
devean-george-2000-01-los-angeles-lakers,Devean George,2000-01 Los Angeles Lakers,SF,71,"6'8""",80,220,"7'0""",84,60.0,56.0,47.0,79.0,51.0,60.0,80.0,72,65,60,30,62,70,66,77,61,75,52,50,30,35,70,40,41,29,57,70,78,93,73,83,63,91,57,35,55,39,50,63,60,61,58,-,-,-,-,-,-,-,-,-,-,-,-,-,-,-,-,-,-,-,-,-,-,-,-,-,-,-,-,-,-,-,-,-,-,-,-,-,-,-,-,2000-01 Los Angeles Lakers,Los Angeles Lakers,2000-01,'01
stanislav-medvedenko-2000-01-los-angeles-lakers,Stanislav Medvedenko,2000-01 Los Angeles Lakers,PF,70,"6'10""",82,250,"7'2""",86,55.0,65.0,43.0,69.0,53.0,66.0,80.0,64,41,65,75,45,41,52,61,71,72,67,67,67,61,51,56,30,32,44,68,71,84,56,70,73,61,42,60,66,64,60,39,40,64,67,-,-,-,-,-,-,-,-,-,-,-,-,-,-,Bronze,-,-,-,-,-,-,-,-,-,-,-,-,-,-,-,-,-,-,-,-,-,-,-,-,-,2000-01 Los Angeles Lakers,Los Angeles Lakers,2000-01,'01
greg-foster-2000-01-los-angeles-lakers,Greg Foster,2000-01 Los Angeles Lakers,PF / C,69,"6'11""",83,240,"7'3""",87,63.0,56.0,39.0,53.0,61.0,69.0,98.0,66,77,50,70,66,48,54,40,62,48,62,63,44,71,45,45,48,31,25,28,70,82,31,60,70,30,55,70,68,68,70,39,55,69,68,-,-,-,-,-,-,-,-,-,-,-,-,-,-,-,-,-,-,-,-,-,-,-,-,-,-,-,-,-,-,-,-,-,-,-,-,-,-,-,-,2000-01 Los Angeles Lakers,Los Angeles Lakers,2000-01,'01
magic-johnson-1986-87-los-angeles-lakers,Magic Johnson,1986-87 Los Angeles Lakers,PG / SG,96,"6'9""",81,215,"7'1""",85,91.0,83.0,96.0,89.0,76.0,79.0,90.0,97,84,87,98,98,79,96,75,98,93,91,84,98,25,97,99,99,99,86,80,98,99,86,98,76,84,62,85,80,80,78,80,69,84,74,-,-,-,-,-,Silver,Gold,Gold,Gold,Silver,Silver,Gold,-,Gold,-,-,Gold,HOF,HOF,HOF,Gold,-,Gold,Gold,HOF,-,-,Gold,-,-,-,-,-,Bronze,-,-,Gold,-,Gold,-,1986-87 Los Angeles Lakers,Los Angeles Lakers,1986-87,'87
kareem-abdul-jabbar-1986-87-los-angeles-lakers,Kareem Abdul-Jabbar,1986-87 Los Angeles Lakers,C / PF,94,"7'2""",86,225,"7'5""",89,76.0,88.0,55.0,71.0,79.0,90.0,65.0,94,69,82,99,80,31,74,65,98,84,98,94,99,95,58,62,79,46,30,37,90,82,58,95,74,60,88,95,95,96,85,37,56,96,84,-,-,-,Gold,-,Gold,Gold,HOF,-,HOF,Gold,HOF,HOF,HOF,-,Gold,-,-,Silver,-,-,-,-,-,-,Gold,-,-,-,-,-,-,HOF,-,HOF,Gold,Gold,Gold,Gold,-,1986-87 Los Angeles Lakers,Los Angeles Lakers,1986-87,'87
michael-cooper-1986-87-los-angeles-lakers,Michael Cooper,1986-87 Los Angeles Lakers,SG / PG,85,"6'5""",77,170,"6'8""",80,75.0,63.0,66.0,82.0,87.0,44.0,60.0,76,85,72,65,70,82,57,84,80,78,55,51,36,62,76,63,64,70,56,97,98,97,77,82,50,75,51,98,98,84,98,97,84,47,40,-,-,-,-,-,-,-,-,-,-,-,-,-,-,-,-,-,-,-,-,-,-,-,-,-,HOF,Gold,Silver,HOF,Gold,HOF,HOF,-,Gold,-,-,-,-,-,-,1986-87 Los Angeles Lakers,Los Angeles Lakers,1986-87,'87
james-worthy-1986-87-los-angeles-lakers,James Worthy,1986-87 Los Angeles Lakers,SF / PF,85,"6'9""",81,225,"7'0""",84,75.0,83.0,62.0,83.0,71.0,56.0,85.0,88,75,67,90,85,45,73,86,76,82,90,88,81,86,68,49,75,42,75,81,86,85,83,91,66,88,56,80,74,74,74,77,63,53,58,-,-,-,Gold,-,Gold,Gold,Silver,Gold,-,-,Silver,-,Silver,-,Silver,-,-,Gold,-,-,-,-,-,-,-,-,-,-,-,-,-,-,-,-,-,-,-,-,-,1986-87 Los Angeles Lakers,Los Angeles Lakers,1986-87,'87
byron-scott-1986-87-los-angeles-lakers,Byron Scott,1986-87 Los Angeles Lakers,SG / PG,82,"6'3""",75,195,"6'7""",79,84.0,62.0,72.0,80.0,62.0,42.0,70.0,87,89,88,80,70,90,66,80,90,88,36,63,25,50,80,70,78,53,79,76,83,90,82,90,55,85,35,70,73,49,65,74,69,46,38,-,Gold,Gold,Gold,Gold,-,-,-,-,-,-,-,-,-,-,-,-,-,-,-,-,-,-,-,-,-,-,-,-,-,-,-,-,-,-,-,-,-,-,Gold,1986-87 Los Angeles Lakers,Los Angeles Lakers,1986-87,'87
ac-green-1986-87-los-angeles-lakers,A.C. Green,1986-87 Los Angeles Lakers,PF / C,81,"6'9""",81,220,"7'0""",84,74.0,70.0,43.0,75.0,73.0,85.0,98.0,84,78,64,80,75,60,71,69,72,60,80,80,81,50,63,36,36,29,51,50,95,99,68,78,65,72,60,85,88,85,84,50,61,84,86,-,-,-,-,-,Gold,-,-,-,-,-,-,-,-,-,-,-,-,-,-,-,-,-,-,-,Gold,-,-,-,-,-,-,-,-,Bronze,-,-,Silver,-,-,1986-87 Los Angeles Lakers,Los Angeles Lakers,1986-87,'87
mychal-thompson-1986-87-los-angeles-lakers,Mychal Thompson,1986-87 Los Angeles Lakers,C / PF,79,"6'10""",82,226,"7'2""",86,69.0,73.0,38.0,55.0,67.0,83.0,80.0,82,74,74,80,75,30,74,40,69,74,82,82,84,80,27,45,45,36,39,25,60,82,49,75,64,30,61,80,78,79,70,45,58,82,84,-,-,-,-,-,Gold,-,-,-,-,-,-,-,-,-,Gold,-,-,-,-,-,-,-,-,-,Silver,-,-,-,-,-,-,-,-,-,Gold,-,Gold,Gold,-,1986-87 Los Angeles Lakers,Los Angeles Lakers,1986-87,'87
kurt-rambis-1986-87-los-angeles-lakers,Kurt Rambis,1986-87 Los Angeles Lakers,PF / C,75,"6'8""",80,213,"6'11""",83,67.0,60.0,36.0,63.0,67.0,80.0,98.0,74,76,69,70,85,28,68,42,71,47,64,54,62,68,35,40,48,30,25,34,97,85,39,70,66,47,55,80,80,82,69,34,71,76,83,-,-,-,-,-,-,-,-,-,-,-,-,-,-,-,-,-,-,-,-,-,-,-,-,-,-,-,-,-,-,-,-,-,-,-,Silver,-,-,-,-,1986-87 Los Angeles Lakers,Los Angeles Lakers,1986-87,'87
wes-matthews-1986-87-los-angeles-lakers,Wes Matthews,1986-87 Los Angeles Lakers,PG,74,"6'1""",73,170,"6'5""",77,72.0,45.0,78.0,81.0,65.0,44.0,65.0,68,81,74,70,90,50,42,35,90,75,30,32,28,25,83,82,80,62,84,79,85,82,84,89,60,85,50,80,75,35,78,74,61,39,48,-,-,-,-,-,-,-,-,-,-,-,-,-,-,-,-,-,-,-,-,-,-,-,-,Silver,-,-,-,-,-,-,-,-,-,-,-,-,-,-,-,1986-87 Los Angeles Lakers,Los Angeles Lakers,1986-87,'87
billy-thompson-1986-87-los-angeles-lakers,Billy Thompson,1986-87 Los Angeles Lakers,SF / PF,71,"6'7""",79,195,"6'10""",82,57.0,69.0,49.0,71.0,57.0,68.0,70.0,70,64,65,55,55,35,67,95,75,80,51,63,36,85,60,48,47,40,51,61,70,79,61,79,56,90,62,55,60,55,60,52,57,61,74,-,-,-,-,-,Silver,-,-,-,-,-,-,-,-,-,-,-,-,-,-,-,-,-,-,-,-,-,-,-,-,-,-,-,-,-,-,-,-,-,-,1986-87 Los Angeles Lakers,Los Angeles Lakers,1986-87,'87
shaquille-oneal-1997-98-los-angeles-lakers,Shaquille O’Neal,1997-98 Los Angeles Lakers,C / PF,93,"7'1""",85,325,"7'7""",91,67.0,83.0,57.0,75.0,81.0,93.0,90.0,91,52,35,98,98,26,98,75,98,58,92,50,95,99,58,66,66,52,42,45,75,80,76,78,99,75,82,95,96,95,95,49,57,93,92,-,-,-,-,-,HOF,Silver,Gold,-,HOF,HOF,-,HOF,Gold,-,HOF,-,-,-,-,-,-,-,-,-,HOF,-,HOF,-,-,-,-,HOF,-,Gold,HOF,Silver,HOF,Gold,-,1997-98 Los Angeles Lakers,Los Angeles Lakers,1997-98,'98
kobe-bryant-1997-98-los-angeles-lakers,Kobe Bryant,1997-98 Los Angeles Lakers,SG / SF,83,"6'6""",78,200,"6'11""",83,77.0,78.0,71.0,83.0,67.0,47.0,70.0,85,79,80,70,68,77,85,97,85,97,70,80,40,70,76,69,70,62,79,84,84,88,89,88,55,95,52,75,54,48,78,84,80,46,47,-,-,-,-,Silver,-,Gold,-,Gold,-,Silver,-,-,-,HOF,-,Bronze,-,-,-,-,-,-,-,-,-,-,-,Bronze,-,-,Bronze,-,Bronze,-,-,-,-,-,-,1997-98 Los Angeles Lakers,Los Angeles Lakers,1997-98,'98
eddie-jones-1997-98-los-angeles-lakers,Eddie Jones,1997-98 Los Angeles Lakers,SG / SF,83,"6'6""",78,190,"6'9""",81,84.0,65.0,67.0,81.0,78.0,43.0,75.0,84,76,82,85,90,85,68,85,80,79,55,75,29,50,78,68,69,52,67,89,86,88,69,93,60,84,52,90,88,60,88,89,81,45,41,-,Silver,-,-,Bronze,-,-,-,Gold,-,-,-,-,-,Gold,-,-,-,-,-,-,-,-,-,-,Silver,Silver,-,Gold,Gold,-,Gold,-,-,-,-,-,-,-,Gold,1997-98 Los Angeles Lakers,Los Angeles Lakers,1997-98,'98
nick-van-exel-1997-98-los-angeles-lakers,Nick Van Exel,1997-98 Los Angeles Lakers,PG / SG,82,"6'1""",73,170,"6'4""",76,82.0,48.0,85.0,81.0,52.0,41.0,50.0,78,76,86,90,74,86,60,27,94,84,25,40,25,25,86,83,84,79,93,78,89,84,93,95,45,81,27,55,62,25,72,64,58,48,34,-,-,Gold,Gold,Gold,-,-,-,Gold,-,Silver,-,-,-,-,-,Bronze,Gold,-,-,Gold,Gold,Gold,Gold,Silver,-,-,-,-,-,-,-,-,-,-,-,-,-,-,Gold,1997-98 Los Angeles Lakers,Los Angeles Lakers,1997-98,'98
rick-fox-1997-98-los-angeles-lakers,Rick Fox,1997-98 Los Angeles Lakers,SF / SG,80,"6'7""",79,230,"6'11""",83,75.0,66.0,68.0,79.0,68.0,50.0,75.0,75,77,77,50,95,73,80,75,70,76,59,55,56,55,75,70,68,65,63,90,85,81,72,85,68,75,47,75,74,62,75,83,62,54,45,-,-,-,-,-,-,-,-,-,-,-,-,-,-,-,-,-,-,-,-,-,-,-,-,-,-,Silver,-,Silver,Gold,Gold,Silver,-,Gold,-,-,-,-,-,-,1997-98 Los Angeles Lakers,Los Angeles Lakers,1997-98,'98
elden-campbell-1997-98-los-angeles-lakers,Elden Campbell,1997-98 Los Angeles Lakers,C / PF,76,"6'11""",83,215,"7'3""",87,64.0,70.0,31.0,59.0,60.0,85.0,89.0,76,69,55,75,80,30,80,40,69,74,72,72,72,80,38,29,31,33,25,30,85,88,26,68,85,33,80,65,62,74,54,30,58,84,85,-,-,-,-,-,-,-,-,-,-,-,-,Bronze,-,-,Silver,-,-,-,-,-,-,-,-,-,-,-,-,-,-,-,-,-,-,-,Silver,-,Gold,-,-,1997-98 Los Angeles Lakers,Los Angeles Lakers,1997-98,'98
derek-fisher-1997-98-los-angeles-lakers,Derek Fisher,1997-98 Los Angeles Lakers,PG / SG,75,"6'1""",73,200,"6'6""",78,72.0,41.0,79.0,72.0,55.0,48.0,85.0,55,80,83,50,80,83,37,25,76,76,26,35,25,25,81,86,87,55,84,86,68,78,84,90,30,66,30,60,73,47,49,68,58,55,40,-,-,-,Silver,Bronze,-,-,-,-,-,-,-,-,-,-,-,-,-,-,Bronze,-,Bronze,-,-,-,-,Silver,-,-,-,-,-,-,-,-,-,-,-,-,-,1997-98 Los Angeles Lakers,Los Angeles Lakers,1997-98,'98
robert-horry-1997-98-los-angeles-lakers,Robert Horry,1997-98 Los Angeles Lakers,SF / PF,74,"6'9""",81,220,"7'1""",85,73.0,68.0,51.0,66.0,67.0,69.0,74.0,80,69,70,67,70,80,61,67,77,57,70,65,60,88,60,60,60,41,33,50,70,80,52,78,65,68,70,67,66,70,70,50,77,69,69,-,-,-,-,-,-,-,-,-,-,-,-,-,-,-,Bronze,-,-,Bronze,-,-,-,-,-,-,-,-,Silver,-,-,-,-,-,-,-,-,-,-,-,-,1997-98 Los Angeles Lakers,Los Angeles Lakers,1997-98,'98
corie-blount-1997-98-los-angeles-lakers,Corie Blount,1997-98 Los Angeles Lakers,PF / C,70,"6'9""",81,240,"7'0""",84,59.0,54.0,35.0,58.0,58.0,80.0,85.0,70,70,59,35,90,32,70,43,68,43,35,40,50,83,28,47,44,30,25,36,60,81,35,65,68,60,56,55,58,70,71,36,61,75,84,-,-,-,-,-,-,-,-,-,-,-,-,-,-,-,-,-,-,-,-,-,-,-,-,-,-,-,-,-,-,-,-,-,-,-,Silver,-,-,-,-,1997-98 Los Angeles Lakers,Los Angeles Lakers,1997-98,'98
jon-barry-1997-98-los-angeles-lakers,Jon Barry,1997-98 Los Angeles Lakers,SG / PG,69,"6'4""",76,195,"6'7""",79,75.0,45.0,68.0,64.0,46.0,42.0,80.0,68,93,80,45,80,82,61,44,82,50,25,51,25,25,70,68,68,69,63,57,76,75,67,83,48,45,40,45,48,25,25,52,87,46,37,-,-,-,-,-,-,-,-,-,-,-,-,-,-,-,-,-,-,-,-,-,-,-,-,-,-,-,-,-,-,-,-,-,-,-,-,-,-,-,-,1997-98 Los Angeles Lakers,Los Angeles Lakers,1997-98,'98
shaquille-oneal-1994-95-orlando-magic,Shaquille O’Neal,1994-95 Orlando Magic,C / PF,92,"7'1""",85,325,"7'7""",91,66.0,83.0,53.0,81.0,82.0,87.0,85.0,97,53,37,98,85,26,97,75,98,58,92,50,97,99,58,55,52,51,49,45,98,83,79,85,99,79,88,97,96,95,92,45,60,87,86,-,-,-,-,-,HOF,Silver,Bronze,-,HOF,HOF,-,HOF,Gold,-,HOF,-,-,-,-,-,-,-,-,-,HOF,-,HOF,-,-,-,-,HOF,-,Gold,HOF,-,HOF,Gold,-,1994-95 Orlando Magic,Orlando Magic,1994-95,'95
penny-hardaway-1994-95-orlando-magic,Penny Hardaway,1994-95 Orlando Magic,PG / SG,84,"6'7""",79,195,"6'11""",83,83.0,74.0,83.0,82.0,67.0,48.0,60.0,89,76,80,90,82,80,76,86,89,93,60,65,55,70,94,80,84,74,82,86,86,82,82,94,58,83,40,80,79,55,68,78,71,43,53,-,-,-,-,Gold,-,Gold,-,Gold,-,-,-,Silver,-,-,-,Silver,Gold,-,Silver,Silver,-,Gold,Gold,Gold,-,Bronze,Bronze,-,-,-,-,-,Silver,-,-,-,-,-,-,1994-95 Orlando Magic,Orlando Magic,1994-95,'95
nick-anderson-1994-95-orlando-magic,Nick Anderson,1994-95 Orlando Magic,SG / SF,83,"6'6""",78,205,"6'9""",81,85.0,73.0,71.0,77.0,70.0,48.0,98.0,84,70,82,90,98,88,88,75,98,84,60,63,55,60,79,76,78,65,59,79,77,79,61,92,80,70,40,80,79,60,79,79,73,51,44,-,Gold,-,-,-,-,-,-,-,-,-,-,-,-,-,-,-,-,-,-,-,-,-,-,-,-,-,-,-,-,-,-,-,-,-,-,-,-,-,-,1994-95 Orlando Magic,Orlando Magic,1994-95,'95
horace-grant-1994-95-orlando-magic,Horace Grant,1994-95 Orlando Magic,PF / C,82,"6'10""",82,215,"7'2""",86,72.0,71.0,44.0,69.0,73.0,76.0,95.0,73,69,78,70,98,45,62,62,87,52,75,75,75,80,36,49,48,37,49,41,80,80,66,80,80,55,62,95,84,92,74,41,61,77,75,-,-,-,-,-,Silver,-,-,-,-,-,-,-,-,-,-,-,-,-,-,-,-,-,-,-,Gold,-,-,-,-,Silver,-,Gold,-,Gold,-,-,Gold,-,-,1994-95 Orlando Magic,Orlando Magic,1994-95,'95
dennis-scott-1994-95-orlando-magic,Dennis Scott,1994-95 Orlando Magic,SF / SG,80,"6'8""",80,229,"6'11""",83,84.0,58.0,59.0,73.0,62.0,41.0,80.0,80,75,91,85,84,89,61,62,82,74,44,63,30,50,72,55,57,49,64,71,70,88,66,84,67,65,40,75,70,55,72,64,61,47,35,-,Gold,-,-,-,-,-,-,-,-,-,-,-,-,-,-,-,-,-,-,-,-,-,-,-,-,-,-,-,-,-,-,-,-,-,-,-,-,-,Gold,1994-95 Orlando Magic,Orlando Magic,1994-95,'95
brian-shaw-1994-95-orlando-magic,Brian Shaw,1994-95 Orlando Magic,PG / SG,75,"6'6""",78,190,"6'10""",82,72.0,51.0,81.0,71.0,57.0,47.0,70.0,75,73,69,70,75,70,49,48,80,70,52,44,36,25,78,88,90,74,76,76,75,80,76,84,46,60,42,70,60,50,50,62,65,53,41,-,-,-,-,-,-,-,-,-,-,-,-,-,-,-,-,-,-,-,-,-,-,-,-,Gold,-,-,-,-,-,-,-,-,-,-,-,-,-,-,-,1994-95 Orlando Magic,Orlando Magic,1994-95,'95
donald-royal-1994-95-orlando-magic,Donald Royal,1994-95 Orlando Magic,SF / SG,74,"6'8""",80,210,"6'11""",83,65.0,61.0,61.0,74.0,63.0,63.0,70.0,74,74,57,65,74,45,76,61,77,79,50,58,25,61,70,62,61,55,57,77,80,79,61,81,63,74,40,75,70,55,72,72,59,65,61,-,-,-,-,-,-,-,-,-,-,-,-,-,-,-,-,-,-,-,-,-,-,-,-,-,-,-,-,-,-,-,-,-,-,-,-,-,-,-,-,1994-95 Orlando Magic,Orlando Magic,1994-95,'95
darrell-armstrong-1994-95-orlando-magic,Darrell Armstrong,1994-95 Orlando Magic,PG,72,"6'0""",72,176,"6'3""",75,69.0,48.0,79.0,75.0,52.0,48.0,70.0,69,88,72,50,60,75,47,75,80,74,25,29,25,25,86,78,78,70,84,70,80,80,84,84,44,82,35,45,68,32,42,68,75,50,46,-,-,Silver,-,-,-,-,-,-,-,-,-,-,-,-,-,Bronze,-,-,-,-,Bronze,Bronze,Bronze,-,-,-,-,-,-,-,-,-,-,-,-,-,-,-,-,1994-95 Orlando Magic,Orlando Magic,1994-95,'95
anthony-avent-1994-95-orlando-magic,Anthony Avent,1994-95 Orlando Magic,PF,71,"6'10""",82,230,"7'2""",86,59.0,66.0,42.0,60.0,60.0,79.0,70.0,67,64,52,70,75,25,57,65,95,67,62,62,62,55,52,54,30,30,42,42,39,75,48,85,70,60,48,65,70,73,73,42,51,80,78,-,-,-,-,-,-,-,-,-,-,-,-,-,-,-,-,-,-,-,-,-,-,-,-,-,-,-,-,-,-,-,-,-,-,-,-,-,-,-,-,1994-95 Orlando Magic,Orlando Magic,1994-95,'95
anthony-bowie-1994-95-orlando-magic,Anthony Bowie,1994-95 Orlando Magic,SG / SF,71,"6'6""",78,190,"6'9""",81,75.0,49.0,64.0,69.0,58.0,47.0,70.0,77,83,89,65,65,68,53,57,75,64,25,55,25,35,70,68,60,65,57,62,85,80,58,78,55,65,51,60,62,55,58,58,64,43,50,-,-,-,-,-,-,-,-,-,-,-,-,-,-,-,-,-,-,-,-,-,-,-,-,-,-,-,-,-,-,-,-,-,-,-,-,-,-,-,-,1994-95 Orlando Magic,Orlando Magic,1994-95,'95
jeff-turner-1994-95-orlando-magic,Jeff Turner,1994-95 Orlando Magic,SF / PF,71,"6'9""",81,230,"7'0""",84,74.0,52.0,43.0,65.0,55.0,55.0,90.0,75,89,74,60,62,82,49,46,74,47,51,58,38,56,53,40,41,37,42,66,80,80,44,77,58,50,35,60,63,52,58,58,58,62,48,-,-,-,-,-,-,-,-,-,-,-,-,-,-,-,-,-,-,-,-,-,-,-,-,-,-,-,-,-,-,-,-,-,-,-,-,-,-,-,-,1994-95 Orlando Magic,Orlando Magic,1994-95,'95
tree-rollins-1994-95-orlando-magic,Tree Rollins,1994-95 Orlando Magic,C / PF,69,"7'1""",85,235,"7'6""",90,50.0,48.0,29.0,52.0,67.0,63.0,68.0,57,67,35,60,56,25,56,40,59,28,40,40,50,70,26,32,32,27,29,25,48,76,52,60,80,25,85,85,82,80,58,25,55,63,63,-,-,-,-,-,-,-,-,-,-,-,-,-,-,-,-,-,-,-,-,-,-,-,-,-,Bronze,-,-,-,-,-,-,Gold,-,Bronze,-,Gold,Gold,-,-,1994-95 Orlando Magic,Orlando Magic,1994-95,'95
dirk-nowitzki-2002-03-dallas-mavericks,Dirk Nowitzki,2002-03 Dallas Mavericks,PF / C,92,"7'0""",84,237,"7'4""",88,93.0,79.0,57.0,66.0,65.0,83.0,80.0,94,88,96,98,98,85,78,48,98,75,96,99,69,65,57,60,90,51,25,33,98,82,46,98,68,40,60,65,70,79,68,49,63,86,79,Gold,Gold,-,HOF,HOF,-,-,-,-,Gold,-,HOF,-,Bronze,-,-,-,-,-,-,-,-,-,-,-,-,-,-,-,-,-,-,-,-,-,Silver,-,-,-,Gold,2002-03 Dallas Mavericks,Dallas Mavericks,2002-03,'03
steve-nash-2002-03-dallas-mavericks,Steve Nash,2002-03 Dallas Mavericks,PG,87,"6'3""",75,195,"6'6""",78,87.0,50.0,89.0,74.0,55.0,40.0,60.0,85,90,84,80,90,90,71,28,98,92,30,25,28,25,91,95,95,82,84,78,85,82,84,95,40,55,30,60,67,25,75,65,62,42,37,Gold,Silver,Gold,Gold,Gold,-,Silver,-,Gold,-,-,-,-,-,-,-,Gold,Silver,-,Gold,Gold,Gold,HOF,HOF,Gold,-,-,-,-,-,-,-,-,-,-,-,-,-,-,-,2002-03 Dallas Mavericks,Dallas Mavericks,2002-03,'03
michael-finley-2002-03-dallas-mavericks,Michael Finley,2002-03 Dallas Mavericks,SF / SG,81,"6'7""",79,215,"6'11""",83,83.0,72.0,61.0,74.0,55.0,52.0,85.0,90,83,79,80,82,84,65,88,84,84,66,75,60,55,78,57,56,49,63,77,73,86,63,95,43,81,40,35,66,63,51,71,61,56,47,-,-,-,-,Silver,Gold,-,-,Bronze,-,-,-,-,-,-,-,-,-,-,-,-,-,-,-,-,-,-,-,-,-,-,-,-,-,-,-,-,-,-,-,2002-03 Dallas Mavericks,Dallas Mavericks,2002-03,'03
nick-van-exel-2002-03-dallas-mavericks,Nick Van Exel,2002-03 Dallas Mavericks,SG / PG,81,"6'1""",73,170,"6'4""",76,82.0,47.0,81.0,81.0,60.0,49.0,60.0,78,76,86,85,80,84,60,27,95,82,25,40,25,25,82,75,90,72,86,67,98,84,79,98,59,81,39,70,69,39,79,64,58,48,49,-,-,Gold,Silver,Gold,-,-,-,Silver,-,Silver,-,-,-,-,-,Bronze,Silver,-,-,Gold,Gold,Gold,Gold,Silver,-,-,-,-,-,-,-,-,-,-,-,-,-,-,Gold,2002-03 Dallas Mavericks,Dallas Mavericks,2002-03,'03
raef-lafrentz-2002-03-dallas-mavericks,Raef LaFrentz,2002-03 Dallas Mavericks,C / SF,79,"6'11""",83,240,"7'3""",87,81.0,70.0,40.0,60.0,65.0,64.0,80.0,81,69,82,85,85,84,53,55,79,53,84,82,84,70,45,34,68,30,25,45,60,71,41,84,74,43,81,65,70,77,60,45,58,61,66,-,-,-,Gold,-,-,-,-,-,-,-,-,-,-,-,-,-,-,-,-,-,-,-,-,-,-,-,-,-,-,-,-,-,-,-,-,-,-,-,-,2002-03 Dallas Mavericks,Dallas Mavericks,2002-03,'03
shawn-bradley-2002-03-dallas-mavericks,Shawn Bradley,2002-03 Dallas Mavericks,C,75,"7'6""",90,235,"7'5""",89,63.0,71.0,30.0,48.0,70.0,73.0,60.0,76,80,52,70,75,25,67,45,90,47,72,68,82,95,30,30,34,29,25,26,50,81,25,77,48,31,92,80,84,80,64,26,64,78,68,-,-,-,-,-,-,-,-,-,-,-,-,-,-,-,Silver,-,-,-,-,-,-,-,-,-,Silver,-,-,-,-,-,-,Silver,-,-,Gold,-,Gold,-,-,2002-03 Dallas Mavericks,Dallas Mavericks,2002-03,'03
eduardo-najera-2002-03-dallas-mavericks,Eduardo Najera,2002-03 Dallas Mavericks,SF / SG,75,"6'8""",80,240,"7'0""",84,79.0,58.0,56.0,66.0,55.0,63.0,98.0,68,67,75,85,90,88,65,55,72,75,57,57,54,25,76,65,68,32,39,67,76,82,50,92,35,63,55,50,60,38,56,59,64,59,67,-,-,-,-,-,-,-,-,-,-,-,-,-,-,-,-,-,-,-,-,-,-,-,-,-,-,-,-,-,-,-,-,-,-,-,-,-,-,-,-,2002-03 Dallas Mavericks,Dallas Mavericks,2002-03,'03
walt-williams-2002-03-dallas-mavericks,Walt Williams,2002-03 Dallas Mavericks,SF / SG,74,"6'8""",80,219,"7'0""",84,73.0,54.0,50.0,64.0,63.0,56.0,90.0,69,62,75,65,84,81,45,65,64,71,51,55,44,40,70,52,58,34,36,79,35,81,58,78,49,69,56,70,72,48,58,74,64,62,50,-,-,-,-,-,-,-,-,-,-,-,-,-,-,-,-,-,-,-,-,-,-,-,-,-,-,-,-,-,-,-,-,-,-,-,-,-,-,-,-,2002-03 Dallas Mavericks,Dallas Mavericks,2002-03,'03
tariq-abdul-wahad-2002-03-dallas-mavericks,Tariq Abdul-Wahad,2002-03 Dallas Mavericks,SG,73,"6'6""",78,200,"6'10""",82,68.0,52.0,69.0,73.0,58.0,62.0,85.0,85,50,69,60,85,61,33,75,73,68,45,45,45,30,74,68,68,61,76,73,69,81,76,78,58,78,51,65,68,44,68,68,43,61,62,-,-,-,-,-,-,-,-,-,-,-,-,-,-,-,-,-,-,-,-,-,-,-,-,-,-,-,-,-,-,-,-,-,-,-,-,-,-,-,-,2002-03 Dallas Mavericks,Dallas Mavericks,2002-03,'03
adrian-griffin-2002-03-dallas-mavericks,Adrian Griffin,2002-03 Dallas Mavericks,SG,72,"6'5""",77,217,"6'9""",81,77.0,53.0,58.0,67.0,61.0,61.0,70.0,88,84,83,60,78,68,37,75,80,72,43,48,33,35,74,58,54,42,60,67,61,75,69,81,41,72,32,65,69,40,77,63,83,61,60,-,-,-,-,-,-,-,-,-,-,-,-,-,-,-,-,-,-,-,-,-,-,-,-,-,-,-,-,-,-,-,-,-,-,-,-,-,-,-,-,2002-03 Dallas Mavericks,Dallas Mavericks,2002-03,'03
avery-johnson-2002-03-dallas-mavericks,Avery Johnson,2002-03 Dallas Mavericks,PG / SG,71,"5'10""",70,175,"6'1""",73,64.0,43.0,77.0,76.0,59.0,38.0,70.0,80,76,75,30,75,50,65,25,75,72,25,29,25,25,79,74,77,71,82,89,70,86,76,91,58,60,30,60,75,55,55,73,63,38,37,-,-,-,-,-,-,-,-,-,-,-,-,-,-,-,-,-,-,-,Silver,-,-,-,-,-,-,-,-,-,-,-,-,-,-,-,-,-,-,-,-,2002-03 Dallas Mavericks,Dallas Mavericks,2002-03,'03
raja-bell-2002-03-dallas-mavericks,Raja Bell,2002-03 Dallas Mavericks,SG,69,"6'5""",77,204,"6'9""",81,63.0,51.0,66.0,80.0,58.0,47.0,60.0,61,67,78,35,51,88,40,77,60,74,35,60,25,40,78,70,68,33,82,74,88,78,82,86,60,94,37,50,62,58,55,74,71,47,47,-,-,-,-,-,-,-,-,-,-,-,-,-,-,-,-,-,-,-,-,-,-,-,-,-,Bronze,-,-,Bronze,-,Bronze,Bronze,-,Bronze,-,-,-,-,-,-,2002-03 Dallas Mavericks,Dallas Mavericks,2002-03,'03
evan-eschmeyer-2002-03-dallas-mavericks,Evan Eschmeyer,2002-03 Dallas Mavericks,C,68,"6'11""",83,255,"7'10""",94,53.0,54.0,31.0,63.0,54.0,73.0,80.0,61,75,49,30,80,25,44,30,64,41,62,58,60,70,38,35,32,26,25,30,80,83,34,86,71,59,62,60,58,71,59,30,41,73,72,-,-,-,-,-,-,-,-,-,-,-,-,-,-,-,-,-,-,-,-,-,-,-,-,-,-,-,-,-,-,-,-,-,-,-,-,-,-,-,-,2002-03 Dallas Mavericks,Dallas Mavericks,2002-03,'03
popeye-jones-2002-03-dallas-mavericks,Popeye Jones,2002-03 Dallas Mavericks,PF,68,"6'8""",80,250,"7'0""",84,56.0,49.0,38.0,66.0,48.0,68.0,98.0,62,75,54,35,85,25,49,25,51,51,59,60,58,40,30,44,47,41,27,41,85,84,39,80,69,61,41,60,48,64,55,32,33,70,66,-,-,-,-,-,-,-,-,-,-,-,-,-,-,-,-,-,-,-,-,-,-,-,-,-,-,-,-,-,-,-,-,-,-,-,-,-,-,-,-,2002-03 Dallas Mavericks,Dallas Mavericks,2002-03,'03
dirk-nowitzki-2010-11-dallas-mavericks,Dirk Nowitzki,2010-11 Dallas Mavericks,PF / C,96,"7'1""",85,245,"7'4""",88,95.0,86.0,57.0,68.0,68.0,84.0,80.0,98,89,98,98,98,90,95,50,98,78,97,99,93,75,60,69,69,60,25,43,90,82,46,98,80,40,69,85,84,80,64,43,50,84,83,HOF,HOF,-,HOF,HOF,Gold,Gold,Bronze,-,Gold,-,HOF,-,Gold,-,Silver,-,-,-,-,-,-,-,-,-,-,-,-,-,-,-,-,-,-,-,-,-,-,-,Gold,2010-11 Dallas Mavericks,Dallas Mavericks,2010-11,'11
tyson-chandler-2010-11-dallas-mavericks,Tyson Chandler,2010-11 Dallas Mavericks,C,84,"7'1""",85,235,"7'3""",87,59.0,71.0,39.0,73.0,78.0,88.0,70.0,83,69,30,50,92,31,77,79,58,74,66,52,65,95,35,40,64,31,25,54,75,76,64,87,80,74,75,95,96,95,75,54,58,89,87,-,-,-,-,-,Silver,-,-,-,-,-,-,Bronze,Bronze,Bronze,Gold,-,-,-,-,-,-,-,-,-,-,-,Gold,-,-,-,-,Bronze,-,Bronze,Silver,Bronze,Gold,Gold,-,2010-11 Dallas Mavericks,Dallas Mavericks,2010-11,'11
shawn-marion-2010-11-dallas-mavericks,Shawn Marion,2010-11 Dallas Mavericks,SF / PF,83,"6'7""",79,220,"6'10""",82,77.0,73.0,57.0,79.0,71.0,78.0,80.0,95,77,78,70,82,60,58,85,95,80,69,54,72,70,61,60,70,34,60,87,90,85,67,86,60,80,65,60,78,75,65,76,77,81,74,-,-,-,-,-,Silver,-,-,-,-,-,-,-,-,-,-,-,-,-,-,-,-,-,-,Silver,Gold,Bronze,Gold,-,Gold,Bronze,-,-,Gold,-,Gold,Gold,-,Gold,-,2010-11 Dallas Mavericks,Dallas Mavericks,2010-11,'11
jason-terry-2010-11-dallas-mavericks,Jason Terry,2010-11 Dallas Mavericks,PG / SG,83,"6'2""",74,180,"6'5""",77,87.0,55.0,82.0,71.0,55.0,35.0,60.0,77,85,95,90,94,83,63,40,85,93,35,50,50,25,84,78,82,79,89,69,73,77,89,85,40,63,40,50,65,33,68,69,63,39,31,-,-,Gold,Gold,Gold,-,-,-,Gold,-,-,-,-,-,-,-,Gold,Silver,-,-,Gold,Gold,Gold,Gold,Silver,-,-,-,-,-,-,-,-,-,-,-,-,-,-,Gold,2010-11 Dallas Mavericks,Dallas Mavericks,2010-11,'11
jason-kidd-2010-11-dallas-mavericks,Jason Kidd,2010-11 Dallas Mavericks,PG / SG,81,"6'4""",76,205,"6'8""",80,78.0,52.0,84.0,78.0,72.0,50.0,60.0,77,87,74,60,90,79,38,29,95,84,48,55,40,25,86,84,90,82,80,87,80,77,82,93,58,70,30,80,80,70,80,82,85,62,37,-,-,-,-,-,-,-,-,Bronze,-,-,-,-,-,-,-,Bronze,-,-,Gold,Bronze,-,Gold,Gold,Gold,Silver,-,-,-,Silver,-,-,-,-,-,-,-,-,-,-,2010-11 Dallas Mavericks,Dallas Mavericks,2010-11,'11
caron-butler-2010-11-dallas-mavericks,Caron Butler,2010-11 Dallas Mavericks,SF,80,"6'7""",79,228,"7'0""",84,81.0,66.0,72.0,75.0,61.0,46.0,60.0,75,77,88,75,85,86,87,65,70,74,74,75,47,35,75,70,80,72,63,80,79,81,69,85,74,60,37,55,74,54,58,75,75,51,40,-,Gold,-,-,-,-,-,-,-,-,Bronze,-,-,-,-,-,-,-,-,-,-,-,-,-,-,-,-,-,-,-,-,-,-,-,-,-,-,-,-,-,2010-11 Dallas Mavericks,Dallas Mavericks,2010-11,'11
jj-barea-2010-11-dallas-mavericks,J.J. Barea,2010-11 Dallas Mavericks,PG,77,"6'0""",72,185,"5'11""",71,80.0,45.0,79.0,72.0,41.0,41.0,70.0,71,84,74,80,92,78,65,25,79,83,25,30,25,25,78,78,79,76,86,76,72,79,87,85,28,75,25,50,45,25,45,64,36,47,35,-,-,Bronze,-,-,-,-,-,Silver,-,-,-,-,-,-,-,-,-,-,Bronze,Silver,Gold,Gold,Gold,Silver,-,-,-,-,-,-,-,-,-,-,-,-,-,-,-,2010-11 Dallas Mavericks,Dallas Mavericks,2010-11,'11
deshawn-stevenson-2010-11-dallas-mavericks,DeShawn Stevenson,2010-11 Dallas Mavericks,SG,77,"6'5""",77,222,"6'10""",82,75.0,57.0,52.0,76.0,72.0,55.0,98.0,60,88,84,60,70,89,60,75,82,71,44,51,35,40,68,54,46,37,53,87,72,81,72,92,42,84,56,80,81,55,74,84,73,68,41,-,-,-,-,-,-,-,-,-,-,-,-,-,-,-,-,-,-,-,-,-,-,-,-,-,-,Silver,-,Silver,-,Gold,Silver,-,-,-,-,-,-,-,-,2010-11 Dallas Mavericks,Dallas Mavericks,2010-11,'11
corey-brewer-2010-11-dallas-mavericks,Corey Brewer,2010-11 Dallas Mavericks,SF / SG,76,"6'9""",81,185,"6'8""",80,68.0,63.0,62.0,79.0,69.0,43.0,60.0,78,71,84,40,70,66,75,85,82,78,46,57,44,40,72,65,60,40,75,84,80,82,79,89,60,80,47,70,75,58,79,77,75,48,38,-,-,-,-,-,-,-,-,-,-,-,-,-,-,-,-,-,-,-,-,-,-,-,-,-,-,-,-,-,-,-,-,-,-,-,-,-,-,-,-,2010-11 Dallas Mavericks,Dallas Mavericks,2010-11,'11
peja-stojakovic-2010-11-dallas-mavericks,Peja Stojakovic,2010-11 Dallas Mavericks,SG,76,"6'9""",81,220,"7'0""",84,79.0,56.0,56.0,72.0,54.0,46.0,60.0,75,92,79,60,85,85,40,50,80,75,58,60,58,25,70,61,64,34,51,66,80,94,64,80,54,65,30,55,65,47,74,66,38,53,38,-,Gold,-,-,-,-,-,-,-,-,-,-,-,-,-,-,-,-,-,-,-,-,-,-,-,-,-,-,-,-,-,-,-,-,-,-,-,-,-,Gold,2010-11 Dallas Mavericks,Dallas Mavericks,2010-11,'11
brendan-haywood-2010-11-dallas-mavericks,Brendan Haywood,2010-11 Dallas Mavericks,C,74,"7'0""",84,263,"7'7""",91,43.0,68.0,36.0,67.0,64.0,86.0,60.0,60,36,45,30,60,25,70,49,75,50,70,69,74,85,35,32,59,27,25,27,85,85,40,85,84,60,84,65,84,84,47,27,57,84,88,-,-,-,-,-,Bronze,-,-,-,-,-,-,-,-,-,-,-,-,-,-,-,-,-,-,-,-,-,-,-,-,-,-,Silver,-,Bronze,Gold,Gold,Gold,-,-,2010-11 Dallas Mavericks,Dallas Mavericks,2010-11,'11
ian-mahinmi-2010-11-dallas-mavericks,Ian Mahinmi,2010-11 Dallas Mavericks,C,72,"6'11""",83,262,"7'3""",87,61.0,68.0,39.0,66.0,69.0,79.0,25.0,91,77,67,35,70,25,80,69,76,46,66,62,68,75,35,32,64,37,25,40,82,83,40,78,79,58,87,65,80,80,69,40,63,77,80,-,-,-,-,-,-,-,-,-,-,-,-,-,-,-,-,-,-,-,-,-,-,-,-,-,-,-,-,-,-,-,-,-,-,-,-,-,-,-,-,2010-11 Dallas Mavericks,Dallas Mavericks,2010-11,'11
brian-cardinal-2010-11-dallas-mavericks,Brian Cardinal,2010-11 Dallas Mavericks,SF,71,"6'10""",82,230,"7'2""",86,76.0,55.0,38.0,56.0,50.0,60.0,98.0,67,80,58,65,98,86,38,45,95,57,55,56,52,45,44,35,35,44,31,36,62,81,31,77,52,55,55,30,68,55,55,36,48,58,62,-,Silver,-,-,-,-,-,-,-,-,-,-,-,-,-,-,-,-,-,-,-,-,-,-,-,-,-,-,-,-,-,-,-,-,-,-,-,-,-,-,2010-11 Dallas Mavericks,Dallas Mavericks,2010-11,'11
jason-kidd-2001-02-new-jersey-nets,Jason Kidd,2001-02 New,PG / SG,92,"6'4""",76,205,"6'8""",80,78.0,63.0,96.0,88.0,82.0,60.0,40.0,75,81,84,95,60,74,94,29,95,94,60,55,50,25,93,98,98,98,94,97,90,84,94,98,70,82,30,95,95,70,95,94,96,75,45,-,-,Silver,-,Silver,-,Silver,-,Gold,-,-,-,-,-,-,-,Gold,Silver,Gold,Gold,Silver,Silver,Gold,Gold,HOF,Gold,Gold,-,Gold,Gold,Gold,HOF,-,HOF,-,-,-,-,-,-,2001-02 New Jersey Nets,New Jersey Nets,2001-02,'02
kenyon-martin-2001-02-new-jersey-nets,Kenyon Martin,2001-02 New,PF / C,82,"6'9""",81,225,"7'0""",84,79.0,80.0,55.0,84.0,77.0,67.0,60.0,96,68,85,70,75,79,82,70,97,80,78,65,78,90,43,48,62,53,69,65,95,85,81,97,80,85,82,80,85,82,68,65,74,64,70,-,-,-,Bronze,-,Gold,-,-,-,-,-,Bronze,-,Bronze,-,Bronze,-,-,-,-,-,-,-,-,-,-,-,-,-,-,-,-,-,-,-,-,-,Gold,Gold,-,2001-02 New Jersey Nets,New Jersey Nets,2001-02,'02
keith-van-horn-2001-02-new-jersey-nets,Keith Van Horn,2001-02 New,SF / PF,82,"6'10""",82,220,"6'11""",83,84.0,68.0,66.0,67.0,57.0,76.0,98.0,88,80,88,80,85,80,52,65,85,85,64,75,64,50,78,74,70,42,67,80,60,73,69,95,36,53,50,50,64,52,50,78,52,78,74,-,-,-,Gold,-,-,-,-,-,-,-,-,-,-,-,-,-,-,-,-,-,-,-,-,-,-,-,-,-,-,-,-,-,-,-,-,-,-,-,-,2001-02 New Jersey Nets,New Jersey Nets,2001-02,'02
kerry-kittles-2001-02-new-jersey-nets,Kerry Kittles,2001-02 New,SG / SF,81,"6'5""",77,210,"6'9""",81,81.0,61.0,64.0,80.0,69.0,37.0,90.0,65,74,93,80,84,87,75,40,86,82,52,77,40,35,76,60,75,45,63,81,90,87,85,84,60,72,35,85,85,58,84,81,55,46,28,-,Silver,-,-,Silver,-,-,-,-,-,-,-,-,-,-,-,-,-,-,-,-,-,-,-,-,Silver,Silver,-,Bronze,-,Gold,Bronze,-,Silver,-,-,-,-,-,-,2001-02 New Jersey Nets,New Jersey Nets,2001-02,'02
richard-jefferson-2001-02-new-jersey-nets,Richard Jefferson,2001-02 New,SF / SG,78,"6'7""",79,230,"7'0""",84,71.0,66.0,71.0,84.0,60.0,43.0,75.0,88,71,81,45,69,69,48,85,75,84,70,62,45,60,79,68,67,62,78,79,85,78,87,98,69,92,47,55,68,60,63,69,60,55,31,-,-,-,-,-,Gold,-,-,Silver,-,Bronze,-,-,-,-,-,-,-,-,-,-,-,-,-,-,-,-,-,-,-,-,-,-,-,-,-,-,-,-,-,2001-02 New Jersey Nets,New Jersey Nets,2001-02,'02
brandon-armstrong-2001-02-new-jersey-nets,Brandon Armstrong,2001-02 New,SG,72,"6'5""",77,188,"6'10""",82,72.0,55.0,63.0,67.0,53.0,42.0,95.0,50,78,74,65,85,78,50,50,85,74,49,49,38,43,68,64,65,54,62,64,73,84,65,70,45,67,40,40,80,41,55,54,63,46,37,-,-,-,-,-,-,-,-,-,-,-,-,-,-,-,-,-,-,-,-,-,-,-,-,-,-,-,-,-,-,-,-,-,-,-,-,-,-,-,-,2001-02 New Jersey Nets,New Jersey Nets,2001-02,'02
brian-scalabrine-2001-02-new-jersey-nets,Brian Scalabrine,2001-02 New,PF / SF,72,"6'9""",81,241,"6'10""",82,82.0,50.0,48.0,59.0,45.0,54.0,90.0,77,73,84,70,98,89,44,38,82,48,56,62,45,25,35,53,84,42,25,39,45,83,45,85,59,55,52,35,44,42,45,39,57,56,52,-,-,-,-,-,-,-,-,-,-,-,-,-,-,-,-,-,-,-,-,-,-,-,-,-,-,-,-,-,-,-,-,-,-,-,-,-,-,-,-,2001-02 New Jersey Nets,New Jersey Nets,2001-02,'02
aaron-williams-2001-02-new-jersey-nets,Aaron Williams,2001-02 New,C / PF,72,"6'9""",81,220,"7'0""",84,63.0,64.0,45.0,63.0,65.0,64.0,50.0,74,70,73,65,70,27,44,65,66,68,62,60,69,75,44,39,70,48,25,42,42,80,60,80,80,57,69,70,77,79,75,42,44,70,58,-,-,-,-,-,-,-,-,-,-,-,-,-,-,-,Bronze,-,-,-,-,-,-,-,-,-,-,-,-,-,-,-,-,-,-,-,Silver,-,Gold,-,-,2001-02 New Jersey Nets,New Jersey Nets,2001-02,'02
jason-collins-2001-02-new-jersey-nets,Jason Collins,2001-02 New,C,71,"7'0""",84,255,"7'5""",89,58.0,53.0,31.0,58.0,73.0,63.0,70.0,55,72,46,65,84,25,52,42,28,41,65,65,60,70,35,31,33,30,27,44,43,79,39,66,82,50,63,85,80,80,77,59,64,57,69,-,-,-,-,-,-,-,-,-,-,-,-,-,-,-,-,-,-,-,-,-,-,-,-,-,-,-,-,-,-,-,-,-,-,-,-,-,Gold,-,-,2001-02 New Jersey Nets,New Jersey Nets,2001-02,'02
todd-macculloch-2001-02-new-jersey-nets,Todd MacCulloch,2001-02 New,C,71,"7'0""",84,280,"7'4""",88,59.0,59.0,29.0,50.0,55.0,79.0,98.0,59,67,63,45,92,25,69,40,65,28,62,65,75,69,32,32,30,28,25,25,55,77,25,62,75,30,62,60,67,73,44,25,55,71,86,-,-,-,-,-,Gold,-,-,-,-,-,-,-,-,-,-,-,-,-,-,-,-,-,-,-,-,-,-,-,-,-,-,-,-,-,Gold,-,Gold,-,-,2001-02 New Jersey Nets,New Jersey Nets,2001-02,'02
carmelo-anthony-2007-08-denver-nuggets,Carmelo Anthony,2007-08 Denver Nuggets,SF / PF,93,"6'8""",80,240,"7'0""",84,83.0,86.0,82.0,88.0,71.0,62.0,80.0,70,79,97,98,75,80,83,95,95,89,88,95,70,75,94,84,94,55,83,80,82,95,92,98,82,85,68,65,70,73,74,72,78,78,45,HOF,Gold,-,Gold,HOF,Gold,Silver,-,Gold,-,Silver,Silver,-,Silver,-,-,Gold,Gold,-,-,Gold,Silver,Bronze,Bronze,-,-,-,-,-,-,-,-,-,-,-,-,-,-,-,Gold,2007-08 Denver Nuggets,Denver Nuggets,2007-08,'08
allen-iverson-2007-08-denver-nuggets,Allen Iverson,2007-08 Denver Nuggets,SG / PG,88,"6'0""",72,165,"6'3""",75,88.0,60.0,85.0,89.0,62.0,40.0,70.0,93,81,93,95,90,77,94,65,98,88,33,50,25,25,98,84,85,68,92,91,97,85,94,95,65,93,37,65,70,30,77,72,82,45,34,-,-,Gold,-,Gold,-,Gold,-,Gold,-,-,-,-,-,-,-,Gold,Gold,-,-,Gold,Gold,Silver,Silver,Bronze,-,Gold,-,-,Gold,-,-,-,Silver,-,-,-,-,-,Gold,2007-08 Denver Nuggets,Denver Nuggets,2007-08,'08
marcus-camby-2007-08-denver-nuggets,Marcus Camby,2007-08 Denver Nuggets,C,87,"6'11""",83,220,"7'3""",87,71.0,72.0,37.0,73.0,79.0,91.0,95.0,86,71,75,45,86,65,44,71,94,60,79,60,81,90,35,45,50,28,26,56,95,66,64,95,78,60,96,90,95,95,60,56,60,97,85,-,-,-,-,-,Gold,-,-,-,-,-,-,-,Gold,-,Bronze,-,-,-,-,-,-,-,-,-,Bronze,-,Gold,-,-,-,-,Gold,-,Gold,Gold,Silver,Gold,Gold,-,2007-08 Denver Nuggets,Denver Nuggets,2007-08,'08
jr-smith-2007-08-denver-nuggets,J.R. Smith,2007-08 Denver Nuggets,SG / SF,80,"6'6""",78,220,"6'10""",82,76.0,59.0,71.0,80.0,59.0,40.0,98.0,74,72,84,70,70,88,37,94,83,84,45,62,25,40,80,78,74,50,75,85,72,79,84,95,52,92,42,50,73,45,62,78,63,45,35,-,Gold,-,-,Silver,Gold,-,-,Gold,-,-,-,-,-,HOF,-,Bronze,-,-,-,-,-,-,-,Bronze,-,-,-,-,-,-,-,-,-,-,-,-,-,-,-,2007-08 Denver Nuggets,Denver Nuggets,2007-08,'08
kenyon-martin-2007-08-denver-nuggets,Kenyon Martin,2007-08 Denver Nuggets,PF / C,79,"6'9""",81,225,"7'0""",84,66.0,76.0,54.0,83.0,71.0,67.0,55.0,84,58,77,60,75,42,48,70,97,80,78,65,78,90,43,48,62,53,62,65,95,85,74,97,80,85,82,50,82,82,68,60,74,64,70,-,-,-,-,-,Gold,-,-,-,-,-,-,-,-,-,Bronze,-,-,-,-,-,-,-,-,-,-,-,-,-,-,-,-,-,-,-,-,-,Gold,Gold,-,2007-08 Denver Nuggets,Denver Nuggets,2007-08,'08
nene-2007-08-denver-nuggets,Nene,2007-08 Denver Nuggets,PF / C,77,"6'11""",83,250,"7'5""",89,60.0,70.0,45.0,72.0,61.0,83.0,90.0,88,55,70,35,85,29,75,68,62,60,74,69,70,80,40,53,54,55,25,47,85,75,62,80,88,69,58,40,72,79,60,47,73,86,80,-,-,-,-,-,Bronze,-,-,-,-,-,-,-,-,-,-,-,-,-,-,-,-,-,-,-,-,-,-,-,-,-,-,-,-,-,Bronze,-,-,-,-,2007-08 Denver Nuggets,Denver Nuggets,2007-08,'08
anthony-carter-2007-08-denver-nuggets,Anthony Carter,2007-08 Denver Nuggets,PG,75,"6'1""",73,190,"6'5""",77,73.0,43.0,82.0,77.0,67.0,51.0,70.0,77,70,73,65,75,76,40,35,72,77,31,36,25,25,81,82,82,80,84,82,75,80,84,82,64,74,56,75,74,31,75,76,85,56,45,-,-,-,-,-,-,-,-,-,-,-,-,-,-,-,-,-,-,-,Bronze,-,-,-,-,Bronze,-,Bronze,-,-,-,-,-,-,Bronze,-,-,-,-,-,-,2007-08 Denver Nuggets,Denver Nuggets,2007-08,'08
chucky-atkins-2007-08-denver-nuggets,Chucky Atkins,2007-08 Denver Nuggets,SG,74,"5'11""",71,160,"6'3""",75,75.0,48.0,75.0,74.0,45.0,38.0,85.0,64,81,77,50,98,78,47,48,95,74,25,43,26,25,72,74,74,71,84,74,80,84,84,84,37,77,30,45,55,36,49,59,38,41,34,-,-,Bronze,-,-,-,-,-,-,-,-,-,-,-,-,-,-,-,-,-,-,Bronze,-,-,Silver,-,-,-,-,-,-,-,-,-,-,-,-,-,-,-,2007-08 Denver Nuggets,Denver Nuggets,2007-08,'08
steven-hunter-2007-08-denver-nuggets,Steven Hunter,2007-08 Denver Nuggets,C / PF,73,"7'0""",84,220,"7'4""",88,49.0,68.0,41.0,74.0,64.0,64.0,73.0,79,45,40,50,50,31,70,63,84,58,62,58,60,85,50,54,50,26,25,45,90,83,52,86,74,85,89,60,75,77,68,45,35,56,72,-,-,-,-,-,-,-,-,-,-,-,-,-,-,-,Gold,-,-,-,-,-,-,-,-,-,-,-,-,-,-,-,-,-,-,-,Silver,-,-,-,-,2007-08 Denver Nuggets,Denver Nuggets,2007-08,'08
eduardo-najera-2007-08-denver-nuggets,Eduardo Najera,2007-08 Denver Nuggets,SF / SG,73,"6'8""",80,240,"7'0""",84,74.0,50.0,64.0,72.0,61.0,67.0,80.0,60,71,59,75,98,81,33,55,80,75,60,45,30,25,76,65,68,70,39,67,85,82,62,92,55,63,55,60,68,66,56,59,64,66,67,-,-,-,-,-,-,-,-,-,-,-,-,-,-,-,-,-,-,-,-,-,-,-,-,-,-,-,-,-,-,-,-,-,-,-,-,-,-,-,-,2007-08 Denver Nuggets,Denver Nuggets,2007-08,'08
yakhouba-diawara-2007-08-denver-nuggets,Yakhouba Diawara,2007-08 Denver Nuggets,SG,70,"6'7""",79,225,"6'8""",80,61.0,43.0,72.0,72.0,56.0,48.0,80.0,61,65,60,50,71,61,50,25,81,69,25,40,31,25,75,71,69,67,76,78,92,85,74,98,40,39,30,65,70,48,55,74,51,51,44,-,-,-,-,-,-,-,-,-,-,-,-,-,-,-,-,-,-,-,-,-,-,-,-,-,-,-,-,-,-,-,-,-,-,-,-,-,-,-,-,2007-08 Denver Nuggets,Denver Nuggets,2007-08,'08
mahmoud-abdul-rauf-1993-94-denver-nuggets,Mahmoud Abdul-Rauf,1993-94 Denver Nuggets,PG / SG,84,"6'1""",73,162,"6'4""",76,86.0,59.0,76.0,78.0,53.0,35.0,70.0,85,95,88,85,80,82,63,80,85,84,25,81,25,25,80,73,70,72,86,78,78,92,86,94,32,87,30,70,69,25,48,65,62,39,31,Gold,Silver,Gold,Gold,Gold,-,Gold,-,Gold,-,-,-,-,-,-,-,Bronze,-,-,Gold,-,Silver,Gold,Gold,Gold,-,-,-,-,-,-,-,-,Silver,-,-,-,-,-,Gold,1993-94 Denver Nuggets,Denver Nuggets,1993-94,'94
dikembe-mutombo-1993-94-denver-nuggets,Dikembe Mutombo,1993-94 Denver Nuggets,C / PF,84,"7'2""",86,250,"7'7""",91,49.0,67.0,35.0,66.0,79.0,83.0,98.0,53,58,35,60,65,25,75,40,88,32,70,48,82,97,29,45,45,32,25,32,80,95,36,85,83,50,93,98,88,97,85,32,58,87,79,-,-,-,-,-,Gold,-,-,-,-,-,-,Gold,-,-,Gold,-,-,-,-,-,-,-,-,-,HOF,-,HOF,-,-,-,-,HOF,Bronze,HOF,Gold,Gold,HOF,Gold,-,1993-94 Denver Nuggets,Denver Nuggets,1993-94,'94
laphonso-ellis-1993-94-denver-nuggets,LaPhonso Ellis,1993-94 Denver Nuggets,PF / SF,80,"6'8""",80,240,"6'11""",83,71.0,73.0,53.0,78.0,71.0,70.0,85.0,72,67,72,80,80,55,71,80,88,77,66,68,58,75,65,49,49,40,62,50,85,82,80,87,75,85,58,85,85,79,79,50,59,71,68,-,-,-,Bronze,-,Gold,-,-,-,-,-,-,-,-,Silver,-,-,-,-,-,-,-,-,-,-,-,-,Gold,-,-,-,-,Bronze,-,-,-,-,Bronze,Gold,-,1993-94 Denver Nuggets,Denver Nuggets,1993-94,'94
reggie-williams-1993-94-denver-nuggets,Reggie Williams,1993-94 Denver Nuggets,SF / SG,78,"6'7""",79,195,"6'9""",81,76.0,67.0,69.0,75.0,65.0,50.0,80.0,79,73,76,70,83,77,61,82,84,80,63,62,40,60,70,70,71,66,69,81,75,87,75,83,50,72,56,70,70,55,56,77,69,54,46,-,-,-,-,-,-,-,-,-,-,-,-,-,-,-,-,-,-,-,-,-,-,-,-,-,-,-,-,-,-,-,-,-,-,-,-,-,-,-,-,1993-94 Denver Nuggets,Denver Nuggets,1993-94,'94
bryant-stith-1993-94-denver-nuggets,Bryant Stith,1993-94 Denver Nuggets,SG / SF,77,"6'5""",77,208,"6'8""",80,77.0,63.0,68.0,81.0,70.0,47.0,70.0,77,82,78,75,85,65,80,75,85,77,55,55,25,50,76,75,78,41,70,76,84,92,73,88,79,77,35,80,79,66,78,78,74,46,48,-,-,-,-,-,-,-,-,-,-,Bronze,-,-,-,-,-,-,-,-,-,-,-,-,-,-,-,-,-,Bronze,Silver,Gold,Bronze,-,-,-,-,-,-,-,-,1993-94 Denver Nuggets,Denver Nuggets,1993-94,'94
robert-pack-1993-94-denver-nuggets,Robert Pack,1993-94 Denver Nuggets,PG / SG,75,"6'2""",74,180,"6'5""",77,67.0,56.0,85.0,78.0,48.0,39.0,60.0,75,75,68,60,64,62,67,90,80,84,25,44,36,25,80,83,82,87,91,72,77,75,85,91,50,98,35,45,50,27,45,54,83,43,35,-,-,-,-,-,Bronze,-,-,-,-,-,-,-,-,-,-,Bronze,-,-,Silver,-,Silver,-,-,Silver,-,Bronze,-,-,-,-,-,-,-,-,-,-,-,-,-,1993-94 Denver Nuggets,Denver Nuggets,1993-94,'94
rodney-rogers-1993-94-denver-nuggets,Rodney Rogers,1993-94 Denver Nuggets,PF / SF,74,"6'7""",79,235,"6'10""",82,72.0,72.0,50.0,70.0,64.0,57.0,80.0,80,67,79,65,58,82,57,84,70,70,70,75,63,88,62,55,54,43,36,52,75,80,52,74,80,75,61,60,60,72,72,52,69,51,62,-,-,-,-,-,-,-,-,-,-,-,-,-,-,-,-,-,-,-,-,-,-,-,-,-,-,-,-,-,-,-,-,-,-,-,-,-,Bronze,-,-,1993-94 Denver Nuggets,Denver Nuggets,1993-94,'94
tom-hammonds-1993-94-denver-nuggets,Tom Hammonds,1993-94 Denver Nuggets,PF / C,73,"6'9""",81,225,"7'0""",84,57.0,67.0,36.0,64.0,62.0,75.0,98.0,74,68,38,75,60,25,44,68,65,53,70,70,72,90,41,40,42,31,25,42,95,75,42,68,70,58,47,70,68,77,70,42,58,74,75,-,-,-,-,-,-,-,-,-,-,-,-,-,-,-,Silver,-,-,-,-,-,-,-,-,-,-,-,-,-,-,-,-,-,-,-,-,-,-,-,-,1993-94 Denver Nuggets,Denver Nuggets,1993-94,'94
paul-george-2013-14-indiana-pacers,Paul George,2013-14 Indiana Pacers,SF,92,"6'9""",81,220,"6'11""",83,88.0,73.0,80.0,85.0,77.0,53.0,98.0,84,86,82,95,98,84,75,85,95,86,70,74,40,55,83,76,84,77,79,94,90,93,74,95,60,88,47,95,90,63,84,94,69,69,37,Silver,Bronze,-,Silver,Silver,Silver,Silver,-,Silver,-,Bronze,-,-,-,Bronze,-,-,Silver,-,-,-,Silver,Bronze,Bronze,-,Gold,Silver,Bronze,Gold,Gold,Gold,Gold,-,Gold,-,-,-,-,-,Bronze,2013-14 Indiana Pacers,Indiana Pacers,2013-14,'14
roy-hibbert-2013-14-indiana-pacers,Roy Hibbert,2013-14 Indiana Pacers,C,83,"7'2""",86,280,"7'7""",91,67.0,69.0,38.0,60.0,72.0,77.0,98.0,86,77,74,30,88,45,63,53,63,52,77,60,93,90,35,37,58,35,25,25,68,80,26,90,88,41,84,85,93,93,64,25,57,70,84,-,-,-,Silver,-,Gold,-,Bronze,-,-,-,-,Gold,-,-,Bronze,-,-,-,-,-,-,-,-,-,Gold,-,-,-,-,-,-,Gold,-,Gold,Gold,Gold,Gold,-,-,2013-14 Indiana Pacers,Indiana Pacers,2013-14,'14
david-west-2013-14-indiana-pacers,David West,2013-14 Indiana Pacers,PF,81,"6'9""",81,250,"7'4""",88,83.0,75.0,49.0,66.0,75.0,83.0,70.0,93,75,89,85,85,71,60,65,70,63,88,89,88,75,40,55,52,70,30,43,85,80,30,85,88,50,88,65,82,82,72,68,70,84,82,-,-,-,-,-,-,-,-,-,-,-,Silver,-,-,-,-,-,-,-,-,-,-,-,-,-,-,-,-,-,-,-,-,-,-,-,Bronze,-,Gold,-,-,2013-14 Indiana Pacers,Indiana Pacers,2013-14,'14
evan-turner-2013-14-indiana-pacers,Evan Turner,2013-14 Indiana Pacers,SF / PG,75,"6'7""",79,205,"6'8""",80,70.0,56.0,74.0,76.0,55.0,52.0,90.0,76,81,77,40,70,75,42,63,90,78,50,52,31,40,77,75,78,66,76,78,88,85,67,82,60,70,30,65,70,48,55,74,41,65,38,-,-,-,-,-,-,-,-,-,-,-,-,-,-,-,-,-,-,-,-,-,-,-,-,Bronze,-,-,-,-,-,-,-,-,-,-,-,-,-,-,-,2013-14 Indiana Pacers,Indiana Pacers,2013-14,'14
cj-watson-2013-14-indiana-pacers,C.J. Watson,2013-14 Indiana Pacers,PG,75,"6'2""",74,175,"6'6""",78,72.0,45.0,74.0,78.0,67.0,50.0,85.0,59,74,61,70,89,79,67,25,85,64,29,39,25,25,81,69,71,70,77,84,88,84,80,98,40,69,50,80,77,38,59,83,79,51,49,-,-,-,-,-,-,-,-,-,-,-,-,-,-,-,-,-,-,-,-,-,-,-,-,-,-,-,-,-,-,-,-,-,-,-,-,-,-,-,-,2013-14 Indiana Pacers,Indiana Pacers,2013-14,'14
luis-scola-2013-14-indiana-pacers,Luis Scola,2013-14 Indiana Pacers,PF,74,"6'9""",81,240,"7'0""",84,76.0,69.0,44.0,63.0,54.0,78.0,60.0,85,69,70,80,70,81,73,58,58,59,84,82,82,55,37,41,64,44,34,41,75,86,43,77,76,46,47,45,62,70,64,27,60,73,83,-,-,-,-,-,Bronze,-,-,-,-,-,-,-,-,-,-,-,-,-,-,-,-,-,-,-,-,-,-,-,-,-,-,-,-,-,Silver,Bronze,-,-,-,2013-14 Indiana Pacers,Indiana Pacers,2013-14,'14
chris-copeland-2013-14-indiana-pacers,Chris Copeland,2013-14 Indiana Pacers,SF,73,"6'9""",81,239,"7'1""",85,72.0,51.0,53.0,68.0,50.0,48.0,75.0,70,72,76,50,75,86,55,60,70,67,40,38,37,40,57,57,57,41,54,57,81,79,60,90,52,57,40,45,57,50,50,57,50,48,47,-,-,-,Gold,-,-,-,-,-,-,-,-,-,-,-,-,-,-,-,-,-,-,-,-,-,-,-,-,-,-,-,-,-,-,-,-,-,-,-,Silver,2013-14 Indiana Pacers,Indiana Pacers,2013-14,'14
ian-mahinmi-2013-14-indiana-pacers,Ian Mahinmi,2013-14 Indiana Pacers,C,70,"6'11""",83,250,"7'3""",87,53.0,66.0,37.0,66.0,66.0,64.0,25.0,83,62,72,35,40,25,65,69,76,46,66,62,68,75,35,32,64,27,25,40,82,83,40,78,79,58,82,65,80,80,69,40,49,57,70,-,-,-,-,-,Silver,-,-,-,-,-,-,-,-,-,-,-,-,-,-,-,-,-,-,-,Silver,-,-,-,-,-,-,Gold,-,Silver,Gold,-,Bronze,-,-,2013-14 Indiana Pacers,Indiana Pacers,2013-14,'14
george-hill-2013-14-indiana-pacers,George Hill,2013-14 Indiana Pacers,PG,79,"6'3""",75,188,"6'9""",81,82.0,51.0,79.0,66.0,66.0,43.0,60.0,96,81,86,60,84,83,48,45,84,76,38,61,33,25,86,84,84,62,78,,74,79,76,92,52,88,40,80,80,48,70,80,63,51,34,-,-,-,-,-,-,-,-,-,-,-,-,-,-,-,-,-,-,-,-,-,-,-,-,-,-,-,-,-,-,-,-,-,-,-,-,-,-,-,-,2013-14 Indiana Pacers,Indiana Pacers,2013-14,'14
isiah-thomas-1988-89-detroit-pistons,Isiah Thomas,1988-89 Detroit Pistons,PG / SG,92,"6'1""",73,180,"6'4""",76,83.0,54.0,95.0,85.0,68.0,40.0,85.0,88,81,84,90,85,72,75,65,92,97,25,29,25,25,97,94,95,95,92,88,94,90,92,94,60,74,35,85,84,40,78,81,71,45,35,-,-,-,-,Gold,-,Silver,-,Gold,-,-,-,-,-,-,-,Gold,Gold,-,HOF,Gold,Gold,Gold,Gold,Gold,Gold,Bronze,-,Bronze,Gold,Gold,Bronze,-,Gold,-,-,-,-,-,-,1988-89 Detroit Pistons,Detroit Pistons,1988-89,'89
joe-dumars-1988-89-detroit-pistons,Joe Dumars,1988-89 Detroit Pistons,SG / PG,90,"6'3""",75,190,"6'6""",78,87.0,62.0,77.0,84.0,82.0,55.0,80.0,85,84,88,90,90,85,83,51,98,85,39,59,58,25,80,79,79,77,69,97,98,79,67,98,75,73,38,98,95,66,95,97,88,55,54,Silver,Silver,Silver,Silver,Silver,-,Bronze,-,Bronze,-,-,-,-,-,-,-,Bronze,Silver,-,Gold,Silver,Silver,Silver,Silver,Silver,Gold,Silver,-,Gold,Bronze,Gold,Gold,-,Gold,-,-,-,-,-,Silver,1988-89 Detroit Pistons,Detroit Pistons,1988-89,'89
mark-aguirre-1988-89-detroit-pistons,Mark Aguirre,1988-89 Detroit Pistons,SF / SG,82,"6'6""",78,232,"6'9""",81,79.0,72.0,67.0,84.0,73.0,58.0,80.0,85,73,75,90,85,68,73,55,87,75,90,84,65,48,69,55,70,66,75,82,98,86,80,98,78,63,55,90,88,65,75,84,57,58,57,-,-,-,-,-,Silver,Gold,-,Bronze,-,-,Bronze,-,Bronze,-,-,-,-,-,-,-,-,-,-,-,-,-,-,-,-,-,-,-,-,-,-,-,-,-,-,1988-89 Detroit Pistons,Detroit Pistons,1988-89,'89
vinnie-johnson-1988-89-detroit-pistons,Vinnie Johnson,1988-89 Detroit Pistons,SG / PG,81,"6'2""",74,200,"6'5""",77,80.0,53.0,78.0,77.0,66.0,50.0,98.0,88,73,85,90,80,65,84,25,85,86,33,59,25,25,83,78,82,74,72,76,83,88,76,87,70,60,37,75,78,44,79,75,73,43,56,-,-,Silver,Gold,-,-,Gold,-,Silver,-,-,-,-,-,-,-,-,-,-,-,-,-,-,-,-,-,-,-,-,-,-,-,-,-,-,-,-,-,-,Gold,1988-89 Detroit Pistons,Detroit Pistons,1988-89,'89
dennis-rodman-1988-89-detroit-pistons,Dennis Rodman,1988-89 Detroit Pistons,PF / SF,81,"6'7""",79,220,"7'3""",87,56.0,63.0,43.0,82.0,77.0,87.0,80.0,70,62,64,35,50,52,50,80,75,67,45,48,60,80,35,45,30,32,74,53,99,88,82,91,75,85,61,90,90,94,90,53,60,80,94,-,-,-,-,-,Gold,-,-,-,-,-,-,-,-,-,-,-,-,-,-,-,-,-,-,-,Gold,-,Bronze,-,-,-,-,Gold,-,Gold,HOF,HOF,Silver,-,-,1988-89 Detroit Pistons,Detroit Pistons,1988-89,'89
bill-laimbeer-1988-89-detroit-pistons,Bill Laimbeer,1988-89 Detroit Pistons,C / PF,80,"6'11""",83,245,"7'3""",87,81.0,62.0,46.0,62.0,71.0,72.0,60.0,78,83,80,85,75,84,63,40,82,55,66,68,69,50,38,64,62,39,25,25,90,90,25,85,83,35,62,90,86,90,86,25,58,87,56,-,Bronze,-,Gold,Gold,Gold,-,-,-,-,-,-,Gold,-,-,-,-,-,-,-,-,-,-,-,-,Silver,-,-,-,-,-,-,Silver,-,Bronze,Gold,Gold,Gold,-,-,1988-89 Detroit Pistons,Detroit Pistons,1988-89,'89
james-edwards-1988-89-detroit-pistons,James Edwards,1988-89 Detroit Pistons,C / PF,76,"7'0""",84,225,"7'4""",88,69.0,70.0,34.0,57.0,58.0,79.0,80.0,84,68,72,85,80,25,79,42,73,43,80,86,80,80,27,35,36,31,42,34,65,80,50,70,75,27,55,70,70,70,65,34,45,84,74,-,-,-,-,-,-,-,-,-,-,-,Silver,-,-,-,Silver,-,-,-,-,-,-,-,-,-,-,-,-,-,-,-,-,-,-,-,Gold,-,Gold,-,-,1988-89 Detroit Pistons,Detroit Pistons,1988-89,'89
rick-mahorn-1988-89-detroit-pistons,Rick Mahorn,1988-89 Detroit Pistons,C / PF,76,"6'10""",82,240,"7'2""",86,60.0,57.0,33.0,59.0,70.0,74.0,75.0,62,74,35,80,85,25,65,40,68,40,60,55,55,72,35,38,35,29,29,29,69,80,39,68,95,35,62,90,84,85,85,29,58,79,68,-,-,-,Bronze,-,Silver,-,-,-,-,-,-,Gold,-,-,Bronze,-,-,-,-,-,-,-,-,-,Silver,-,-,-,-,-,-,Silver,-,Silver,Gold,-,Gold,-,-,1988-89 Detroit Pistons,Detroit Pistons,1988-89,'89
john-long-1988-89-detroit-pistons,John Long,1988-89 Detroit Pistons,SG,74,"6'5""",77,195,"6'9""",81,79.0,54.0,66.0,74.0,59.0,36.0,70.0,75,85,86,75,82,73,49,50,74,72,56,54,52,25,69,68,67,62,62,73,74,81,74,85,58,70,32,75,68,50,64,62,61,36,35,-,-,-,-,-,-,-,-,-,-,-,-,-,-,-,-,-,-,-,-,-,-,-,-,-,-,-,-,-,-,-,-,-,-,-,-,-,-,-,-,1988-89 Detroit Pistons,Detroit Pistons,1988-89,'89
micheal-williams-1988-89-detroit-pistons,Micheal Williams,1988-89 Detroit Pistons,PG,74,"6'2""",74,175,"6'6""",78,74.0,47.0,77.0,79.0,67.0,43.0,50.0,74,87,77,75,65,64,70,35,70,77,30,30,30,30,72,76,75,75,88,84,85,82,88,92,49,72,37,80,74,44,79,82,76,45,40,-,-,-,-,-,-,-,-,Bronze,-,-,-,-,-,-,-,-,-,-,-,-,Bronze,Bronze,Bronze,-,-,-,-,Bronze,-,-,Bronze,-,Bronze,-,-,-,-,-,-,1988-89 Detroit Pistons,Detroit Pistons,1988-89,'89
john-salley-1988-89-detroit-pistons,John Salley,1988-89 Detroit Pistons,PF / C,72,"6'11""",83,230,"7'3""",87,58.0,63.0,37.0,66.0,64.0,69.0,98.0,70,69,45,60,70,34,72,65,68,60,48,50,45,95,40,41,40,33,33,49,80,82,51,70,60,70,70,65,65,68,68,49,61,63,74,-,-,-,-,-,Bronze,-,-,-,-,-,-,-,-,-,-,-,-,-,-,-,-,-,-,-,-,-,-,-,-,-,-,-,-,-,-,-,-,-,-,1988-89 Detroit Pistons,Detroit Pistons,1988-89,'89
chauncey-billups-2003-04-detroit-pistons,Chauncey Billups,2003-04 Detroit Pistons,PG / SG,89,"6'3""",75,202,"6'6""",78,86.0,53.0,87.0,85.0,75.0,41.0,50.0,87,87,78,85,94,84,77,25,81,92,40,44,38,25,88,94,91,78,85,96,95,80,85,93,75,72,30,95,88,58,95,94,63,50,32,Gold,-,Bronze,Silver,Gold,-,Silver,-,Silver,-,-,-,-,-,-,-,Gold,Gold,-,Gold,Bronze,Gold,Gold,Gold,Silver,Gold,Gold,-,Gold,Gold,Gold,Gold,-,Gold,-,-,-,-,-,Gold,2003-04 Detroit Pistons,Detroit Pistons,2003-04,'04
richard-hamilton-2003-04-detroit-pistons,Richard Hamilton,2003-04 Detroit Pistons,SG / SF,89,"6'6""",78,185,"6'10""",82,87.0,67.0,80.0,77.0,73.0,49.0,70.0,82,86,87,97,85,86,79,70,95,85,60,70,39,35,78,81,90,79,73,86,98,70,73,98,55,62,37,85,85,64,88,85,65,49,48,Gold,Gold,-,Gold,Gold,-,-,-,Silver,-,-,-,-,-,-,-,-,-,-,-,-,-,-,-,-,-,Bronze,-,-,-,-,-,-,Silver,-,-,-,-,-,Gold,2003-04 Detroit Pistons,Detroit Pistons,2003-04,'04
ben-wallace-2003-04-detroit-pistons,Ben Wallace,2003-04 Detroit Pistons,C / PF,88,"6'9""",81,240,"7'1""",85,52.0,65.0,44.0,82.0,88.0,84.0,70.0,71,44,45,45,80,25,67,65,98,55,45,48,60,80,45,54,55,34,32,49,98,83,79,91,92,85,95,99,98,98,97,49,77,86,82,-,-,-,-,-,Gold,-,-,-,-,-,-,Gold,-,-,Gold,-,-,-,-,-,-,-,-,-,HOF,Silver,HOF,-,-,-,-,HOF,-,HOF,HOF,HOF,Gold,HOF,-,2003-04 Detroit Pistons,Detroit Pistons,2003-04,'04
corliss-williamson-2003-04-detroit-pistons,Corliss Williamson,2003-04 Detroit Pistons,SF / PF,76,"6'7""",79,245,"6'11""",83,69.0,66.0,63.0,80.0,68.0,61.0,60.0,88,73,72,50,78,51,50,75,80,80,72,60,56,55,68,60,64,66,58,78,90,81,64,85,86,75,47,70,74,76,70,75,62,60,62,-,-,-,-,-,Bronze,-,-,-,-,-,-,-,-,-,-,-,-,-,-,-,-,-,-,-,-,-,-,-,-,-,-,-,-,-,-,-,Bronze,-,-,2003-04 Detroit Pistons,Detroit Pistons,2003-04,'04
mike-lamont-james-2003-04-detroit-pistons,Mike James,2003-04 Detroit Pistons,PG,73,"6'2""",74,188,"6'2""",74,72.0,40.0,80.0,74.0,49.0,40.0,80.0,66,73,77,60,80,78,46,25,77,68,25,25,25,25,86,78,78,72,84,75,91,80,84,86,48,57,30,50,58,25,55,63,59,46,33,-,-,Silver,-,-,-,-,-,-,-,-,-,-,-,-,-,-,Bronze,-,-,-,Bronze,Bronze,Bronze,Bronze,-,-,-,-,-,-,-,-,-,-,-,-,-,-,-,2003-04 Detroit Pistons,Detroit Pistons,2003-04,'04
darvin-ham-2003-04-detroit-pistons,Darvin Ham,2003-04 Detroit Pistons,SF / SG,72,"6'7""",79,220,"6'11""",83,59.0,59.0,49.0,75.0,57.0,65.0,80.0,62,60,60,35,60,79,60,90,64,64,35,40,45,70,65,40,51,30,57,79,72,80,68,80,60,84,52,40,64,60,48,74,61,52,77,-,-,-,-,-,Silver,-,-,-,-,-,-,-,-,Gold,-,-,-,-,-,-,-,-,-,-,-,-,-,-,-,-,-,-,-,-,-,-,-,-,-,2003-04 Detroit Pistons,Detroit Pistons,2003-04,'04
elden-campbell-2003-04-detroit-pistons,Elden Campbell,2003-04 Detroit Pistons,C / PF,71,"6'11""",83,215,"7'3""",87,60.0,63.0,32.0,55.0,61.0,67.0,80.0,74,68,55,60,70,30,73,40,69,38,68,68,68,80,38,29,31,38,25,30,52,88,26,68,85,33,81,65,62,74,54,30,60,76,58,-,-,-,-,-,-,-,-,-,-,-,-,Bronze,-,-,Silver,-,-,-,-,-,-,-,-,-,-,-,-,-,-,-,-,-,-,-,Gold,-,Gold,-,-,2003-04 Detroit Pistons,Detroit Pistons,2003-04,'04
darko-milicic-2003-04-detroit-pistons,Darko Milicic,2003-04 Detroit Pistons,C / PF,70,"7'0""",84,250,"7'5""",89,49.0,57.0,38.0,57.0,66.0,74.0,98.0,61,58,59,45,45,25,75,51,49,46,58,40,68,70,35,37,37,34,49,26,63,65,57,75,65,49,92,45,73,75,75,26,73,82,65,-,-,-,-,-,-,-,-,-,-,-,-,-,-,-,Bronze,-,-,-,-,-,-,-,-,-,-,-,-,-,-,-,-,-,-,-,Gold,-,Gold,-,-,2003-04 Detroit Pistons,Detroit Pistons,2003-04,'04
lindsey-hunter-2003-04-detroit-pistons,Lindsey Hunter,2003-04 Detroit Pistons,PG / SG,69,"6'2""",74,170,"6'5""",77,70.0,42.0,74.0,79.0,52.0,42.0,69.0,73,72,77,50,74,72,30,30,80,80,26,40,25,25,81,70,69,70,80,75,73,81,81,91,72,80,42,50,57,31,38,59,87,48,36,-,-,-,-,-,-,-,-,-,-,-,-,-,-,-,-,-,-,-,-,-,-,-,-,-,-,Bronze,-,-,-,-,-,-,-,-,-,-,-,-,-,2003-04 Detroit Pistons,Detroit Pistons,2003-04,'04
tremaine-fowlkes-2003-04-detroit-pistons,Tremaine Fowlkes,2003-04 Detroit Pistons,SF,68,"6'8""",80,220,"6'9""",81,64.0,41.0,53.0,69.0,57.0,58.0,80.0,64,72,66,50,65,67,30,65,66,59,30,31,25,25,59,52,53,49,52,58,89,80,55,88,49,66,33,70,62,33,69,68,61,59,56,-,-,-,-,-,-,-,-,-,-,-,-,-,-,-,-,-,-,-,-,-,-,-,-,-,-,-,-,-,-,-,-,-,-,-,-,-,-,-,-,2003-04 Detroit Pistons,Detroit Pistons,2003-04,'04
vince-carter-1999-00-toronto-raptors,Vince Carter,1999-00 Toronto Raptors,SG / SF,94,"6'6""",78,215,"6'9""",81,90.0,81.0,82.0,85.0,73.0,53.0,90.0,91,79,85,98,98,88,84,99,98,93,67,78,46,80,85,82,79,79,84,82,90,81,88,98,57,99,61,80,77,60,88,80,63,55,51,Gold,Gold,-,-,Gold,HOF,Gold,-,Gold,-,Silver,-,-,-,HOF,-,Gold,Silver,Silver,-,Silver,Gold,Bronze,Bronze,Gold,-,Silver,Gold,-,-,-,-,-,Bronze,-,-,-,-,Gold,Gold,1999-00 Toronto Raptors,Toronto Raptors,1999-00,'00
tracy-mcgrady-1999-00-toronto-raptors,Tracy McGrady,1999-00 Toronto Raptors,SG / PG,83,"6'8""",80,210,"7'2""",86,77.0,80.0,71.0,81.0,69.0,64.0,60.0,86,70,84,75,70,79,76,93,90,84,74,84,61,75,84,58,65,67,83,68,80,73,87,90,68,98,81,65,70,66,75,65,64,62,65,-,-,-,Silver,Bronze,Gold,-,-,Silver,-,-,-,-,-,HOF,-,Silver,Bronze,-,-,-,-,Silver,Silver,-,-,Silver,-,-,-,-,-,-,-,-,-,-,-,Gold,-,1999-00 Toronto Raptors,Toronto Raptors,1999-00,'00
doug-christie-1999-00-toronto-raptors,Doug Christie,1999-00 Toronto Raptors,SG / SF,80,"6'6""",78,200,"6'9""",81,77.0,58.0,73.0,76.0,77.0,47.0,40.0,66,84,75,60,98,80,67,75,85,78,33,55,25,47,76,75,76,71,67,90,86,77,74,83,50,70,52,90,92,55,88,90,71,53,40,-,-,-,-,-,-,-,-,-,-,-,-,-,-,-,-,-,-,-,-,-,-,-,-,-,Gold,Bronze,Silver,Silver,Silver,Silver,Silver,-,Gold,-,-,-,-,Gold,-,1999-00 Toronto Raptors,Toronto Raptors,1999-00,'00
antonio-davis-1999-00-toronto-raptors,Antonio Davis,1999-00 Toronto Raptors,C / PF,77,"6'9""",81,215,"7'1""",85,64.0,73.0,41.0,67.0,67.0,76.0,70.0,68,76,68,60,86,25,75,75,84,60,75,58,70,85,35,45,66,32,26,47,76,80,57,80,70,59,67,70,80,79,70,47,56,80,71,-,-,-,-,-,Gold,-,-,-,-,-,-,-,Bronze,-,-,-,-,Bronze,-,-,-,-,-,-,-,-,Silver,-,-,-,-,Silver,-,-,Gold,-,Gold,-,-,1999-00 Toronto Raptors,Toronto Raptors,1999-00,'00
charles-oakley-1999-00-toronto-raptors,Charles Oakley,1999-00 Toronto Raptors,PF / C,76,"6'8""",80,225,"7'0""",84,75.0,54.0,51.0,70.0,73.0,64.0,70.0,62,77,77,85,74,75,42,58,80,50,55,45,45,60,29,49,49,62,64,36,86,85,69,75,90,52,52,90,85,88,90,36,69,76,51,-,-,-,-,-,Gold,-,-,-,-,-,-,-,-,-,-,-,-,-,-,-,-,-,-,-,Gold,-,-,-,-,-,-,Gold,-,Gold,Silver,-,Silver,-,-,1999-00 Toronto Raptors,Toronto Raptors,1999-00,'00
alvin-williams-1999-00-toronto-raptors,Alvin Williams,1999-00 Toronto Raptors,PG,76,"6'5""",77,185,"6'9""",81,73.0,59.0,78.0,69.0,64.0,45.0,80.0,79,73,78,55,80,75,65,25,93,79,60,70,55,25,79,82,80,73,75,81,60,74,74,85,54,57,50,65,77,52,60,70,71,46,43,-,-,-,-,-,-,-,-,-,-,-,-,-,-,-,-,-,Silver,Silver,-,-,-,-,-,Silver,-,-,-,-,-,-,-,-,-,-,-,-,-,-,-,1999-00 Toronto Raptors,Toronto Raptors,1999-00,'00
muggsy-bogues-1999-00-toronto-raptors,Muggsy Bogues,1999-00 Toronto Raptors,PG / SG,75,"5'3""",63,136,"5'6""",66,73.0,44.0,84.0,77.0,50.0,38.0,50.0,73,90,78,45,75,79,49,25,82,77,25,40,25,25,88,85,88,73,86,79,90,90,86,92,25,80,30,60,60,25,45,66,64,43,33,-,-,-,-,-,-,-,-,-,-,-,-,-,-,-,-,Bronze,Bronze,-,Silver,Bronze,-,Bronze,Bronze,Silver,-,Bronze,-,-,-,-,-,-,Silver,-,-,-,-,-,-,1999-00 Toronto Raptors,Toronto Raptors,1999-00,'00
kevin-willis-1999-00-toronto-raptors,Kevin Willis,1999-00 Toronto Raptors,PF / C,75,"7'0""",84,220,"7'4""",88,67.0,70.0,54.0,61.0,56.0,77.0,98.0,76,79,74,30,98,44,75,48,65,58,73,60,92,90,50,55,90,49,25,38,69,90,30,72,74,55,60,50,60,70,54,38,58,74,80,-,-,-,Bronze,-,Bronze,-,Bronze,-,-,-,-,-,-,-,Bronze,-,-,-,-,-,-,-,-,-,-,-,-,-,-,-,-,-,-,-,-,-,-,-,-,1999-00 Toronto Raptors,Toronto Raptors,1999-00,'00
dell-curry-1999-00-toronto-raptors,Dell Curry,1999-00 Toronto Raptors,SG / SF,73,"6'4""",76,190,"6'8""",80,81.0,46.0,63.0,67.0,52.0,39.0,70.0,82,75,85,75,80,88,40,55,70,74,25,51,25,25,75,58,60,55,67,62,75,79,61,75,55,60,40,50,64,33,58,58,61,48,30,Silver,Silver,-,-,-,-,-,-,-,-,-,-,-,-,-,-,-,-,-,-,-,-,-,-,-,-,-,-,-,-,-,-,-,-,-,-,-,-,-,-,1999-00 Toronto Raptors,Toronto Raptors,1999-00,'00
dee-brown-1999-00-toronto-raptors,Dee Brown,1999-00 Toronto Raptors,PG / SG,72,"6'1""",73,160,"6'4""",76,79.0,60.0,65.0,80.0,53.0,39.0,60.0,76,85,81,70,74,85,37,90,82,77,48,71,31,40,77,55,58,55,78,79,88,82,77,88,50,94,50,50,55,30,50,66,73,36,42,-,-,-,Silver,-,Bronze,-,-,-,-,-,-,-,-,-,-,-,-,-,-,-,-,-,-,-,-,-,-,-,-,-,-,-,-,-,-,-,-,-,-,1999-00 Toronto Raptors,Toronto Raptors,1999-00,'00
haywoode-workman-1999-00-toronto-raptors,Haywoode Workman,1999-00 Toronto Raptors,PG,70,"6'2""",74,180,"6'3""",75,64.0,42.0,75.0,76.0,57.0,42.0,75.0,65,67,60,60,62,70,40,25,84,76,25,31,30,25,80,70,72,74,80,83,95,98,81,70,44,61,25,65,68,25,74,70,70,48,35,-,-,-,-,-,-,-,-,-,-,-,-,-,-,-,-,-,-,-,-,-,-,-,-,-,-,Bronze,-,-,-,-,-,-,-,-,-,-,-,-,-,1999-00 Toronto Raptors,Toronto Raptors,1999-00,'00
john-thomas-1999-00-toronto-raptors,John Thomas,1999-00 Toronto Raptors,C,67,"6'9""",81,265,"6'11""",83,51.0,50.0,35.0,62.0,51.0,72.0,98.0,75,56,60,30,60,25,50,30,51,40,62,48,59,60,35,25,48,28,40,42,75,82,41,71,78,43,50,45,70,68,51,38,38,70,74,-,-,-,-,-,-,-,-,-,-,-,-,-,-,-,-,-,-,-,-,-,-,-,-,-,-,-,-,-,-,-,-,-,-,-,-,-,-,-,-,1999-00 Toronto Raptors,Toronto Raptors,1999-00,'00
kawhi-leonard-2018-19-toronto-raptors,Kawhi Leonard,2018-19 Toronto Raptors,SF / PF,96,"6'7""",79,230,"7'3""",87,90.0,80.0,82.0,88.0,88.0,71.0,70.0,94,85,87,98,90,83,88,86,98,93,85,88,50,55,86,82,82,80,79,97,98,82,81,98,79,79,50,98,97,83,97,97,92,72,70,Gold,Silver,-,Gold,Gold,Bronze,Silver,-,Silver,Bronze,Bronze,-,-,-,Bronze,-,-,Silver,-,-,-,-,Silver,Silver,-,HOF,HOF,Bronze,HOF,Gold,Gold,HOF,-,Gold,Bronze,-,-,-,-,-,2018-19 Toronto Raptors,Toronto Raptors,2018-19,'19
pascal-siakam-2018-19-toronto-raptors,Pascal Siakam,2018-19 Toronto Raptors,PF / C,86,"6'9""",81,230,"7'3""",87,84.0,80.0,57.0,82.0,76.0,57.0,80.0,79,81,80,85,98,82,74,80,84,84,82,74,79,85,69,40,45,64,69,78,95,82,76,95,70,79,65,90,88,86,82,79,42,72,42,-,-,-,Gold,-,Gold,-,-,-,-,-,Silver,-,Gold,-,Silver,-,-,-,-,-,-,-,-,-,Silver,-,-,Bronze,Bronze,Bronze,Bronze,-,-,Silver,Bronze,-,-,-,-,2018-19 Toronto Raptors,Toronto Raptors,2018-19,'19
kyle-lowry-2018-19-toronto-raptors,Kyle Lowry,2018-19 Toronto Raptors,PG,85,"6'0""",72,196,"6'3""",75,84.0,54.0,85.0,83.0,68.0,44.0,70.0,68,86,77,95,98,79,74,25,95,88,40,44,38,25,86,89,89,79,84,84,97,79,84,96,67,72,51,80,86,58,70,86,46,53,34,Bronze,-,Gold,Bronze,Gold,-,Bronze,-,Silver,-,-,-,-,-,-,-,Bronze,Gold,-,Silver,Bronze,Silver,Bronze,Bronze,Silver,Bronze,Silver,-,Bronze,-,Bronze,Bronze,-,Bronze,-,-,-,-,-,Silver,2018-19 Toronto Raptors,Toronto Raptors,2018-19,'19
marc-gasol-2018-19-toronto-raptors,Marc Gasol,2018-19 Toronto Raptors,C,82,"6'11""",83,255,"7'4""",88,80.0,76.0,56.0,70.0,71.0,60.0,60.0,87,75,74,70,90,84,65,58,94,60,88,84,89,70,44,65,74,64,32,63,80,79,42,95,90,38,72,80,84,85,74,60,42,78,41,-,-,-,Gold,-,Bronze,-,Bronze,-,Bronze,-,Bronze,Bronze,Bronze,-,Bronze,-,-,Silver,-,-,-,-,-,-,Silver,-,-,-,-,-,-,Silver,-,Silver,-,-,Silver,-,-,2018-19 Toronto Raptors,Toronto Raptors,2018-19,'19
serge-ibaka-2018-19-toronto-raptors,Serge Ibaka,2018-19 Toronto Raptors,C / PF,80,"7'0""",84,235,"7'4""",88,83.0,69.0,41.0,75.0,67.0,74.0,70.0,90,74,80,85,90,81,50,80,81,71,70,57,60,80,35,29,72,36,33,57,75,94,49,91,75,83,68,80,80,80,71,56,36,82,65,-,-,-,Silver,-,Silver,-,-,-,-,-,-,-,-,-,Bronze,-,-,-,-,-,-,-,-,-,Silver,-,Silver,Bronze,-,-,-,Bronze,-,-,-,-,Bronze,-,-,2018-19 Toronto Raptors,Toronto Raptors,2018-19,'19
fred-vanvleet-2018-19-toronto-raptors,Fred VanVleet,2018-19 Toronto Raptors,PG,79,"6'0""",72,195,"6'2""",74,79.0,45.0,82.0,77.0,67.0,40.0,70.0,65,84,74,80,85,83,50,35,85,78,28,32,30,25,86,84,82,74,83,84,85,82,83,95,42,70,45,80,79,27,80,81,80,49,31,-,Silver,Silver,Silver,Bronze,-,Silver,-,-,-,-,-,-,-,-,-,-,Silver,-,-,-,-,Gold,Gold,-,Bronze,-,-,Bronze,Silver,Bronze,Bronze,-,Bronze,-,-,-,-,-,Bronze,2018-19 Toronto Raptors,Toronto Raptors,2018-19,'19
danny-green-2018-19-toronto-raptors,Danny Green,2018-19 Toronto Raptors,SG / SF,78,"6'6""",78,215,"6'10""",82,76.0,52.0,61.0,75.0,76.0,45.0,60.0,77,79,70,60,84,86,42,63,82,72,35,54,30,40,70,67,68,38,60,90,80,82,64,83,60,69,66,85,88,62,80,87,65,54,35,-,Gold,-,-,-,-,-,-,-,-,-,-,-,-,-,-,-,-,-,-,-,-,-,-,-,Gold,Bronze,-,Gold,-,Gold,Gold,-,Gold,-,-,-,-,-,Gold,2018-19 Toronto Raptors,Toronto Raptors,2018-19,'19
og-anunoby-2018-19-toronto-raptors,OG Anunoby,2018-19 Toronto Raptors,SF / PF,76,"6'7""",79,232,"7'2""",86,68.0,57.0,57.0,79.0,70.0,55.0,80.0,60,63,72,60,70,81,41,80,85,78,36,37,38,60,72,58,52,34,71,83,80,81,81,80,60,85,61,75,77,61,78,79,59,64,46,-,-,-,-,-,-,-,-,-,-,-,-,-,-,-,-,-,-,-,-,-,-,-,-,-,-,-,-,-,-,Bronze,-,-,-,-,-,-,-,-,-,2018-19 Toronto Raptors,Toronto Raptors,2018-19,'19
norman-powell-2018-19-toronto-raptors,Norman Powell,2018-19 Toronto Raptors,SG / SF,75,"6'3""",75,215,"6'11""",83,78.0,53.0,68.0,77.0,65.0,55.0,60.0,75,83,78,65,85,80,69,75,88,77,28,32,30,25,72,60,69,64,77,78,85,82,79,92,46,80,52,70,70,50,72,75,63,55,54,-,-,-,Bronze,-,-,-,-,-,-,-,-,-,-,-,-,-,-,-,-,-,-,-,-,-,Bronze,-,-,-,-,Silver,-,-,-,-,-,-,-,-,-,2018-19 Toronto Raptors,Toronto Raptors,2018-19,'19
chris-boucher-2018-19-toronto-raptors,Chris Boucher,2018-19 Toronto Raptors,C / PF,73,"6'9""",81,200,"7'4""",88,66.0,62.0,35.0,67.0,57.0,86.0,80.0,80,75,64,45,59,71,59,55,68,69,62,44,62,80,41,33,49,29,25,42,70,77,57,85,65,71,90,55,70,68,40,37,42,82,90,-,-,-,-,-,Bronze,-,-,-,-,-,-,-,-,-,-,-,-,-,-,-,-,-,-,-,-,-,Bronze,-,-,-,-,Bronze,-,-,Bronze,-,-,Bronze,-,2018-19 Toronto Raptors,Toronto Raptors,2018-19,'19
jeremy-lin-2018-19-toronto-raptors,Jeremy Lin,2018-19 Toronto Raptors,PG / SG,73,"6'3""",75,200,"6'5""",77,76.0,51.0,75.0,72.0,51.0,32.0,80.0,74,81,76,60,95,71,58,45,94,75,38,45,28,25,78,75,75,70,75,70,75,80,76,82,45,75,45,60,58,28,57,67,43,34,29,-,-,-,-,-,-,-,-,-,-,-,-,-,-,-,-,-,-,-,-,-,-,-,-,-,-,-,-,-,-,-,-,-,-,-,-,-,-,-,-,2018-19 Toronto Raptors,Toronto Raptors,2018-19,'19
jodie-meeks-2018-19-toronto-raptors,Jodie Meeks,2018-19 Toronto Raptors,SG,73,"6'4""",76,210,"6'5""",77,76.0,56.0,61.0,76.0,54.0,42.0,75.0,80,88,71,65,75,77,68,70,75,77,40,60,30,25,74,61,55,37,76,79,66,80,78,85,67,75,32,55,70,38,70,70,41,52,32,-,-,-,Bronze,-,-,-,-,-,-,-,-,-,-,-,-,-,-,-,-,-,-,-,-,-,-,-,-,-,-,-,-,-,-,-,-,-,-,-,-,2018-19 Toronto Raptors,Toronto Raptors,2018-19,'19
eric-moreland-2018-19-toronto-raptors,Eric Moreland,2018-19 Toronto Raptors,PF / C,72,"6'10""",82,238,"7'4""",88,58.0,61.0,40.0,72.0,54.0,82.0,70.0,79,50,58,60,78,25,55,78,58,64,58,51,50,75,35,35,40,51,40,60,66,81,61,80,70,86,86,25,59,58,40,52,56,89,74,-,-,-,-,-,-,-,-,-,-,-,-,-,-,-,-,-,-,-,-,-,-,-,-,-,-,-,-,-,-,-,-,-,-,-,-,-,-,Bronze,-,2018-19 Toronto Raptors,Toronto Raptors,2018-19,'19
hakeem-olajuwon-1993-94-houston-rockets,Hakeem Olajuwon,1993-94 Houston Rockets,C / PF,97,"7'0""",84,255,"7'3""",87,84.0,88.0,55.0,73.0,85.0,94.0,98.0,98,71,77,98,98,63,84,58,97,78,99,98,98,95,61,60,60,63,29,49,79,89,53,95,88,60,88,98,98,99,98,49,65,95,92,-,-,-,-,-,Silver,Gold,Gold,-,HOF,Silver,HOF,HOF,HOF,-,Gold,-,-,Silver,-,-,-,-,-,-,-,-,-,-,-,-,-,HOF,-,HOF,Gold,HOF,HOF,-,-,1993-94 Houston Rockets,Houston Rockets,1993-94,'94
otis-thorpe-1993-94-houston-rockets,Otis Thorpe,1993-94 Houston Rockets,PF / C,80,"6'10""",82,248,"7'2""",86,64.0,78.0,38.0,71.0,62.0,80.0,98.0,78,65,50,80,80,30,72,64,98,59,81,75,75,97,56,31,33,39,30,44,70,97,55,98,80,55,40,75,74,82,58,50,58,80,79,-,-,-,Silver,-,Gold,-,-,-,-,-,-,Gold,-,-,Gold,-,-,-,-,-,-,-,-,-,-,-,-,-,-,-,-,-,-,-,-,-,Silver,-,-,1993-94 Houston Rockets,Houston Rockets,1993-94,'94
vernon-maxwell-1993-94-houston-rockets,Vernon Maxwell,1993-94 Houston Rockets,SG / SF,78,"6'4""",76,190,"6'7""",79,79.0,62.0,74.0,73.0,59.0,39.0,98.0,84,74,84,80,75,77,80,63,80,79,56,63,52,25,77,71,79,71,71,68,80,76,73,85,63,66,37,60,68,55,54,65,75,44,34,-,-,-,-,Bronze,-,-,-,-,-,-,-,-,-,-,-,-,-,-,-,-,-,-,-,-,-,Bronze,-,-,-,-,-,-,-,-,-,-,-,-,-,1993-94 Houston Rockets,Houston Rockets,1993-94,'94
kenny-smith-1993-94-houston-rockets,Kenny Smith,1993-94 Houston Rockets,PG / SG,78,"6'3""",75,170,"6'3""",75,83.0,53.0,80.0,74.0,55.0,35.0,70.0,80,87,85,80,81,85,68,75,79,75,25,44,36,25,82,81,82,71,82,81,77,85,82,82,50,60,27,70,70,40,45,70,60,38,31,-,Silver,Silver,Silver,-,-,-,-,-,-,-,-,-,-,-,-,-,-,-,-,-,-,-,-,Gold,-,-,-,-,-,-,-,-,-,-,-,-,-,-,Gold,1993-94 Houston Rockets,Houston Rockets,1993-94,'94
robert-horry-1993-94-houston-rockets,Robert Horry,1993-94 Houston Rockets,SF / PF,77,"6'10""",82,230,"7'1""",85,73.0,67.0,58.0,73.0,63.0,59.0,98.0,75,73,70,70,69,81,57,70,75,60,62,65,60,85,58,55,54,57,64,69,72,84,75,78,60,70,60,60,64,68,54,62,75,61,57,-,-,-,Silver,-,-,-,-,-,-,-,-,-,-,-,-,-,-,-,-,-,-,-,-,-,-,-,-,-,-,-,-,-,-,-,-,-,-,-,-,1993-94 Houston Rockets,Houston Rockets,1993-94,'94
mario-elie-1993-94-houston-rockets,Mario Elie,1993-94 Houston Rockets,SG / SF,75,"6'5""",77,210,"6'8""",80,83.0,51.0,69.0,67.0,56.0,43.0,90.0,75,86,82,80,90,82,74,58,75,62,25,55,25,30,73,74,76,68,56,62,72,84,52,77,69,54,32,65,65,62,51,58,62,50,35,-,-,-,-,-,-,-,-,-,-,-,-,-,-,-,-,-,-,-,-,-,-,-,-,-,-,-,-,-,-,-,-,-,-,-,-,-,-,-,-,1993-94 Houston Rockets,Houston Rockets,1993-94,'94
sam-cassell-1993-94-houston-rockets,Sam Cassell,1993-94 Houston Rockets,PG / SG,74,"6'3""",75,185,"6'6""",78,75.0,56.0,78.0,71.0,52.0,44.0,70.0,84,84,83,60,64,75,67,46,84,77,54,63,33,25,83,77,75,72,84,75,75,85,84,86,45,48,35,50,58,38,42,60,79,50,37,-,-,-,-,-,-,-,-,-,-,-,-,-,-,-,-,Bronze,-,-,-,-,Silver,-,-,Gold,-,-,-,-,-,-,-,-,-,-,-,-,-,-,-,1993-94 Houston Rockets,Houston Rockets,1993-94,'94
carl-herrera-1993-94-houston-rockets,Carl Herrera,1993-94 Houston Rockets,PF,72,"6'9""",81,215,"7'1""",85,63.0,68.0,52.0,66.0,60.0,76.0,50.0,78,64,88,55,65,30,68,65,75,72,69,65,68,60,45,65,64,35,49,49,62,79,58,75,68,69,60,60,65,72,64,42,60,74,78,-,-,-,-,-,-,-,-,-,-,-,-,-,-,-,Silver,-,-,-,-,-,-,-,-,-,-,-,-,-,-,-,-,-,-,-,-,-,-,-,-,1993-94 Houston Rockets,Houston Rockets,1993-94,'94
scott-brooks-1993-94-houston-rockets,Scott Brooks,1993-94 Houston Rockets,PG / SG,70,"5'11""",71,165,"6'2""",74,76.0,44.0,69.0,66.0,52.0,37.0,50.0,68,87,80,70,65,84,58,25,70,70,25,55,25,25,75,64,65,66,73,76,90,80,73,84,25,33,27,60,65,25,58,62,67,44,30,-,-,-,Silver,-,-,-,-,-,-,-,-,-,-,-,-,-,-,-,-,-,-,-,-,-,-,-,-,-,-,-,-,-,-,-,-,-,-,-,-,1993-94 Houston Rockets,Houston Rockets,1993-94,'94
matt-bullard-1993-94-houston-rockets,Matt Bullard,1993-94 Houston Rockets,PF / C,69,"6'10""",82,228,"7'2""",86,77.0,46.0,48.0,53.0,53.0,45.0,90.0,74,76,77,70,80,83,42,48,68,44,35,41,38,50,42,60,61,48,30,26,66,85,30,70,60,32,37,70,64,56,60,26,58,47,43,-,-,-,-,-,-,-,-,-,-,-,-,-,-,-,-,-,-,-,-,-,-,-,-,-,-,-,-,-,-,-,-,-,-,-,-,-,-,-,-,1993-94 Houston Rockets,Houston Rockets,1993-94,'94
earl-cureton-1993-94-houston-rockets,Earl Cureton,1993-94 Houston Rockets,PF,66,"6'9""",81,210,"7'2""",86,43.0,64.0,36.0,66.0,53.0,79.0,25.0,60,36,45,30,60,25,70,50,75,50,70,52,66,80,35,32,59,27,25,27,85,85,36,85,82,64,40,60,68,69,47,30,57,78,80,-,-,-,-,-,-,-,-,-,-,-,-,-,-,-,-,-,-,-,-,-,-,-,-,-,Bronze,-,-,-,-,-,-,-,-,-,Bronze,Bronze,Bronze,-,-,1993-94 Houston Rockets,Houston Rockets,1993-94,'94
tracy-mcgrady-2007-08-houston-rockets,Tracy McGrady,2007-08 Houston Rockets,SG / SF,92,"6'8""",80,210,"7'2""",86,86.0,80.0,83.0,84.0,74.0,48.0,70.0,85,68,87,98,98,81,74,85,98,89,74,84,61,75,84,82,84,82,84,84,80,73,87,98,68,95,47,85,84,66,94,82,61,60,35,HOF,Silver,-,Silver,HOF,Gold,Silver,-,Gold,-,-,-,-,-,-,-,Silver,Bronze,Gold,Silver,-,Silver,Silver,Silver,Gold,-,-,-,-,-,-,-,-,-,-,-,-,-,-,Gold,2007-08 Houston Rockets,Houston Rockets,2007-08,'08
yao-ming-2007-08-houston-rockets,Yao Ming,2007-08 Houston Rockets,C,88,"7'6""",90,310,"7'9""",93,84.0,78.0,51.0,59.0,72.0,91.0,60.0,96,86,88,98,88,45,82,40,98,48,97,75,97,90,51,55,80,43,25,26,73,79,25,90,93,28,80,90,90,88,72,26,55,92,90,-,-,-,Silver,-,HOF,Gold,Silver,-,Gold,-,Gold,Gold,Gold,-,Gold,-,-,-,-,-,-,-,-,-,Gold,-,-,-,-,-,-,Gold,-,Bronze,HOF,-,Gold,-,-,2007-08 Houston Rockets,Houston Rockets,2007-08,'08
rafer-alston-2007-08-houston-rockets,Rafer Alston,2007-08 Houston Rockets,PG,79,"6'2""",74,193,"6'4""",76,80.0,52.0,81.0,75.0,56.0,39.0,65.0,80,72,75,98,75,79,52,30,96,82,55,44,34,25,93,78,80,70,85,80,70,79,86,95,36,79,45,45,54,33,77,69,66,42,36,-,-,Gold,-,-,-,Gold,-,Gold,-,-,-,-,-,-,-,Silver,Bronze,-,Silver,Silver,Silver,Silver,Silver,Bronze,-,-,-,-,-,-,-,-,-,-,-,-,-,-,-,2007-08 Houston Rockets,Houston Rockets,2007-08,'08
shane-battier-2007-08-houston-rockets,Shane Battier,2007-08 Houston Rockets,SF / PF,79,"6'8""",80,220,"6'11""",83,75.0,55.0,56.0,76.0,75.0,51.0,65.0,77,74,79,50,90,82,40,70,75,70,52,53,42,35,70,58,59,35,59,87,75,77,69,85,67,74,62,85,80,70,80,87,61,51,51,-,-,-,-,-,-,-,-,-,-,-,-,-,-,-,-,-,-,-,-,-,-,-,-,-,Gold,Silver,-,Silver,-,-,Silver,-,Bronze,-,-,-,-,-,-,2007-08 Houston Rockets,Houston Rockets,2007-08,'08
carl-landry-2007-08-houston-rockets,Carl Landry,2007-08 Houston Rockets,PF,77,"6'9""",81,248,"6'11""",83,66.0,70.0,36.0,71.0,53.0,80.0,98.0,80,66,78,55,88,31,75,55,61,58,82,80,72,80,42,25,57,30,25,44,79,77,61,79,88,68,42,45,68,63,49,44,60,68,91,-,-,-,-,-,Bronze,-,-,-,-,-,-,-,-,-,-,-,-,-,-,-,-,-,-,-,Silver,-,-,-,-,-,-,-,-,-,Bronze,Silver,Gold,-,-,2007-08 Houston Rockets,Houston Rockets,2007-08,'08
luis-scola-2007-08-houston-rockets,Luis Scola,2007-08 Houston Rockets,PF,76,"6'9""",81,240,"7'0""",84,79.0,67.0,44.0,63.0,55.0,79.0,70.0,85,69,81,70,92,76,73,58,58,59,73,76,82,55,37,41,64,44,34,41,75,86,43,77,76,46,47,45,62,75,64,34,60,73,84,-,-,-,-,-,Bronze,-,-,-,-,-,-,-,-,-,-,-,-,-,-,-,-,-,-,-,-,-,-,-,-,-,-,-,-,-,Silver,Gold,-,-,-,2007-08 Houston Rockets,Houston Rockets,2007-08,'08
aaron-brooks-2007-08-houston-rockets,Aaron Brooks,2007-08 Houston Rockets,PG,75,"6'0""",72,161,"6'4""",76,80.0,44.0,77.0,76.0,45.0,41.0,85.0,72,85,80,80,88,77,64,25,60,85,25,40,25,25,80,70,73,71,90,58,95,84,90,78,51,78,40,35,53,27,47,58,58,44,37,-,-,-,-,-,-,-,-,-,-,-,-,-,-,-,-,-,Bronze,-,-,-,Gold,-,-,Silver,-,-,-,-,-,-,-,-,-,-,-,-,-,-,-,2007-08 Houston Rockets,Houston Rockets,2007-08,'08
dikembe-mutombo-2007-08-houston-rockets,Dikembe Mutombo,2007-08 Houston Rockets,C,75,"7'2""",86,245,"7'7""",91,47.0,55.0,29.0,55.0,70.0,84.0,90.0,51,54,35,35,80,25,50,40,75,32,62,40,68,75,29,32,34,26,25,28,65,82,25,72,70,40,87,70,89,88,70,28,57,84,83,-,-,-,-,-,Silver,-,-,-,-,-,-,-,-,-,-,-,-,-,-,-,-,-,-,-,Gold,-,Silver,-,-,-,-,Gold,-,Bronze,Bronze,Silver,Bronze,-,-,2007-08 Houston Rockets,Houston Rockets,2007-08,'08
bobby-jackson-2007-08-houston-rockets,Bobby Jackson,2007-08 Houston Rockets,PG,74,"6'1""",73,185,"6'4""",76,75.0,44.0,80.0,72.0,48.0,47.0,60.0,69,77,80,75,70,78,56,25,72,78,28,40,27,25,84,84,85,62,84,73,63,81,84,85,43,77,32,40,60,25,51,62,63,56,38,-,-,-,-,-,-,-,-,-,-,-,-,-,-,-,-,-,-,-,-,-,Gold,Gold,Gold,Silver,-,-,-,-,-,-,-,-,-,-,-,-,-,-,-,2007-08 Houston Rockets,Houston Rockets,2007-08,'08
steve-francis-2007-08-houston-rockets,Steve Francis,2007-08 Houston Rockets,PG / SG,73,"6'3""",75,195,"6'6""",78,76.0,56.0,76.0,75.0,59.0,47.0,73.0,75,82,74,80,77,68,63,65,85,77,45,48,35,30,84,66,82,71,76,73,78,77,78,92,49,77,57,45,62,48,70,57,73,46,47,-,-,-,-,-,-,-,-,-,-,-,-,-,-,-,-,-,-,-,-,-,-,-,-,-,-,-,-,-,-,-,-,-,-,-,-,-,-,-,-,2007-08 Houston Rockets,Houston Rockets,2007-08,'08
luther-head-2007-08-houston-rockets,Luther Head,2007-08 Houston Rockets,PG / SG,73,"6'3""",75,185,"6'5""",77,75.0,53.0,73.0,74.0,58.0,39.0,70.0,76,82,79,65,65,83,54,50,80,76,40,44,37,40,80,75,74,58,78,86,70,73,81,83,51,75,37,50,68,54,62,70,62,39,38,-,-,-,Bronze,-,-,-,-,-,-,-,-,-,-,-,-,-,-,-,-,-,-,-,-,-,-,-,-,-,-,-,-,-,-,-,-,-,-,-,-,2007-08 Houston Rockets,Houston Rockets,2007-08,'08
chuck-hayes-2007-08-houston-rockets,Chuck Hayes,2007-08 Houston Rockets,PF,72,"6'6""",78,240,"6'10""",82,51.0,52.0,35.0,68.0,66.0,73.0,95.0,76,45,42,40,80,25,40,25,74,48,62,58,60,50,40,39,35,36,25,34,90,83,42,86,74,67,60,65,75,77,68,30,90,78,68,-,-,-,-,-,-,-,-,-,-,-,-,-,-,-,-,-,-,-,-,-,-,-,-,-,-,-,-,-,Bronze,-,-,Bronze,-,Bronze,Bronze,-,-,-,-,2007-08 Houston Rockets,Houston Rockets,2007-08,'08
steve-novak-2007-08-houston-rockets,Steve Novak,2007-08 Houston Rockets,SF,72,"6'10""",82,220,"6'10""",82,77.0,49.0,45.0,62.0,43.0,46.0,98.0,77,75,92,50,75,92,32,38,82,48,56,62,45,25,35,53,84,28,25,58,45,87,45,85,59,55,45,35,44,42,45,48,45,58,33,-,Gold,-,-,-,-,-,-,-,-,-,-,-,-,-,-,-,-,-,-,-,-,-,-,-,-,-,-,-,-,-,-,-,-,-,-,-,-,-,-,2007-08 Houston Rockets,Houston Rockets,2007-08,'08
tim-duncan-2013-14-san-antonio-spurs,Tim Duncan,2013-14 San Antonio Spurs,PF / C,92,"6'11""",83,255,"7'3""",87,80.0,87.0,63.0,83.0,81.0,88.0,65.0,95,73,70,98,98,48,85,65,98,78,98,93,98,80,55,68,81,70,42,69,98,98,68,98,85,65,86,90,86,95,80,69,60,87,89,-,-,-,Bronze,-,Gold,Gold,Gold,-,Gold,Silver,Gold,Gold,Gold,-,Gold,-,-,Gold,-,-,-,-,-,-,Gold,-,-,-,-,-,-,Gold,-,Gold,Gold,Gold,Gold,Bronze,-,2013-14 San Antonio Spurs,San Antonio Spurs,2013-14,'14
kawhi-leonard-2013-14-san-antonio-spurs,Kawhi Leonard,2013-14 San Antonio Spurs,SF / PF,92,"6'7""",79,230,"7'3""",87,86.0,72.0,71.0,87.0,84.0,54.0,90.0,97,80,97,75,82,83,45,86,98,82,78,78,50,55,82,69,68,58,79,98,98,82,85,94,75,79,57,98,97,62,97,98,79,65,43,-,Silver,-,Silver,Gold,Gold,-,-,Gold,-,Silver,-,-,-,-,-,-,-,-,-,-,-,Silver,Silver,-,Gold,HOF,Gold,HOF,Silver,Gold,HOF,-,Gold,-,-,-,-,Gold,-,2013-14 San Antonio Spurs,San Antonio Spurs,2013-14,'14
tony-parker-2013-14-san-antonio-spurs,Tony Parker,2013-14 San Antonio Spurs,PG,85,"6'2""",74,185,"6'6""",78,86.0,55.0,84.0,81.0,66.0,39.0,50.0,95,81,90,70,97,81,64,30,90,86,53,58,30,25,86,84,80,80,90,82,95,85,90,95,50,70,35,70,74,54,75,77,74,47,30,Gold,-,Gold,Bronze,Gold,-,-,-,Gold,-,-,-,-,-,-,-,Gold,Gold,-,Gold,Gold,Gold,Gold,Gold,Gold,-,-,-,-,-,-,-,-,-,-,-,-,-,-,Gold,2013-14 San Antonio Spurs,San Antonio Spurs,2013-14,'14
manu-ginobili-2013-14-san-antonio-spurs,Manu Ginobili,2013-14 San Antonio Spurs,SG,83,"6'6""",78,205,"6'9""",81,84.0,62.0,82.0,76.0,59.0,57.0,80.0,78,84,74,90,98,78,80,50,98,86,49,65,40,25,88,84,90,70,80,70,86,95,80,90,43,67,51,65,60,45,64,70,60,62,52,-,-,-,-,Gold,-,-,-,Gold,-,-,-,-,-,-,-,Silver,Bronze,-,Silver,-,-,Silver,Silver,-,-,-,-,-,-,-,-,-,-,-,-,-,-,-,-,2013-14 San Antonio Spurs,San Antonio Spurs,2013-14,'14
danny-green-2013-14-san-antonio-spurs,Danny Green,2013-14 San Antonio Spurs,SG / SF,81,"6'6""",78,215,"6'10""",82,81.0,55.0,62.0,81.0,77.0,52.0,70.0,79,79,71,70,98,86,52,63,82,80,35,54,30,40,70,70,74,38,60,91,98,82,61,98,69,69,66,90,88,62,80,90,65,54,49,-,Gold,-,-,-,-,-,-,-,-,-,-,-,-,-,-,-,-,-,-,-,-,-,-,-,Gold,Bronze,-,Gold,-,Gold,Gold,-,Gold,-,-,-,-,-,Gold,2013-14 San Antonio Spurs,San Antonio Spurs,2013-14,'14
cory-joseph-2013-14-san-antonio-spurs,Cory Joseph,2013-14 San Antonio Spurs,PG / SG,77,"6'3""",75,193,"6'6""",78,78.0,47.0,79.0,73.0,64.0,46.0,60.0,91,82,93,50,75,74,67,30,85,76,29,39,27,25,84,82,84,70,77,89,70,84,77,88,40,65,50,70,71,54,59,80,66,57,35,Bronze,-,-,-,-,-,-,-,-,-,-,-,-,-,-,-,-,Gold,-,-,-,Bronze,-,-,Silver,-,-,-,Silver,-,Silver,Silver,-,-,-,-,-,-,-,-,2013-14 San Antonio Spurs,San Antonio Spurs,2013-14,'14
patty-mills-2013-14-san-antonio-spurs,Patty Mills,2013-14 San Antonio Spurs,PG,77,"6'0""",72,180,"6'2""",74,82.0,43.0,78.0,74.0,47.0,40.0,60.0,85,89,83,70,75,87,49,25,73,84,25,37,25,25,86,75,79,66,86,83,70,82,87,82,51,66,35,40,61,27,61,65,40,47,32,-,Gold,Bronze,Gold,Silver,-,-,-,Bronze,-,-,-,-,-,-,-,-,Bronze,-,-,-,Bronze,-,-,Silver,-,-,-,-,-,-,-,-,-,-,-,-,-,-,Gold,2013-14 San Antonio Spurs,San Antonio Spurs,2013-14,'14
tiago-splitter-2013-14-san-antonio-spurs,Tiago Splitter,2013-14 San Antonio Spurs,C,77,"6'11""",83,245,"7'2""",86,67.0,69.0,37.0,67.0,65.0,70.0,80.0,69,70,70,70,95,26,80,58,68,60,75,58,80,70,35,35,51,37,27,43,83,81,51,77,68,63,50,65,80,80,74,43,60,70,70,-,-,-,-,-,Gold,-,-,-,-,-,-,-,-,-,Silver,-,-,-,-,-,-,-,-,-,-,-,-,-,-,-,-,-,-,-,Gold,Gold,Gold,-,-,2013-14 San Antonio Spurs,San Antonio Spurs,2013-14,'14
boris-diaw-2013-14-san-antonio-spurs,Boris Diaw,2013-14 San Antonio Spurs,SF,76,"6'8""",80,250,"7'1""",85,78.0,63.0,68.0,70.0,57.0,62.0,98.0,80,74,76,70,85,80,50,60,80,70,57,63,60,60,66,68,76,72,60,54,86,83,62,80,42,82,44,50,68,60,66,50,60,66,58,-,-,-,-,-,-,-,-,-,-,-,-,Silver,-,-,-,-,Silver,-,-,-,-,-,-,Silver,-,-,-,-,-,-,-,-,-,-,-,-,-,-,-,2013-14 San Antonio Spurs,San Antonio Spurs,2013-14,'14
matt-bonner-2013-14-san-antonio-spurs,Matt Bonner,2013-14 San Antonio Spurs,PF,73,"6'10""",82,235,"6'9""",81,75.0,54.0,39.0,64.0,60.0,69.0,98.0,77,73,79,60,74,85,49,25,70,41,71,66,61,50,41,44,40,33,39,36,80,80,40,90,60,59,51,70,71,68,73,36,50,70,68,-,-,-,-,-,-,-,-,-,-,-,-,-,-,-,-,-,-,-,-,-,-,-,-,-,-,-,-,-,-,-,-,-,-,-,-,-,-,-,-,2013-14 San Antonio Spurs,San Antonio Spurs,2013-14,'14
aron-baynes-2013-14-san-antonio-spurs,Aron Baynes,2013-14 San Antonio Spurs,C,72,"6'10""",82,260,"7'3""",87,64.0,57.0,41.0,63.0,55.0,74.0,98.0,82,91,73,45,64,30,40,54,72,60,58,52,57,65,35,42,65,39,25,37,75,80,32,75,90,54,73,45,68,68,60,37,33,72,76,-,-,-,Bronze,-,Bronze,-,-,-,-,-,-,Bronze,-,-,-,-,-,-,-,-,-,-,-,-,-,-,-,-,-,-,-,-,-,-,Bronze,-,Gold,-,-,2013-14 San Antonio Spurs,San Antonio Spurs,2013-14,'14
jeff-ayres-2013-14-san-antonio-spurs,Jeff Ayres,2013-14 San Antonio Spurs,PF,71,"6'9""",81,240,"7'1""",85,59.0,65.0,40.0,67.0,58.0,79.0,60.0,68,69,67,30,80,40,50,75,75,69,60,60,60,70,37,40,40,37,44,48,75,80,55,80,62,68,80,50,72,69,48,40,45,79,78,-,-,-,-,-,-,-,-,-,-,-,-,-,-,-,-,-,-,-,-,-,-,-,-,-,-,-,-,-,-,-,-,-,-,-,-,-,-,-,-,2013-14 San Antonio Spurs,San Antonio Spurs,2013-14,'14
david-robinson-1997-98-san-antonio-spurs,David Robinson,1997-98 San Antonio Spurs,C / PF,91,"7'1""",85,235,"7'6""",90,80.0,83.0,47.0,76.0,80.0,87.0,75.0,90,73,70,98,96,50,93,60,90,60,97,96,75,90,54,40,48,62,32,43,95,83,80,85,85,60,86,98,90,95,88,43,61,87,86,-,-,-,Gold,-,Gold,Bronze,-,-,Gold,-,Gold,Gold,Gold,-,Silver,-,-,-,-,-,-,-,-,-,HOF,-,-,-,-,-,-,HOF,-,HOF,Gold,Gold,Gold,Gold,-,1997-98 San Antonio Spurs,San Antonio Spurs,1997-98,'98
tim-duncan-1997-98-san-antonio-spurs,Tim Duncan,1997-98 San Antonio Spurs,PF / C,87,"6'11""",83,248,"7'3""",87,69.0,80.0,52.0,76.0,82.0,85.0,70.0,79,66,65,90,75,40,75,48,92,60,95,87,91,90,39,56,52,53,59,38,98,92,70,98,87,50,82,95,89,94,90,69,57,88,81,-,-,-,Silver,-,Gold,Bronze,Gold,-,Gold,Gold,Gold,Gold,Gold,-,Gold,-,-,Bronze,-,-,-,-,-,-,Gold,-,Silver,-,-,-,-,Gold,-,Gold,Gold,Gold,Gold,Gold,-,1997-98 San Antonio Spurs,San Antonio Spurs,1997-98,'98
avery-johnson-1997-98-san-antonio-spurs,Avery Johnson,1997-98 San Antonio Spurs,PG / SG,79,"5'10""",70,175,"6'1""",73,73.0,43.0,86.0,80.0,65.0,35.0,80.0,79,72,68,80,80,57,56,25,85,72,25,29,25,25,86,88,89,82,86,89,90,86,87,91,58,60,37,80,82,55,55,82,63,37,32,-,-,-,-,-,-,-,-,-,-,-,-,-,-,-,-,-,-,-,Silver,Silver,-,-,-,Gold,-,-,-,-,-,-,-,-,Bronze,-,-,-,-,-,-,1997-98 San Antonio Spurs,San Antonio Spurs,1997-98,'98
sean-elliott-1997-98-san-antonio-spurs,Sean Elliott,1997-98 San Antonio Spurs,SF / SG,78,"6'8""",80,205,"6'11""",83,76.0,65.0,57.0,73.0,69.0,44.0,80.0,76,71,71,70,83,85,61,70,79,75,58,62,48,65,69,55,55,40,67,86,72,78,71,79,64,60,50,70,83,68,68,83,60,53,34,-,Gold,-,-,-,-,-,-,-,-,-,-,-,-,-,-,-,-,-,-,-,-,-,-,-,-,-,-,-,-,-,-,-,-,-,-,-,-,-,Gold,1997-98 San Antonio Spurs,San Antonio Spurs,1997-98,'98
malik-rose-1997-98-san-antonio-spurs,Malik Rose,1997-98 San Antonio Spurs,PF,76,"6'7""",79,255,"6'11""",83,67.0,69.0,61.0,77.0,61.0,73.0,75.0,63,79,73,70,75,42,55,80,79,70,75,60,59,75,67,66,64,42,67,72,75,82,73,80,73,82,53,65,70,69,68,54,46,77,68,-,-,-,-,-,Bronze,-,-,-,-,Silver,-,-,-,-,-,-,-,-,-,-,-,-,-,-,-,-,Bronze,-,-,-,-,-,-,-,-,-,-,Silver,-,1997-98 San Antonio Spurs,San Antonio Spurs,1997-98,'98
vinny-del-negro-1997-98-san-antonio-spurs,Vinny Del Negro,1997-98 San Antonio Spurs,SG / PG,75,"6'4""",76,200,"6'7""",79,77.0,43.0,75.0,72.0,59.0,38.0,80.0,74,79,79,65,85,81,49,25,75,66,29,51,25,25,76,73,82,79,67,84,87,88,61,90,50,45,30,71,82,45,45,82,59,47,29,-,-,-,Bronze,-,-,-,-,-,-,-,-,-,-,-,-,-,-,-,-,Bronze,-,Silver,Silver,Silver,-,-,-,-,-,-,-,-,-,-,-,-,-,-,-,1997-98 San Antonio Spurs,San Antonio Spurs,1997-98,'98
willie-burton-1997-98-san-antonio-spurs,Willie Burton,1997-98 San Antonio Spurs,SF,73,"6'8""",80,195,"6'8""",80,71.0,60.0,62.0,73.0,54.0,49.0,80.0,74,74,70,65,70,75,42,80,74,75,55,58,44,55,76,52,50,60,73,75,66,93,74,85,44,75,35,45,64,49,53,73,59,51,46,-,-,-,-,-,-,-,-,-,-,-,-,-,-,-,-,-,-,-,-,-,-,-,-,-,-,-,-,-,-,-,-,-,-,-,-,-,-,-,-,1997-98 San Antonio Spurs,San Antonio Spurs,1997-98,'98
carl-herrera-1997-98-san-antonio-spurs,Carl Herrera,1997-98 San Antonio Spurs,PF,72,"6'9""",81,215,"7'1""",85,63.0,68.0,52.0,66.0,60.0,76.0,50.0,78,64,88,55,65,30,68,65,75,72,69,65,68,60,45,65,64,35,49,49,62,79,58,75,68,69,60,60,65,72,64,42,60,74,78,-,-,-,-,-,-,-,-,-,-,-,-,-,-,-,Silver,-,-,-,-,-,-,-,-,-,-,-,-,-,-,-,-,-,-,-,-,-,-,-,-,1997-98 San Antonio Spurs,San Antonio Spurs,1997-98,'98
jaren-jackson-1997-98-san-antonio-spurs,Jaren Jackson,1997-98 San Antonio Spurs,SG / SF,71,"6'4""",76,190,"6'8""",80,74.0,54.0,54.0,71.0,60.0,42.0,80.0,75,79,75,65,64,83,50,58,75,63,45,70,33,40,65,55,55,43,51,69,73,93,52,77,72,60,32,65,66,64,64,66,61,43,40,-,-,-,-,-,-,-,-,-,-,-,-,-,-,-,-,-,-,-,-,-,-,-,-,-,-,Bronze,-,-,-,-,-,-,-,-,-,-,-,-,-,1997-98 San Antonio Spurs,San Antonio Spurs,1997-98,'98
chuck-person-1997-98-san-antonio-spurs,Chuck Person,1997-98 San Antonio Spurs,SF / PF,71,"6'8""",80,220,"6'11""",83,70.0,57.0,51.0,68.0,57.0,47.0,80.0,72,75,70,55,65,84,37,52,80,54,60,65,50,55,60,50,49,38,60,72,60,79,62,70,77,57,37,61,65,58,58,65,58,61,32,-,-,-,-,-,-,-,-,-,-,-,-,-,-,-,-,-,-,-,-,-,-,-,-,-,-,-,-,-,-,-,-,-,-,-,-,-,-,-,-,1997-98 San Antonio Spurs,San Antonio Spurs,1997-98,'98
will-perdue-1997-98-san-antonio-spurs,Will Perdue,1997-98 San Antonio Spurs,C / PF,70,"7'0""",84,240,"7'4""",88,55.0,48.0,32.0,50.0,57.0,89.0,98.0,58,52,38,65,90,25,66,40,60,25,44,40,61,50,25,40,39,31,25,25,50,82,25,65,78,28,63,65,68,69,56,25,56,87,90,-,-,-,-,-,Silver,-,-,-,-,-,-,-,-,-,-,-,-,-,-,-,-,-,-,-,Bronze,-,-,-,-,-,-,-,-,-,Silver,-,-,-,-,1997-98 San Antonio Spurs,San Antonio Spurs,1997-98,'98
monty-williams-1997-98-san-antonio-spurs,Monty Williams,1997-98 San Antonio Spurs,SF / PF,70,"6'8""",80,225,"6'11""",83,62.0,61.0,54.0,68.0,56.0,52.0,80.0,68,67,67,60,60,48,73,67,75,72,50,60,40,50,64,58,57,42,51,68,70,82,55,80,55,64,52,60,52,57,50,60,61,47,56,-,-,-,-,-,-,-,-,-,-,-,-,-,-,-,-,-,-,-,-,-,-,-,-,-,-,-,-,-,-,-,-,-,-,-,-,-,-,-,-,1997-98 San Antonio Spurs,San Antonio Spurs,1997-98,'98
tim-duncan-2004-05-san-antonio-spurs,Tim Duncan,2004-05 San Antonio Spurs,PF / C,98,"6'11""",83,255,"7'3""",87,88.0,88.0,72.0,87.0,91.0,95.0,80.0,96,67,95,98,98,75,89,65,98,79,98,93,98,85,59,82,84,84,49,74,98,98,68,98,96,80,96,98,98,99,95,69,79,95,94,-,-,-,-,-,HOF,Silver,Gold,-,Gold,Silver,HOF,Gold,HOF,-,Gold,-,-,Gold,-,-,-,-,-,-,HOF,Silver,Silver,-,-,-,-,HOF,-,HOF,Gold,Gold,Gold,Gold,-,2004-05 San Antonio Spurs,San Antonio Spurs,2004-05,'05
tony-parker-2004-05-san-antonio-spurs,Tony Parker,2004-05 San Antonio Spurs,PG,89,"6'2""",74,185,"6'6""",78,81.0,57.0,92.0,84.0,73.0,39.0,50.0,95,65,87,85,80,73,64,30,98,97,53,58,30,25,95,94,95,80,98,86,95,80,99,95,50,85,35,80,84,54,92,80,85,47,30,Gold,-,Gold,-,Silver,-,Gold,-,Gold,-,-,-,-,-,-,-,Gold,Gold,-,Gold,Gold,Gold,Gold,Gold,Gold,-,Gold,-,-,-,-,-,-,-,-,-,-,-,-,Gold,2004-05 San Antonio Spurs,San Antonio Spurs,2004-05,'05
manu-ginobili-2004-05-san-antonio-spurs,Manu Ginobili,2004-05 San Antonio Spurs,SG,86,"6'6""",78,205,"6'9""",81,88.0,64.0,81.0,77.0,65.0,57.0,85.0,88,84,80,95,98,84,89,50,98,92,49,65,40,25,86,82,82,73,84,75,86,95,80,90,43,67,51,65,72,45,74,75,70,62,52,-,-,-,-,Gold,-,Silver,-,Gold,-,-,-,-,-,-,-,Silver,Silver,-,Gold,-,-,-,-,-,-,Gold,-,-,-,-,-,-,-,-,-,-,-,-,-,2004-05 San Antonio Spurs,San Antonio Spurs,2004-05,'05
bruce-bowen-2004-05-san-antonio-spurs,Bruce Bowen,2004-05 San Antonio Spurs,SF / PF,83,"6'8""",80,220,"6'11""",83,81.0,62.0,68.0,77.0,80.0,42.0,60.0,65,63,88,98,80,89,79,65,90,70,74,48,35,35,76,77,80,38,67,96,85,77,69,91,55,67,61,95,85,64,88,96,69,47,36,-,Gold,-,-,-,-,-,-,-,-,-,-,-,-,-,-,-,-,-,-,-,-,-,-,-,Gold,Gold,Gold,Gold,-,HOF,Gold,-,Gold,-,-,-,-,-,-,2004-05 San Antonio Spurs,San Antonio Spurs,2004-05,'05
brent-barry-2004-05-san-antonio-spurs,Brent Barry,2004-05 San Antonio Spurs,SF / SG,77,"6'7""",79,244,"6'10""",82,78.0,53.0,61.0,72.0,59.0,50.0,90.0,76,84,80,55,90,85,42,70,86,77,25,50,50,25,74,64,68,37,60,70,74,77,68,95,38,85,27,65,77,45,72,70,58,52,48,-,-,-,-,-,-,-,-,-,-,-,-,-,-,-,-,-,-,-,-,-,-,-,-,-,-,-,-,-,-,-,-,-,-,-,-,-,-,-,-,2004-05 San Antonio Spurs,San Antonio Spurs,2004-05,'05
robert-horry-2004-05-san-antonio-spurs,Robert Horry,2004-05 San Antonio Spurs,SF / PF,77,"6'10""",82,230,"7'1""",85,77.0,68.0,53.0,70.0,65.0,71.0,98.0,80,79,74,50,95,84,57,60,80,70,65,65,60,85,64,55,54,57,36,69,72,84,55,82,60,70,60,50,69,68,64,68,75,72,69,-,-,-,-,-,-,-,-,-,-,-,-,-,-,-,-,-,-,Bronze,-,-,-,-,-,-,-,-,Silver,-,-,-,-,-,-,-,-,-,-,-,-,2004-05 San Antonio Spurs,San Antonio Spurs,2004-05,'05
nazr-mohammed-2004-05-san-antonio-spurs,Nazr Mohammed,2004-05 San Antonio Spurs,C,77,"6'10""",82,250,"7'2""",86,58.0,54.0,30.0,66.0,73.0,75.0,95.0,79,67,54,45,75,25,54,50,43,50,67,57,58,55,35,29,26,25,35,55,72,84,54,72,85,38,85,75,82,84,67,55,62,81,68,-,-,-,-,-,-,-,-,-,-,-,-,-,-,-,-,-,-,-,-,-,-,-,-,-,Silver,-,-,-,-,-,-,-,-,-,Gold,Silver,Gold,-,-,2004-05 San Antonio Spurs,San Antonio Spurs,2004-05,'05
glenn-robinson-2004-05-san-antonio-spurs,Glenn Robinson,2004-05 San Antonio Spurs,SF,76,"6'7""",79,225,"6'10""",82,81.0,70.0,53.0,71.0,56.0,60.0,50.0,82,83,85,80,80,76,82,70,94,74,69,65,64,40,69,51,52,37,54,60,80,75,60,85,75,65,45,50,59,62,58,69,50,75,45,Bronze,-,-,-,-,-,-,-,-,-,-,-,-,-,-,-,-,-,-,-,-,-,-,-,-,-,-,-,-,-,-,-,-,-,-,-,-,-,-,-,2004-05 San Antonio Spurs,San Antonio Spurs,2004-05,'05
rasho-nesterovic-2004-05-san-antonio-spurs,Rasho Nesterovic,2004-05 San Antonio Spurs,C,75,"7'0""",84,255,"7'4""",88,57.0,69.0,42.0,67.0,62.0,69.0,80.0,80,55,70,40,60,35,34,65,85,68,74,74,74,75,40,50,54,29,37,49,75,72,51,86,88,50,74,75,79,74,60,45,29,71,67,-,-,-,-,-,-,-,Silver,-,Silver,-,-,Silver,Bronze,-,Bronze,-,-,-,-,-,-,-,-,-,-,-,-,-,-,-,-,-,-,-,Silver,-,Gold,-,-,2004-05 San Antonio Spurs,San Antonio Spurs,2004-05,'05
beno-udrih-2004-05-san-antonio-spurs,Beno Udrih,2004-05 San Antonio Spurs,PG,73,"6'3""",75,205,"6'5""",77,81.0,48.0,79.0,71.0,50.0,40.0,45.0,93,92,82,60,80,79,58,25,85,80,35,48,25,25,79,78,80,80,76,70,80,79,75,86,39,66,25,55,68,25,58,60,59,50,30,-,-,-,-,-,-,-,-,Bronze,-,-,-,-,-,-,-,-,-,-,-,-,-,-,-,-,-,-,-,-,-,-,-,-,-,-,-,-,-,-,-,2004-05 San Antonio Spurs,San Antonio Spurs,2004-05,'05
mike-wilks-2004-05-san-antonio-spurs,Mike Wilks,2004-05 San Antonio Spurs,PG,70,"5'10""",70,185,"6'2""",74,69.0,40.0,82.0,74.0,47.0,35.0,55.0,70,74,76,50,75,70,37,25,72,70,30,30,30,25,86,78,78,78,88,88,77,80,88,82,37,68,31,40,57,30,47,57,67,39,30,-,-,-,-,-,-,-,-,-,-,-,-,-,-,-,-,-,-,-,-,-,-,-,-,-,-,-,-,-,-,-,-,-,-,-,-,-,-,-,-,2004-05 San Antonio Spurs,San Antonio Spurs,2004-05,'05
tony-massenburg-2004-05-san-antonio-spurs,Tony Massenburg,2004-05 San Antonio Spurs,PF,67,"6'9""",81,220,"7'0""",84,51.0,49.0,30.0,63.0,58.0,66.0,98.0,70,76,38,50,49,25,42,30,49,45,59,51,55,60,33,31,28,29,31,41,88,75,34,88,72,44,59,65,64,69,61,38,51,71,61,-,-,-,-,-,-,-,-,-,-,-,-,-,-,-,-,-,-,-,-,-,-,-,-,-,-,-,-,-,-,-,-,-,-,-,-,-,-,-,-,2004-05 San Antonio Spurs,San Antonio Spurs,2004-05,'05
shawn-marion-2002-03-phoenix-suns,Shawn Marion,2002-03 Phoenix Suns,SF / PF,86,"6'7""",79,220,"6'10""",82,83.0,74.0,68.0,86.0,77.0,67.0,60.0,70,85,80,80,98,84,65,85,98,82,69,54,72,70,61,60,69,69,79,87,98,85,85,98,60,88,61,80,80,80,65,84,90,75,58,-,-,-,-,Gold,Gold,-,-,Silver,-,-,-,-,-,-,-,-,-,-,-,-,-,-,-,Gold,Gold,Gold,Gold,Bronze,Gold,Gold,Bronze,-,Gold,-,Gold,Gold,-,Gold,-,2002-03 Phoenix Suns,Phoenix Suns,2002-03,'03
stephon-marbury-2002-03-phoenix-suns,Stephon Marbury,2002-03 Phoenix Suns,PG,84,"6'3""",75,190,"6'4""",76,83.0,57.0,83.0,83.0,59.0,39.0,60.0,90,80,81,80,91,74,80,35,77,89,52,55,45,25,86,80,80,83,87,83,92,78,87,88,64,92,38,50,75,50,64,76,60,44,34,-,-,Silver,Gold,Gold,-,Gold,-,Gold,-,-,-,-,-,-,-,Gold,Gold,-,Bronze,Gold,Gold,Gold,Gold,Gold,-,-,-,-,Bronze,-,-,-,-,-,-,-,-,-,-,2002-03 Phoenix Suns,Phoenix Suns,2002-03,'03
amare-stoudemire-2002-03-phoenix-suns,Amar’e Stoudemire,2002-03 Phoenix Suns,PF / C,80,"6'10""",82,245,"6'11""",83,67.0,82.0,48.0,76.0,65.0,79.0,40.0,70,66,40,75,98,50,93,95,98,78,74,62,64,95,54,52,60,30,42,52,85,75,76,82,82,82,65,70,75,77,74,52,41,78,80,-,-,-,Gold,-,Gold,-,-,-,-,-,Bronze,-,Bronze,-,Silver,-,-,-,-,-,-,-,-,-,-,-,-,-,-,-,-,-,-,-,-,-,-,-,-,2002-03 Phoenix Suns,Phoenix Suns,2002-03,'03
penny-hardaway-2002-03-phoenix-suns,Penny Hardaway,2002-03 Phoenix Suns,PG / SG,78,"6'7""",79,195,"6'11""",83,77.0,68.0,78.0,76.0,67.0,51.0,60.0,60,79,85,65,92,80,60,60,89,84,60,65,55,70,80,79,84,71,75,71,86,82,76,94,58,68,51,80,79,55,68,78,57,56,45,-,-,-,-,Gold,-,-,-,-,-,-,-,-,-,-,-,Silver,Bronze,-,Silver,-,-,-,-,Gold,-,-,Bronze,-,-,-,-,-,Silver,-,-,-,-,-,-,2002-03 Phoenix Suns,Phoenix Suns,2002-03,'03
tom-gugliotta-2002-03-phoenix-suns,Tom Gugliotta,2002-03 Phoenix Suns,PF / SF,75,"6'9""",81,240,"7'0""",84,70.0,70.0,51.0,71.0,52.0,65.0,80.0,90,90,86,45,77,34,47,70,90,79,68,71,68,70,58,52,54,43,50,61,65,83,66,95,60,68,45,45,55,64,54,51,47,73,56,-,-,-,-,-,Gold,-,-,-,-,-,-,-,-,-,-,-,-,-,-,-,-,-,-,-,-,-,-,-,-,-,-,-,-,-,-,-,-,-,-,2002-03 Phoenix Suns,Phoenix Suns,2002-03,'03
bo-outlaw-2002-03-phoenix-suns,Bo Outlaw,2002-03 Phoenix Suns,PF / SF,75,"6'8""",80,210,"7'0""",84,67.0,60.0,37.0,69.0,63.0,65.0,85.0,66,62,72,65,98,38,45,56,74,56,65,65,60,55,43,34,44,38,25,42,95,77,39,81,84,66,69,75,75,66,49,65,44,63,67,-,-,-,-,-,-,-,-,-,-,-,-,-,-,-,-,-,-,-,-,-,-,-,-,-,-,-,-,-,-,-,-,-,-,-,Silver,Bronze,Gold,-,-,2002-03 Phoenix Suns,Phoenix Suns,2002-03,'03
jake-voskuhl-2002-03-phoenix-suns,Jake Voskuhl,2002-03 Phoenix Suns,C,73,"6'11""",83,245,"7'3""",87,61.0,59.0,50.0,65.0,61.0,78.0,85.0,77,69,57,65,75,25,33,60,74,47,64,63,64,70,58,59,58,39,36,37,75,81,43,80,71,65,80,65,60,68,60,37,58,68,88,-,-,-,-,-,-,-,-,-,-,-,-,-,-,-,Silver,-,-,-,-,-,-,-,-,-,-,-,Gold,-,-,-,-,-,-,Gold,-,Bronze,Silver,Gold,-,2002-03 Phoenix Suns,Phoenix Suns,2002-03,'03
joe-johnson-2002-03-phoenix-suns,Joe Johnson,2002-03 Phoenix Suns,SG,72,"6'7""",79,240,"6'9""",81,69.0,58.0,73.0,81.0,56.0,45.0,30.0,82,77,82,50,40,81,70,65,88,83,44,44,44,25,86,69,70,60,82,78,65,89,84,96,71,85,40,55,68,54,67,68,42,51,38,-,-,-,Bronze,-,-,-,-,Bronze,-,-,-,-,-,-,-,-,-,-,-,-,-,-,-,-,-,-,-,-,-,-,-,-,-,-,-,-,-,-,Bronze,2002-03 Phoenix Suns,Phoenix Suns,2002-03,'03
casey-jacobsen-2002-03-phoenix-suns,Casey Jacobsen,2002-03 Phoenix Suns,SF / SG,71,"6'6""",78,220,"6'11""",83,65.0,50.0,51.0,71.0,56.0,39.0,98.0,59,69,73,50,65,75,45,45,68,70,47,58,30,40,60,58,57,39,42,77,64,77,57,84,64,75,35,55,68,53,60,77,47,39,39,-,-,-,-,-,-,-,-,-,-,-,-,-,-,-,-,-,-,-,-,-,-,-,-,-,-,-,-,-,-,-,-,-,-,-,-,-,-,-,-,2002-03 Phoenix Suns,Phoenix Suns,2002-03,'03
scott-williams-2002-03-phoenix-suns,Scott Williams,2002-03 Phoenix Suns,PF / C,71,"6'10""",82,230,"7'2""",86,60.0,53.0,44.0,66.0,64.0,69.0,98.0,74,79,74,50,50,30,65,40,62,32,55,55,40,77,33,44,80,40,25,35,98,77,38,98,70,43,58,80,70,78,68,49,47,66,71,-,-,-,-,-,-,-,-,-,-,-,-,-,-,-,-,-,-,-,-,-,-,-,-,-,-,-,-,-,-,-,-,-,-,-,-,-,-,-,-,2002-03 Phoenix Suns,Phoenix Suns,2002-03,'03
randy-brown-2002-03-phoenix-suns,Randy Brown,2002-03 Phoenix Suns,PG,70,"6'2""",74,190,"6'3""",75,67.0,42.0,64.0,65.0,62.0,41.0,98.0,69,75,70,60,70,60,49,25,84,70,25,29,25,25,70,60,62,61,69,69,79,80,72,60,41,57,32,70,74,25,84,79,71,41,40,-,-,-,-,-,-,-,-,-,-,-,-,-,-,-,-,-,-,-,-,-,-,-,-,-,-,Bronze,-,-,Bronze,Bronze,-,-,-,-,-,-,-,-,-,2002-03 Phoenix Suns,Phoenix Suns,2002-03,'03
steve-nash-2004-05-phoenix-suns,Steve Nash,2004-05 Phoenix Suns,PG,95,"6'3""",75,195,"6'6""",78,93.0,52.0,94.0,80.0,66.0,40.0,80.0,91,88,92,98,98,92,88,28,98,97,30,25,28,25,91,98,99,98,84,84,98,82,84,98,50,65,30,90,80,25,92,84,61,43,37,Gold,Silver,Gold,Gold,Gold,-,Silver,-,Gold,-,-,-,-,-,-,-,Gold,Silver,-,HOF,Gold,Bronze,HOF,HOF,HOF,-,-,-,-,-,-,-,-,-,-,-,-,-,-,-,2004-05 Phoenix Suns,Phoenix Suns,2004-05,'05
amare-stoudemire-2004-05-phoenix-suns,Amar’e Stoudemire,2004-05 Phoenix Suns,PF / C,88,"6'10""",82,245,"7'2""",86,82.0,90.0,48.0,76.0,70.0,77.0,65.0,84,73,90,97,98,50,93,95,98,78,94,82,84,95,54,52,60,34,42,52,85,75,76,82,82,82,70,70,75,82,74,59,60,82,72,-,-,-,Gold,-,Gold,Bronze,-,-,Silver,-,Bronze,Gold,Bronze,Gold,Gold,-,-,-,-,-,-,-,-,-,-,-,-,-,-,-,-,-,-,Bronze,Bronze,-,-,-,-,2004-05 Phoenix Suns,Phoenix Suns,2004-05,'05
shawn-marion-2004-05-phoenix-suns,Shawn Marion,2004-05 Phoenix Suns,SF / PF,87,"6'7""",79,220,"6'10""",82,82.0,74.0,61.0,83.0,74.0,86.0,70.0,88,83,70,80,92,79,65,85,95,82,69,54,72,70,61,60,70,34,79,87,90,85,85,86,60,88,65,70,80,80,65,84,77,88,84,-,-,-,Silver,-,Gold,-,-,Silver,-,-,-,-,-,-,-,-,-,-,-,-,-,-,-,Silver,Gold,Gold,Gold,Bronze,Gold,Gold,Bronze,-,Gold,-,Gold,Gold,-,Gold,-,2004-05 Phoenix Suns,Phoenix Suns,2004-05,'05
joe-johnson-2004-05-phoenix-suns,Joe Johnson,2004-05 Phoenix Suns,SF,80,"6'7""",79,240,"6'9""",81,83.0,58.0,73.0,82.0,56.0,45.0,60.0,84,77,87,85,75,87,70,65,88,84,44,44,44,25,86,69,70,60,82,78,70,89,85,96,71,85,40,55,68,54,67,68,42,51,38,-,-,-,Bronze,-,-,-,-,Bronze,-,-,-,-,-,-,-,-,-,-,-,-,-,-,-,-,-,-,-,-,-,-,-,-,-,-,-,-,-,-,Silver,2004-05 Phoenix Suns,Phoenix Suns,2004-05,'05
quentin-richardson-2004-05-phoenix-suns,Quentin Richardson,2004-05 Phoenix Suns,SG / SF,77,"6'6""",78,223,"6'10""",82,79.0,56.0,65.0,73.0,59.0,52.0,98.0,79,73,75,75,84,88,56,70,70,78,45,62,25,40,74,78,70,34,67,68,80,68,74,90,52,78,40,60,73,45,62,68,63,61,42,-,Silver,-,-,Bronze,-,-,-,-,-,-,-,-,-,-,-,Silver,Bronze,-,-,-,-,-,-,Bronze,-,-,-,-,-,-,-,-,-,-,-,-,-,-,Gold,2004-05 Phoenix Suns,Phoenix Suns,2004-05,'05
leandro-barbosa-2004-05-phoenix-suns,Leandro Barbosa,2004-05 Phoenix Suns,SG / PG,74,"6'3""",75,176,"6'6""",78,75.0,45.0,78.0,73.0,48.0,44.0,50.0,75,79,79,80,55,81,57,25,80,84,30,30,30,25,85,74,74,64,95,74,73,77,97,80,42,66,35,50,59,36,49,49,61,47,41,-,-,-,Silver,Gold,-,-,-,-,-,-,-,-,-,-,-,-,-,-,-,Gold,HOF,-,-,Gold,-,-,-,-,-,-,-,-,-,-,-,-,-,-,-,2004-05 Phoenix Suns,Phoenix Suns,2004-05,'05
steven-hunter-2004-05-phoenix-suns,Steven Hunter,2004-05 Phoenix Suns,C / PF,73,"7'0""",84,220,"7'4""",88,54.0,68.0,41.0,74.0,64.0,64.0,60.0,79,33,62,50,50,47,75,63,84,58,62,58,60,85,50,54,50,26,25,45,90,83,52,86,74,85,89,60,75,77,68,45,35,56,72,-,-,-,-,-,-,-,-,-,-,-,-,-,-,-,Gold,-,-,-,-,-,-,-,-,-,-,-,-,-,-,-,-,-,-,-,Silver,-,Gold,-,-,2004-05 Phoenix Suns,Phoenix Suns,2004-05,'05
jake-voskuhl-2004-05-phoenix-suns,Jake Voskuhl,2004-05 Phoenix Suns,C,73,"6'11""",83,245,"7'3""",87,61.0,59.0,50.0,65.0,61.0,78.0,85.0,77,69,57,65,75,25,33,60,74,47,64,63,64,70,58,59,58,39,36,37,75,81,43,80,71,65,80,65,60,68,60,37,58,68,88,-,-,-,-,-,-,-,-,-,-,-,-,-,-,-,Silver,-,-,-,-,-,-,-,-,-,-,-,Gold,-,-,-,-,-,-,Gold,-,Bronze,Silver,Gold,-,2004-05 Phoenix Suns,Phoenix Suns,2004-05,'05
jim-jackson-2004-05-phoenix-suns,Jim Jackson,2004-05 Phoenix Suns,SG,70,"6'6""",78,220,"6'10""",82,71.0,45.0,70.0,68.0,44.0,46.0,85.0,59,93,66,50,73,86,37,45,78,83,26,42,26,25,78,70,75,55,70,57,64,78,74,84,46,75,30,35,54,34,49,52,57,57,34,-,Silver,-,-,-,-,-,-,-,-,-,-,-,-,-,-,-,-,-,-,-,-,-,-,-,-,-,-,-,-,-,-,-,-,-,-,-,-,-,-,2004-05 Phoenix Suns,Phoenix Suns,2004-05,'05
bo-outlaw-2004-05-phoenix-suns,Bo Outlaw,2004-05 Phoenix Suns,PF / SF,70,"6'8""",80,210,"7'0""",84,63.0,60.0,35.0,67.0,60.0,68.0,80.0,66,55,82,45,78,50,45,56,74,56,65,65,60,55,43,34,38,34,25,42,88,77,39,81,77,66,76,60,63,66,49,42,61,69,66,-,-,-,-,-,-,-,-,-,-,-,-,-,-,-,-,-,-,-,-,-,-,-,-,-,-,-,-,-,-,-,-,-,-,-,-,-,-,-,-,2004-05 Phoenix Suns,Phoenix Suns,2004-05,'05
walter-mccarty-2004-05-phoenix-suns,Walter McCarty,2004-05 Phoenix Suns,PF,69,"6'10""",82,230,"7'2""",86,68.0,59.0,57.0,73.0,63.0,51.0,30.0,79,62,77,70,40,80,37,72,67,67,57,57,57,60,73,66,44,37,65,80,72,81,69,72,65,75,51,65,70,66,66,63,63,59,42,-,-,-,-,-,Silver,-,-,-,-,-,-,-,-,-,-,-,-,-,-,-,-,-,-,-,-,-,-,-,-,-,-,-,-,-,-,-,-,-,-,2004-05 Phoenix Suns,Phoenix Suns,2004-05,'05
gary-payton-1995-96-seattle-supersonics,Gary Payton,1995-96 Seattle Supersonics,PG / SG,92,"6'4""",76,180,"6'7""",79,77.0,63.0,90.0,87.0,83.0,46.0,55.0,84,74,81,80,60,80,67,40,98,93,68,63,50,25,89,97,97,78,91,99,90,93,91,98,65,74,37,98,98,60,93,98,99,46,45,-,-,-,Bronze,Gold,-,Gold,-,Gold,-,-,-,-,-,-,-,Gold,Gold,-,Gold,Gold,Gold,Gold,Gold,Gold,HOF,HOF,-,HOF,HOF,Gold,HOF,-,HOF,-,-,-,-,-,-,1995-96 Seattle Supersonics,Seattle Supersonics,1995-96,'96
shawn-kemp-1995-96-seattle-supersonics,Shawn Kemp,1995-96 Seattle Supersonics,PF / C,88,"6'10""",82,230,"7'2""",86,72.0,87.0,67.0,86.0,81.0,87.0,85.0,78,74,60,75,90,53,89,96,95,77,90,83,71,97,62,65,74,60,72,59,98,85,80,98,85,95,77,85,85,82,97,78,63,88,85,-,-,-,-,-,Gold,-,-,-,Silver,-,Silver,Silver,Silver,HOF,Silver,-,-,-,-,-,-,-,-,-,-,-,-,-,-,-,-,-,-,-,Silver,-,Silver,-,-,1995-96 Seattle Supersonics,Seattle Supersonics,1995-96,'96
detlef-schrempf-1995-96-seattle-supersonics,Detlef Schrempf,1995-96 Seattle Supersonics,SF / PF,84,"6'9""",81,214,"7'0""",84,82.0,71.0,69.0,74.0,64.0,52.0,90.0,84,77,82,80,80,89,77,62,82,65,83,79,57,65,71,71,70,70,64,73,71,83,66,88,66,69,32,80,71,70,72,66,60,58,45,Silver,Gold,-,Silver,-,-,-,-,-,-,-,-,-,-,-,-,-,-,-,-,-,-,-,-,-,-,-,-,-,-,-,-,-,-,-,-,-,-,-,Gold,1995-96 Seattle Supersonics,Seattle Supersonics,1995-96,'96
hersey-hawkins-1995-96-seattle-supersonics,Hersey Hawkins,1995-96 Seattle Supersonics,SG / PG,78,"6'3""",75,190,"6'6""",78,84.0,55.0,63.0,75.0,58.0,45.0,80.0,83,87,85,80,85,84,66,55,80,80,25,66,25,40,70,62,64,47,70,78,72,90,66,90,55,72,35,70,70,34,45,76,79,46,43,-,Silver,-,Silver,-,-,-,-,-,-,-,-,-,-,-,-,-,-,-,-,-,-,-,-,-,-,-,-,-,-,-,-,-,-,-,-,-,-,-,Gold,1995-96 Seattle Supersonics,Seattle Supersonics,1995-96,'96
nate-mcmillan-1995-96-seattle-supersonics,Nate McMillan,1995-96 Seattle Supersonics,PG / SG,78,"6'5""",77,195,"6'8""",80,71.0,49.0,76.0,79.0,80.0,54.0,40.0,72,70,69,70,61,83,41,62,85,65,36,55,25,25,77,76,78,71,79,90,85,81,82,82,70,65,51,90,90,60,88,89,92,63,45,-,-,-,-,-,-,-,-,-,-,-,-,-,-,-,-,-,-,-,-,-,-,-,-,-,Gold,Gold,-,Gold,Gold,Gold,Gold,-,Gold,-,-,-,-,-,-,1995-96 Seattle Supersonics,Seattle Supersonics,1995-96,'96
sam-perkins-1995-96-seattle-supersonics,Sam Perkins,1995-96 Seattle Supersonics,PF / C,78,"6'9""",81,235,"7'0""",84,81.0,62.0,38.0,59.0,67.0,57.0,90.0,76,79,76,80,86,87,69,44,84,50,60,70,60,60,37,47,46,37,25,36,67,83,34,75,74,46,57,85,77,76,75,36,65,60,53,-,-,-,Gold,-,-,-,-,-,-,-,-,-,-,-,-,-,-,-,-,-,-,-,-,-,-,-,-,-,-,-,-,-,-,-,-,-,-,-,-,1995-96 Seattle Supersonics,Seattle Supersonics,1995-96,'96
ervin-johnson-1995-96-seattle-supersonics,Ervin Johnson,1995-96 Seattle Supersonics,C / PF,74,"6'11""",83,245,"7'3""",87,55.0,56.0,32.0,68.0,65.0,77.0,98.0,55,66,35,50,98,25,80,60,49,28,29,40,66,96,28,34,44,29,25,25,98,85,40,98,79,49,90,50,60,85,85,25,60,82,72,-,-,-,-,-,Gold,-,-,-,Silver,-,-,-,-,-,Gold,-,-,-,-,-,-,-,-,-,-,-,-,-,-,-,-,-,-,-,Gold,-,Gold,-,-,1995-96 Seattle Supersonics,Seattle Supersonics,1995-96,'96
vincent-askew-1995-96-seattle-supersonics,Vincent Askew,1995-96 Seattle Supersonics,SG / SF,71,"6'6""",78,210,"6'9""",81,71.0,54.0,62.0,67.0,59.0,49.0,90.0,73,76,70,65,66,78,67,64,71,66,36,55,25,46,72,64,65,58,53,72,64,79,60,75,55,63,42,65,62,45,68,69,61,50,48,-,-,-,-,-,-,-,-,-,-,-,-,-,-,-,-,-,-,-,-,-,-,-,-,-,-,-,-,-,-,-,-,-,-,-,-,-,-,-,-,1995-96 Seattle Supersonics,Seattle Supersonics,1995-96,'96
eric-snow-1995-96-seattle-supersonics,Eric Snow,1995-96 Seattle Supersonics,PG,71,"6'3""",75,190,"6'6""",78,61.0,58.0,80.0,72.0,62.0,42.0,50.0,74,59,70,35,60,67,53,25,93,85,60,70,55,25,78,82,80,79,80,87,60,83,80,85,54,57,40,70,75,52,60,78,61,48,35,-,-,-,-,-,-,-,-,-,-,Bronze,-,-,-,-,-,-,-,-,-,-,-,-,-,-,Silver,-,-,-,-,-,-,-,-,-,-,-,-,-,-,1995-96 Seattle Supersonics,Seattle Supersonics,1995-96,'96
david-wingate-1995-96-seattle-supersonics,David Wingate,1995-96 Seattle Supersonics,SG / SF,71,"6'5""",77,185,"6'8""",80,73.0,49.0,57.0,71.0,59.0,40.0,90.0,74,78,75,60,65,83,53,55,75,65,25,55,25,42,67,58,60,49,53,71,85,79,64,82,55,60,37,60,70,62,58,68,61,40,40,-,-,-,-,-,-,-,-,-,-,-,-,-,-,-,-,-,-,-,-,-,-,-,-,-,-,-,-,-,-,-,-,-,-,-,-,-,-,-,-,1995-96 Seattle Supersonics,Seattle Supersonics,1995-96,'96
frank-brickowski-1995-96-seattle-supersonics,Frank Brickowski,1995-96 Seattle Supersonics,PF / C,69,"6'9""",81,240,"7'0""",84,73.0,55.0,39.0,56.0,58.0,52.0,65.0,66,70,60,70,85,85,65,40,70,40,51,50,62,60,40,48,47,37,25,25,85,84,25,65,85,25,40,65,77,70,72,25,60,62,41,-,-,-,-,-,-,-,-,-,-,-,-,-,-,-,-,-,-,-,-,-,-,-,-,-,-,-,-,-,-,-,-,-,-,-,-,-,-,-,-,1995-96 Seattle Supersonics,Seattle Supersonics,1995-96,'96
kevin-durant-2011-12-oklahoma-city-thunder,Kevin Durant,2011-12 Oklahoma City Thunder,SF / PF,96,"6'9""",81,240,"7'5""",89,94.0,82.0,79.0,82.0,69.0,67.0,80.0,96,86,97,98,98,89,91,85,91,98,84,88,68,51,90,80,81,60,84,84,75,89,89,98,55,84,74,60,74,68,65,70,74,84,50,HOF,Gold,-,Gold,HOF,Silver,Gold,-,Gold,-,Silver,-,-,-,-,-,Bronze,Bronze,Silver,-,Silver,Silver,Silver,Silver,Bronze,-,-,-,-,-,-,-,-,-,-,-,-,-,-,Gold,2011-12 Oklahoma City Thunder,Oklahoma City Thunder,2011-12,'12
russell-westbrook-2011-12-oklahoma-city-thunder,Russell Westbrook,2011-12 Oklahoma City Thunder,PG,88,"6'3""",75,200,"6'8""",80,83.0,64.0,87.0,91.0,63.0,50.0,80.0,76,82,88,98,84,72,84,85,81,90,53,64,33,25,86,80,88,85,98,92,98,88,99,98,74,90,28,75,74,30,84,77,71,52,48,-,-,Gold,-,-,Silver,Gold,-,Gold,-,Silver,-,-,-,Gold,-,Silver,Gold,Silver,Gold,Silver,Gold,Silver,Silver,Silver,Bronze,-,-,Bronze,Silver,Silver,Bronze,-,Bronze,-,Bronze,Silver,-,-,-,2011-12 Oklahoma City Thunder,Oklahoma City Thunder,2011-12,'12
james-harden-2011-12-oklahoma-city-thunder,James Harden,2011-12 Oklahoma City Thunder,SG,87,"6'5""",77,220,"6'11""",83,83.0,73.0,81.0,85.0,52.0,43.0,80.0,65,85,81,90,88,89,86,84,94,94,55,78,57,35,91,76,77,74,86,76,95,88,87,90,72,87,53,25,43,67,54,53,69,50,36,Gold,Gold,-,-,Gold,-,Gold,-,Gold,-,Silver,-,-,-,-,-,Gold,Silver,-,-,Silver,-,-,-,Bronze,-,-,-,-,-,-,-,-,-,-,-,-,-,-,Gold,2011-12 Oklahoma City Thunder,Oklahoma City Thunder,2011-12,'12
serge-ibaka-2011-12-oklahoma-city-thunder,Serge Ibaka,2011-12 Oklahoma City Thunder,PF / C,87,"6'10""",82,245,"7'4""",88,78.0,71.0,36.0,83.0,81.0,83.0,70.0,92,66,91,50,98,70,64,90,85,68,71,54,57,77,32,26,70,25,27,62,85,94,64,93,85,95,97,90,92,92,84,62,53,74,92,-,-,-,Silver,-,Gold,-,-,-,-,-,-,-,-,-,-,-,-,-,-,-,-,-,-,-,Gold,-,Gold,Gold,-,-,-,Gold,-,Gold,Gold,Silver,Gold,Gold,-,2011-12 Oklahoma City Thunder,Oklahoma City Thunder,2011-12,'12
kendrick-perkins-2011-12-oklahoma-city-thunder,Kendrick Perkins,2011-12 Oklahoma City Thunder,C,77,"6'10""",82,280,"7'2""",86,60.0,68.0,39.0,65.0,74.0,79.0,50.0,89,62,44,60,80,25,67,45,85,60,72,59,74,85,41,35,54,33,30,32,83,79,42,73,95,52,84,70,84,84,66,75,57,80,78,-,-,-,-,-,Gold,-,-,-,-,-,-,Gold,-,-,Gold,-,-,-,-,-,-,-,-,-,-,-,-,-,-,-,-,-,-,Bronze,-,-,Gold,-,-,2011-12 Oklahoma City Thunder,Oklahoma City Thunder,2011-12,'12
thabo-sefolosha-2011-12-oklahoma-city-thunder,Thabo Sefolosha,2011-12 Oklahoma City Thunder,SF,76,"6'7""",79,222,"6'10""",82,73.0,57.0,52.0,76.0,72.0,55.0,50.0,60,88,84,30,85,89,60,75,82,71,44,51,35,40,68,54,46,37,53,87,72,81,72,92,42,84,56,80,81,55,74,84,73,68,41,-,-,-,-,-,-,-,-,-,-,-,-,-,-,-,-,-,-,-,-,-,-,-,-,-,-,Silver,-,-,-,-,-,-,-,-,-,-,-,-,-,2011-12 Oklahoma City Thunder,Oklahoma City Thunder,2011-12,'12
nick-collison-2011-12-oklahoma-city-thunder,Nick Collison,2011-12 Oklahoma City Thunder,PF,75,"6'10""",82,255,"7'2""",86,67.0,64.0,42.0,66.0,58.0,74.0,98.0,74,71,87,35,98,38,60,51,70,70,78,62,64,60,44,46,58,38,25,30,85,79,62,75,66,63,56,45,75,75,70,30,58,66,82,-,-,-,-,-,Bronze,-,-,-,-,-,-,-,-,-,-,-,-,-,-,-,-,-,-,-,-,-,-,-,-,-,-,-,-,-,-,-,-,-,-,2011-12 Oklahoma City Thunder,Oklahoma City Thunder,2011-12,'12
daequan-cook-2011-12-oklahoma-city-thunder,Daequan Cook,2011-12 Oklahoma City Thunder,SG,73,"6'5""",77,205,"6'8""",80,80.0,43.0,69.0,78.0,44.0,30.0,80.0,70,64,85,80,98,84,27,50,75,70,30,30,30,35,77,72,72,50,72,77,98,70,82,98,40,80,25,50,55,30,40,55,50,30,30,-,-,-,-,-,-,-,-,-,-,-,-,-,-,-,-,-,-,-,-,-,-,-,-,-,-,-,-,-,-,-,-,-,-,-,-,-,-,-,-,2011-12 Oklahoma City Thunder,Oklahoma City Thunder,2011-12,'12
derek-fisher-2011-12-oklahoma-city-thunder,Derek Fisher,2011-12 Oklahoma City Thunder,PG / SG,72,"6'1""",73,200,"6'6""",78,73.0,41.0,76.0,68.0,51.0,48.0,85.0,74,88,73,35,90,80,37,25,76,76,26,35,25,25,81,86,87,55,73,78,68,78,74,80,30,66,30,40,66,47,49,68,58,55,40,-,-,-,Bronze,-,-,-,-,-,-,-,-,-,-,-,-,-,-,-,-,-,-,-,-,-,-,-,-,-,-,-,-,-,-,-,-,-,-,-,-,2011-12 Oklahoma City Thunder,Oklahoma City Thunder,2011-12,'12
lazar-hayward-2011-12-oklahoma-city-thunder,Lazar Hayward,2011-12 Oklahoma City Thunder,SF,71,"6'6""",78,225,"7'1""",85,65.0,52.0,67.0,74.0,61.0,43.0,65.0,54,78,78,40,70,70,34,60,80,70,40,38,39,57,74,70,69,50,70,76,81,80,76,85,44,75,52,60,65,59,65,69,60,47,39,-,-,-,-,-,-,-,-,-,-,-,-,-,-,-,-,-,-,-,-,-,-,-,-,-,-,-,-,-,-,-,-,-,-,-,-,-,-,-,-,2011-12 Oklahoma City Thunder,Oklahoma City Thunder,2011-12,'12
nazr-mohammed-2011-12-oklahoma-city-thunder,Nazr Mohammed,2011-12 Oklahoma City Thunder,C,71,"6'10""",82,250,"7'2""",86,49.0,49.0,28.0,61.0,67.0,75.0,95.0,75,33,54,45,64,25,35,50,43,50,47,57,58,55,35,29,26,25,25,55,72,84,31,72,72,38,67,75,66,80,67,55,62,81,68,-,-,-,-,-,-,-,-,-,-,-,-,-,-,-,-,-,-,-,-,-,-,-,-,-,-,-,-,-,-,-,-,-,-,-,-,-,Bronze,-,-,2011-12 Oklahoma City Thunder,Oklahoma City Thunder,2011-12,'12
reggie-jackson-2011-12-oklahoma-city-thunder,Reggie Jackson,2011-12 Oklahoma City Thunder,PG,70,"6'3""",75,208,"6'6""",78,71.0,50.0,77.0,81.0,55.0,38.0,35.0,74,86,82,50,70,66,54,69,80,72,28,48,25,25,82,78,74,64,86,84,85,84,86,95,48,85,32,55,60,49,64,64,59,43,33,-,-,-,-,-,-,-,-,-,-,-,-,-,-,-,-,-,-,-,-,-,-,-,-,-,-,-,-,-,-,-,-,-,-,-,-,-,-,-,-,2011-12 Oklahoma City Thunder,Oklahoma City Thunder,2011-12,'12
royal-ivey-2011-12-oklahoma-city-thunder,Royal Ivey,2011-12 Oklahoma City Thunder,SG,69,"6'3""",75,200,"6'7""",79,65.0,43.0,65.0,72.0,61.0,43.0,80.0,59,70,61,60,61,79,67,25,70,61,29,39,25,25,71,60,62,59,71,86,81,82,70,88,40,60,39,70,72,38,75,70,61,51,35,-,-,-,-,-,-,-,-,-,-,-,-,-,-,-,-,-,-,-,-,-,-,-,-,-,-,-,-,-,-,-,-,-,-,-,-,-,-,-,-,2011-12 Oklahoma City Thunder,Oklahoma City Thunder,2011-12,'12
eric-maynor-2011-12-oklahoma-city-thunder,Eric Maynor,2011-12 Oklahoma City Thunder,PG,69,"6'3""",75,175,"6'3""",75,68.0,53.0,74.0,76.0,54.0,41.0,30.0,47,89,90,55,50,79,51,80,78,74,42,43,31,25,73,70,74,72,80,74,80,83,86,85,44,81,25,45,70,35,74,72,56,44,38,-,-,-,-,-,-,-,-,-,-,-,-,-,-,-,-,-,-,-,-,-,-,-,-,-,-,-,-,-,-,-,-,-,-,-,-,-,-,-,-,2011-12 Oklahoma City Thunder,Oklahoma City Thunder,2011-12,'12
kevin-garnett-2003-04-minnesota-timberwolves,Kevin Garnett,2003-04 Minnesota Timberwolves,PF / C,97,"6'11""",83,220,"7'3""",87,89.0,90.0,74.0,89.0,82.0,94.0,50.0,98,79,94,98,98,69,82,88,98,82,98,89,88,97,70,68,85,72,74,79,98,88,87,98,88,87,80,95,88,97,85,61,65,94,93,-,-,-,Gold,-,Gold,Gold,-,-,Gold,Gold,Gold,Gold,Gold,Gold,Gold,-,-,-,-,-,-,-,-,-,HOF,Silver,Gold,Silver,Gold,-,Silver,Gold,Silver,HOF,HOF,HOF,Gold,Gold,-,2003-04 Minnesota Timberwolves,Minnesota Timberwolves,2003-04,'04
sam-cassell-2003-04-minnesota-timberwolves,Sam Cassell,2003-04 Minnesota Timberwolves,PG / SG,87,"6'3""",75,185,"6'6""",78,87.0,56.0,86.0,75.0,64.0,40.0,80.0,92,87,77,90,85,88,70,25,95,94,53,58,30,25,86,88,89,85,84,81,72,86,84,95,34,76,37,75,74,54,75,70,64,46,34,-,-,Gold,Gold,Gold,-,Gold,-,Gold,-,-,-,-,-,-,-,Gold,Gold,Gold,Gold,Gold,Silver,Bronze,Bronze,Gold,-,Bronze,-,-,-,-,-,-,-,-,-,-,-,-,-,2003-04 Minnesota Timberwolves,Minnesota Timberwolves,2003-04,'04
latrell-sprewell-2003-04-minnesota-timberwolves,Latrell Sprewell,2003-04 Minnesota Timberwolves,SF,82,"6'5""",77,190,"6'9""",81,79.0,69.0,76.0,80.0,71.0,42.0,70.0,84,81,82,75,75,75,67,90,78,80,65,78,40,55,76,84,83,61,77,88,75,85,82,93,48,88,37,85,85,60,80,87,61,47,36,-,-,-,-,Gold,Bronze,Gold,-,-,-,-,-,-,-,Bronze,-,-,-,Bronze,-,-,-,-,-,-,Silver,Bronze,-,Silver,-,-,Silver,-,-,-,-,-,-,-,Gold,2003-04 Minnesota Timberwolves,Minnesota Timberwolves,2003-04,'04
wally-szczerbiak-2003-04-minnesota-timberwolves,Wally Szczerbiak,2003-04 Minnesota Timberwolves,SF / SG,78,"6'7""",79,244,"6'11""",83,84.0,47.0,61.0,66.0,50.0,50.0,85.0,81,86,90,75,81,89,68,25,86,74,25,50,25,25,78,66,64,37,60,70,74,77,62,88,27,63,27,45,63,35,62,63,58,52,48,Silver,-,-,-,-,-,-,-,-,-,-,-,-,-,-,-,-,-,-,-,-,-,-,-,-,-,-,-,-,-,-,-,-,Bronze,-,-,-,-,-,-,2003-04 Minnesota Timberwolves,Minnesota Timberwolves,2003-04,'04
fred-hoiberg-2003-04-minnesota-timberwolves,Fred Hoiberg,2003-04 Minnesota Timberwolves,SG,73,"6'4""",76,170,"6'7""",79,82.0,53.0,55.0,63.0,44.0,48.0,98.0,85,84,85,70,84,86,56,30,80,70,64,55,40,25,66,59,58,37,56,63,52,74,62,87,36,64,35,40,43,28,40,59,65,63,32,-,Silver,-,-,-,-,-,-,-,-,-,-,-,-,-,-,-,-,-,-,-,-,-,-,-,-,-,-,-,-,-,-,-,-,-,-,-,-,-,-,2003-04 Minnesota Timberwolves,Minnesota Timberwolves,2003-04,'04
mark-madsen-2003-04-minnesota-timberwolves,Mark Madsen,2003-04 Minnesota Timberwolves,PF / C,72,"6'9""",81,240,"7'1""",85,60.0,66.0,39.0,71.0,61.0,70.0,50.0,66,51,70,55,86,30,67,65,84,55,68,62,68,60,37,29,69,28,32,41,95,73,63,82,80,65,50,70,69,68,66,41,61,55,85,-,-,-,-,-,-,-,-,-,-,-,-,-,-,-,-,-,-,-,-,-,-,-,-,-,-,-,-,-,-,-,-,-,-,-,Bronze,-,-,-,-,2003-04 Minnesota Timberwolves,Minnesota Timberwolves,2003-04,'04
michael-olowokandi-2003-04-minnesota-timberwolves,Michael Olowokandi,2003-04 Minnesota Timberwolves,C,72,"7'0""",84,270,"7'8""",92,52.0,74.0,32.0,73.0,58.0,65.0,55.0,90,65,47,45,37,25,53,75,88,72,77,73,77,80,28,25,45,31,30,59,73,80,58,88,78,72,80,65,68,69,47,47,33,81,48,-,-,-,-,-,Bronze,-,-,-,-,-,-,Bronze,-,-,Silver,-,-,-,-,-,-,-,-,-,-,-,Bronze,-,-,-,-,-,-,-,-,Bronze,Silver,Bronze,-,2003-04 Minnesota Timberwolves,Minnesota Timberwolves,2003-04,'04
trenton-hassell-2003-04-minnesota-timberwolves,Trenton Hassell,2003-04 Minnesota Timberwolves,SG / SF,71,"6'5""",77,200,"6'8""",80,68.0,63.0,68.0,65.0,61.0,45.0,80.0,85,74,85,35,72,57,40,69,88,75,68,73,50,40,77,85,79,36,63,71,56,79,69,89,30,60,56,65,71,51,59,68,57,47,42,-,-,-,-,-,-,-,-,-,-,-,-,-,-,-,-,-,-,-,-,-,-,-,-,-,-,-,-,-,-,-,-,-,Gold,-,-,-,-,-,-,2003-04 Minnesota Timberwolves,Minnesota Timberwolves,2003-04,'04
oliver-miller-2003-04-minnesota-timberwolves,Oliver Miller,2003-04 Minnesota Timberwolves,C,70,"6'9""",81,280,"7'2""",86,60.0,55.0,30.0,62.0,60.0,74.0,70.0,72,65,55,65,77,25,55,25,37,44,66,62,67,80,35,25,33,30,26,38,75,80,31,78,75,55,81,55,69,77,67,30,42,75,72,-,-,-,-,-,-,-,-,-,-,-,-,-,-,-,-,-,-,-,-,-,-,-,-,-,-,-,-,-,-,-,-,Bronze,-,Bronze,-,-,Bronze,-,-,2003-04 Minnesota Timberwolves,Minnesota Timberwolves,2003-04,'04
darrick-martin-2003-04-minnesota-timberwolves,Darrick Martin,2003-04 Minnesota Timberwolves,PG,70,"5'11""",71,170,"6'3""",75,70.0,40.0,80.0,69.0,49.0,32.0,70.0,70,84,72,45,75,74,47,25,75,70,25,25,25,25,79,79,80,77,84,74,67,75,84,85,30,68,32,40,64,32,62,63,48,33,31,-,-,-,-,-,-,-,-,-,-,-,-,-,-,-,-,-,-,-,-,-,-,-,-,-,-,-,-,-,-,-,-,-,-,-,-,-,-,-,-,2003-04 Minnesota Timberwolves,Minnesota Timberwolves,2003-04,'04
ervin-johnson-2003-04-minnesota-timberwolves,Ervin Johnson,2003-04 Minnesota Timberwolves,C / PF,69,"6'11""",83,245,"7'3""",87,48.0,51.0,30.0,58.0,63.0,68.0,98.0,55,60,35,50,65,25,40,60,49,28,29,40,66,95,28,34,35,28,25,25,75,85,32,69,74,49,72,50,60,85,85,25,61,73,62,-,-,-,-,-,Gold,-,-,-,-,-,-,-,-,-,Gold,-,-,-,-,-,-,-,-,-,-,-,-,-,-,-,-,-,-,-,Gold,-,Gold,-,-,2003-04 Minnesota Timberwolves,Minnesota Timberwolves,2003-04,'04
gary-trent-2003-04-minnesota-timberwolves,Gary Trent,2003-04 Minnesota Timberwolves,C / PF,68,"6'8""",80,250,"6'9""",81,55.0,65.0,39.0,67.0,60.0,65.0,40.0,61,75,60,50,60,25,66,63,79,50,66,62,53,80,35,38,63,34,25,39,72,78,50,85,76,68,51,60,77,80,58,39,55,61,69,-,-,-,-,-,-,-,-,-,-,-,-,Gold,-,-,Bronze,-,-,-,-,-,-,-,-,-,-,-,-,-,-,-,-,-,-,-,-,-,-,-,-,2003-04 Minnesota Timberwolves,Minnesota Timberwolves,2003-04,'04
clyde-drexler-1990-91-portland-trail-blazers,Clyde Drexler,1990-91 Portland Trail Blazers,SG / SF,90,"6'7""",79,210,"6'10""",82,87.0,81.0,76.0,84.0,78.0,61.0,70.0,94,79,88,98,85,79,79,98,98,94,70,84,45,76,79,76,77,72,78,89,90,88,74,90,67,90,52,95,85,65,89,88,73,57,65,-,-,Gold,-,Gold,HOF,Gold,-,Gold,-,Silver,-,-,-,HOF,-,-,-,-,-,-,Gold,-,-,-,-,Silver,Gold,Bronze,-,-,Bronze,-,-,-,-,-,-,Gold,-,1990-91 Portland Trail Blazers,Portland Trail Blazers,1990-91,'91
terry-porter-1990-91-portland-trail-blazers,Terry Porter,1990-91 Portland Trail Blazers,PG / SG,85,"6'3""",75,195,"6'6""",78,87.0,50.0,85.0,83.0,63.0,42.0,80.0,83,82,84,90,95,86,82,25,91,86,25,40,25,25,78,86,90,88,83,84,91,92,83,95,55,80,32,80,70,40,65,74,81,48,36,-,Gold,Silver,Gold,-,-,-,-,Gold,-,Bronze,-,-,-,-,-,-,-,-,Gold,-,-,Bronze,Bronze,Silver,-,Gold,-,-,Bronze,-,-,-,Bronze,-,-,-,-,-,Gold,1990-91 Portland Trail Blazers,Portland Trail Blazers,1990-91,'91
jerome-kersey-1990-91-portland-trail-blazers,Jerome Kersey,1990-91 Portland Trail Blazers,SF / PF,82,"6'7""",79,215,"6'10""",82,73.0,76.0,66.0,80.0,70.0,64.0,80.0,82,70,68,85,75,60,73,97,72,84,68,68,65,77,73,69,73,51,63,87,87,83,62,79,76,85,60,80,72,65,67,84,65,62,65,-,-,-,-,-,Gold,Bronze,-,-,-,-,-,Bronze,-,Gold,Gold,-,-,-,-,-,-,-,-,-,-,-,-,Bronze,-,-,Bronze,-,-,-,-,-,-,-,-,1990-91 Portland Trail Blazers,Portland Trail Blazers,1990-91,'91
danny-ainge-1990-91-portland-trail-blazers,Danny Ainge,1990-91 Portland Trail Blazers,SG / PG,79,"6'4""",76,175,"6'7""",79,86.0,47.0,76.0,65.0,62.0,45.0,70.0,79,82,88,95,80,90,82,25,80,62,25,51,25,25,80,73,86,71,72,75,75,80,61,84,31,50,37,75,75,33,78,75,63,50,39,-,Silver,-,Gold,-,-,-,-,-,-,-,-,-,-,-,-,-,-,-,-,-,-,-,-,-,-,-,-,-,-,-,-,-,-,-,-,-,-,-,Gold,1990-91 Portland Trail Blazers,Portland Trail Blazers,1990-91,'91
clifford-robinson-1990-91-portland-trail-blazers,Clifford Robinson,1990-91 Portland Trail Blazers,PF / C,79,"6'10""",82,225,"7'2""",86,73.0,74.0,51.0,72.0,68.0,76.0,70.0,80,65,75,80,75,64,76,87,74,77,71,70,50,87,61,50,48,45,50,57,74,87,61,80,60,84,65,75,72,75,70,57,64,78,74,-,-,-,Gold,-,Gold,-,-,-,-,-,Bronze,Silver,Bronze,-,Bronze,-,-,-,-,-,-,-,-,-,Bronze,-,-,-,-,-,-,Silver,-,Silver,Bronze,-,Gold,-,-,1990-91 Portland Trail Blazers,Portland Trail Blazers,1990-91,'91
buck-williams-1990-91-portland-trail-blazers,Buck Williams,1990-91 Portland Trail Blazers,PF / C,79,"6'8""",80,215,"6'11""",83,65.0,66.0,31.0,68.0,71.0,75.0,90.0,75,70,69,75,75,25,70,58,75,55,64,45,68,90,28,30,36,29,30,42,80,85,40,77,85,70,51,90,84,88,88,42,57,81,69,-,-,-,-,-,-,-,Bronze,-,-,-,-,-,-,-,Bronze,-,-,-,-,-,-,-,-,-,Silver,-,-,-,-,-,-,Gold,-,Gold,Gold,Gold,Gold,-,-,1990-91 Portland Trail Blazers,Portland Trail Blazers,1990-91,'91
walter-davis-1990-91-portland-trail-blazers,Walter Davis,1990-91 Portland Trail Blazers,SG / SF,76,"6'6""",78,193,"6'9""",81,80.0,66.0,68.0,76.0,54.0,51.0,80.0,78,91,78,80,80,70,52,55,90,78,62,66,64,60,70,68,79,60,63,85,85,88,72,80,54,70,37,55,60,40,59,64,64,57,44,-,-,-,-,-,Silver,-,-,-,-,-,-,-,-,-,-,-,-,-,-,-,-,-,-,-,-,-,-,-,-,-,-,-,-,-,-,-,-,-,-,1990-91 Portland Trail Blazers,Portland Trail Blazers,1990-91,'91
kevin-duckworth-1990-91-portland-trail-blazers,Kevin Duckworth,1990-91 Portland Trail Blazers,C / PF,76,"7'0""",84,275,"7'4""",88,75.0,67.0,38.0,61.0,60.0,64.0,70.0,91,77,66,85,80,50,71,40,84,32,84,79,79,70,37,35,38,30,49,25,62,85,59,82,84,32,45,80,74,72,72,25,55,64,64,-,-,-,-,-,Gold,-,-,-,-,-,-,Gold,-,-,Bronze,-,-,-,-,-,-,-,-,-,Bronze,-,-,-,-,-,-,Silver,-,Silver,Silver,-,Gold,-,-,1990-91 Portland Trail Blazers,Portland Trail Blazers,1990-91,'91
alaa-abdelnaby-1990-91-portland-trail-blazers,Alaa Abdelnaby,1990-91 Portland Trail Blazers,PF,74,"6'10""",82,235,"7'2""",86,64.0,66.0,50.0,74.0,59.0,77.0,65.0,70,75,70,75,70,25,50,70,85,70,60,61,62,70,62,47,60,29,51,57,80,87,61,80,80,70,51,55,70,70,65,62,41,78,75,-,-,-,-,-,-,-,-,-,-,-,-,-,-,-,-,-,-,-,-,-,-,-,-,-,-,-,-,-,-,-,-,-,-,-,-,-,-,-,-,1990-91 Portland Trail Blazers,Portland Trail Blazers,1990-91,'91
wayne-cooper-1990-91-portland-trail-blazers,Wayne Cooper,1990-91 Portland Trail Blazers,C,71,"6'10""",82,220,"7'1""",85,65.0,62.0,35.0,65.0,57.0,77.0,60.0,72,78,70,55,75,40,52,51,80,55,69,60,67,60,36,25,52,32,30,44,66,77,51,75,75,64,54,60,69,69,52,44,50,74,80,-,-,-,-,-,-,-,-,-,-,-,-,-,-,-,-,-,-,-,-,-,-,-,-,-,-,-,-,-,-,-,-,-,-,-,-,-,-,-,-,1990-91 Portland Trail Blazers,Portland Trail Blazers,1990-91,'91
mark-bryant-1990-91-portland-trail-blazers,Mark Bryant,1990-91 Portland Trail Blazers,PF / C,69,"6'9""",81,245,"7'0""",84,55.0,56.0,31.0,58.0,62.0,69.0,80.0,58,73,43,60,70,25,71,42,66,33,45,55,55,80,29,35,38,29,25,25,82,79,26,67,83,45,47,80,78,79,68,25,57,69,68,-,-,-,-,-,-,-,-,-,-,-,-,-,-,-,-,-,-,-,-,-,-,-,-,-,-,-,-,-,-,-,-,-,-,-,-,-,-,-,-,1990-91 Portland Trail Blazers,Portland Trail Blazers,1990-91,'91
brandon-roy-2009-10-portland-trail-blazers,Brandon Roy,2009-10 Portland Trail Blazers,SG,89,"6'6""",78,215,"6'8""",80,85.0,81.0,80.0,83.0,73.0,48.0,80.0,91,78,90,95,80,76,70,95,98,93,68,84,61,75,86,80,80,72,82,82,80,72,87,98,68,96,60,80,80,66,80,79,69,60,35,Silver,-,-,Silver,Gold,Gold,Gold,-,Gold,-,Bronze,-,-,-,Gold,-,-,Silver,-,-,-,Silver,-,-,-,-,-,-,-,-,-,-,-,-,-,-,-,-,-,Bronze,2009-10 Portland Trail Blazers,Portland Trail Blazers,2009-10,'10
lamarcus-aldridge-2009-10-portland-trail-blazers,LaMarcus Aldridge,2009-10 Portland Trail Blazers,PF / C,85,"6'11""",83,240,"7'5""",89,86.0,75.0,47.0,69.0,65.0,69.0,70.0,90,76,82,95,98,74,59,65,78,67,88,88,88,70,42,55,60,35,42,45,78,80,55,84,80,62,67,65,75,79,70,45,57,72,65,-,-,-,Gold,Silver,Gold,-,Gold,-,Gold,Silver,Silver,Silver,Silver,-,Bronze,-,-,Bronze,-,-,-,-,-,-,-,-,-,-,-,-,-,-,-,-,Silver,-,Silver,-,-,2009-10 Portland Trail Blazers,Portland Trail Blazers,2009-10,'10
nicolas-batum-2009-10-portland-trail-blazers,Nicolas Batum,2009-10 Portland Trail Blazers,SF / SG,83,"6'8""",80,200,"7'1""",85,84.0,64.0,77.0,77.0,71.0,56.0,80.0,87,84,84,80,85,85,59,75,81,82,57,63,40,55,82,72,78,75,77,81,86,83,71,95,42,82,53,80,83,66,80,75,60,67,45,-,-,-,-,-,-,-,-,Bronze,-,-,-,-,-,-,-,-,Bronze,-,-,-,-,-,-,Gold,-,-,Silver,Silver,-,Silver,Silver,-,-,-,-,-,-,-,-,2009-10 Portland Trail Blazers,Portland Trail Blazers,2009-10,'10
greg-oden-2009-10-portland-trail-blazers,Greg Oden,2009-10 Portland Trail Blazers,C,83,"7'0""",84,273,"7'4""",88,66.0,73.0,30.0,64.0,65.0,92.0,98.0,89,77,54,55,98,25,78,75,48,70,72,70,84,85,35,30,28,27,29,38,72,62,37,85,87,70,94,80,80,82,44,38,37,90,94,-,-,-,-,-,Silver,-,-,-,-,-,-,-,-,-,Gold,-,-,-,-,-,-,-,-,-,-,-,-,-,-,-,-,-,-,-,Gold,Gold,Silver,Silver,-,2009-10 Portland Trail Blazers,Portland Trail Blazers,2009-10,'10
andre-miller-2009-10-portland-trail-blazers,Andre Miller,2009-10 Portland Trail Blazers,PG,82,"6'4""",76,180,"6'7""",79,77.0,62.0,87.0,72.0,69.0,48.0,60.0,80,82,79,75,82,62,68,25,86,85,70,70,70,25,90,88,84,90,84,90,73,80,84,88,27,60,35,80,82,32,90,81,85,61,35,-,-,-,-,-,-,-,-,-,-,Silver,-,-,-,-,-,-,-,Gold,Gold,Bronze,-,Gold,Gold,Gold,-,Gold,-,-,Bronze,-,-,-,-,-,-,-,-,-,-,2009-10 Portland Trail Blazers,Portland Trail Blazers,2009-10,'10
marcus-camby-2009-10-portland-trail-blazers,Marcus Camby,2009-10 Portland Trail Blazers,C,81,"6'11""",83,220,"7'3""",87,62.0,70.0,37.0,73.0,75.0,84.0,60.0,86,58,75,45,70,40,44,71,94,60,79,38,81,90,35,45,50,28,26,56,95,66,64,95,78,60,96,80,85,88,60,56,60,84,83,-,-,-,-,-,Gold,-,-,-,-,-,-,-,-,-,Bronze,-,-,-,-,-,-,-,-,-,Gold,-,Bronze,-,-,-,-,Gold,-,Bronze,Silver,-,Bronze,Gold,-,2009-10 Portland Trail Blazers,Portland Trail Blazers,2009-10,'10
rudy-fernandez-2009-10-portland-trail-blazers,Rudy Fernandez,2009-10 Portland Trail Blazers,SG,75,"6'6""",78,185,"6'8""",80,79.0,65.0,70.0,76.0,52.0,48.0,60.0,82,87,66,75,85,81,70,85,95,82,46,42,46,50,86,70,72,44,78,69,85,79,79,85,52,85,50,55,48,35,46,64,64,52,44,-,-,-,-,-,-,-,-,-,-,-,-,-,-,Bronze,-,-,-,-,-,-,-,-,-,-,-,-,-,-,-,-,-,-,-,-,-,-,-,-,-,2009-10 Portland Trail Blazers,Portland Trail Blazers,2009-10,'10
juwan-howard-2009-10-portland-trail-blazers,Juwan Howard,2009-10 Portland Trail Blazers,C,75,"6'9""",81,223,"6'11""",83,74.0,70.0,53.0,66.0,57.0,64.0,70.0,86,78,90,60,90,40,50,60,90,70,75,77,78,60,56,69,69,42,27,34,88,75,36,75,80,75,59,60,58,70,59,44,48,66,62,-,-,-,-,-,-,-,-,-,-,-,-,-,-,-,-,-,-,-,-,-,-,-,-,-,-,-,-,-,-,-,-,-,-,-,-,-,-,-,-,2009-10 Portland Trail Blazers,Portland Trail Blazers,2009-10,'10
patty-mills-2009-10-portland-trail-blazers,Patty Mills,2009-10 Portland Trail Blazers,PG,75,"6'0""",72,180,"6'2""",74,75.0,43.0,80.0,74.0,47.0,40.0,75.0,85,65,70,70,75,83,49,25,73,84,25,37,25,25,86,75,79,74,86,83,70,82,87,82,51,66,35,40,61,27,61,65,40,47,32,-,-,Bronze,Silver,Bronze,-,-,-,Bronze,-,-,-,-,-,-,-,-,Bronze,-,-,-,Gold,-,-,-,-,-,-,-,-,-,-,-,-,-,-,-,-,-,-,2009-10 Portland Trail Blazers,Portland Trail Blazers,2009-10,'10
dante-cunningham-2009-10-portland-trail-blazers,Dante Cunningham,2009-10 Portland Trail Blazers,PF / C,73,"6'8""",80,230,"6'11""",83,66.0,56.0,51.0,71.0,72.0,60.0,75.0,72,72,80,45,60,67,38,56,76,56,57,54,52,55,50,65,74,29,36,64,88,83,39,81,77,66,62,80,79,75,78,78,53,61,59,-,-,-,-,Silver,Silver,-,-,-,-,Bronze,-,-,-,-,-,-,-,-,-,-,-,-,-,-,-,-,-,-,-,-,-,-,-,-,-,-,-,-,-,2009-10 Portland Trail Blazers,Portland Trail Blazers,2009-10,'10
travis-diener-2009-10-portland-trail-blazers,Travis Diener,2009-10 Portland Trail Blazers,PG,72,"6'1""",73,175,"6'0""",72,74.0,43.0,78.0,70.0,54.0,39.0,80.0,79,84,79,50,75,79,44,30,70,73,44,30,29,25,79,79,79,79,74,69,74,82,74,84,46,61,37,45,67,46,57,60,63,36,41,-,-,-,Silver,-,-,-,-,-,-,-,-,-,-,-,-,-,-,-,-,-,-,-,-,-,-,-,-,-,-,-,-,-,-,-,-,-,-,-,-,2009-10 Portland Trail Blazers,Portland Trail Blazers,2009-10,'10
jeff-pendegraph-2009-10-portland-trail-blazers,Jeff Pendegraph,2009-10 Portland Trail Blazers,C / PF,71,"6'9""",81,240,"7'1""",85,62.0,65.0,40.0,67.0,58.0,79.0,60.0,75,77,72,30,80,40,50,75,75,69,60,60,60,70,37,40,40,37,44,48,75,80,55,80,62,68,80,50,72,69,48,40,45,79,78,-,-,-,-,-,-,-,-,-,-,-,-,-,-,-,-,-,-,-,-,-,-,-,-,-,-,-,-,-,-,-,-,-,-,-,-,-,-,-,-,2009-10 Portland Trail Blazers,Portland Trail Blazers,2009-10,'10
jeff-ayres-2009-10-portland-trail-blazers,Jeff Ayres,2009-10 Portland Trail Blazers,C,71,"6'9""",81,,,,62.0,65.0,40.0,67.0,58.0,79.0,60.0,75,77,72,30,80,40,50,75,75,69,60,60,60,70,37,40,40,37,44,48,75,80,55,80,62,68,80,50,72,69,48,40,45,79,78,-,-,-,-,-,-,-,-,-,-,-,-,-,-,-,-,-,-,-,-,-,-,-,-,-,-,-,-,-,-,-,-,-,-,-,-,-,-,-,-,2009-10 Portland Trail Blazers,Portland Trail Blazers,2009-10,'10
arvydas-sabonis-1999-00-portland-trail-blazers,Arvydas Sabonis,1999-00 Portland Trail Blazers,C / PF,86,"7'3""",87,279,"7'7""",91,81.0,73.0,58.0,64.0,69.0,82.0,90.0,87,84,81,75,90,70,71,60,90,52,84,60,85,85,38,64,88,74,25,28,72,83,40,83,84,57,73,80,85,84,71,28,61,89,74,-,-,-,Gold,-,Gold,Bronze,Silver,-,Silver,Silver,-,Gold,Gold,-,Gold,-,Bronze,Gold,Gold,-,-,-,-,Gold,Gold,-,Silver,-,-,-,-,Silver,-,Silver,Gold,-,Gold,-,-,1999-00 Portland Trail Blazers,Portland Trail Blazers,1999-00,'00
scottie-pippen-1999-00-portland-trail-blazers,Scottie Pippen,1999-00 Portland Trail Blazers,SF / SG,85,"6'8""",80,210,"7'0""",84,78.0,78.0,80.0,84.0,72.0,58.0,75.0,83,71,87,50,98,77,79,80,98,80,68,80,77,60,77,88,88,80,66,87,98,87,68,98,69,79,51,80,78,68,71,85,71,66,50,-,-,-,-,-,Silver,-,-,Silver,-,-,Bronze,-,Bronze,-,-,-,-,-,Bronze,-,-,-,-,Bronze,Gold,Gold,Silver,Silver,-,Silver,Silver,-,Silver,-,-,-,-,-,-,1999-00 Portland Trail Blazers,Portland Trail Blazers,1999-00,'00
steve-smith-1999-00-portland-trail-blazers,Steve Smith,1999-00 Portland Trail Blazers,SG / SF,82,"6'7""",79,200,"6'11""",83,84.0,68.0,65.0,76.0,66.0,49.0,85.0,82,85,92,75,85,83,71,60,87,77,70,51,67,60,76,68,70,49,63,79,80,84,67,90,70,60,47,70,70,60,74,77,61,44,53,Gold,Silver,-,-,Silver,-,Gold,-,Bronze,-,-,-,-,-,-,-,-,-,-,-,-,-,-,-,-,-,-,-,-,-,-,-,-,-,-,-,-,-,-,-,1999-00 Portland Trail Blazers,Portland Trail Blazers,1999-00,'00
damon-stoudamire-1999-00-portland-trail-blazers,Damon Stoudamire,1999-00 Portland Trail Blazers,PG,81,"5'10""",70,171,"6'1""",73,84.0,43.0,81.0,74.0,52.0,44.0,80.0,82,84,82,85,86,85,52,25,70,82,25,40,25,25,82,82,80,74,86,74,71,72,86,84,51,78,25,50,63,27,67,67,63,46,41,Silver,-,Gold,Gold,Gold,-,-,-,Gold,-,-,-,-,-,-,-,Bronze,Gold,-,-,-,Silver,-,-,-,-,-,-,-,-,-,-,-,-,-,-,-,-,-,-,1999-00 Portland Trail Blazers,Portland Trail Blazers,1999-00,'00
detlef-schrempf-1999-00-portland-trail-blazers,Detlef Schrempf,1999-00 Portland Trail Blazers,SF / PF,77,"6'9""",81,214,"7'0""",84,81.0,59.0,62.0,69.0,61.0,61.0,98.0,79,83,77,60,98,87,50,45,75,65,72,60,52,50,64,61,60,66,60,61,60,83,62,88,64,62,45,50,71,70,72,61,59,68,54,-,Silver,-,-,-,-,-,-,-,-,-,-,-,-,-,-,-,-,-,-,-,-,-,-,-,-,-,-,-,-,-,-,-,-,-,-,-,-,-,-,1999-00 Portland Trail Blazers,Portland Trail Blazers,1999-00,'00
stacey-augmon-1999-00-portland-trail-blazers,Stacey Augmon,1999-00 Portland Trail Blazers,SG / SF,76,"6'8""",80,205,"7'0""",84,68.0,64.0,59.0,75.0,71.0,59.0,85.0,68,67,72,40,89,74,64,75,72,86,57,63,40,55,75,56,55,44,67,77,86,78,64,95,42,82,51,75,83,66,80,75,67,55,62,-,-,-,-,-,-,Gold,-,Silver,-,-,-,-,-,-,-,-,-,-,-,-,-,-,-,-,-,-,-,-,-,-,-,-,-,-,-,-,-,-,-,1999-00 Portland Trail Blazers,Portland Trail Blazers,1999-00,'00
brian-grant-1999-00-portland-trail-blazers,Brian Grant,1999-00 Portland Trail Blazers,PF / SF,76,"6'9""",81,254,"7'1""",85,64.0,61.0,38.0,68.0,66.0,82.0,98.0,74,67,74,65,77,25,72,61,54,52,60,68,62,55,35,29,64,34,27,37,90,81,56,78,73,60,56,75,78,80,74,37,60,82,82,-,-,-,-,-,-,-,-,-,-,-,-,-,-,-,-,-,-,-,-,-,-,-,-,-,-,-,-,-,-,-,-,-,-,-,Silver,Gold,-,-,-,1999-00 Portland Trail Blazers,Portland Trail Blazers,1999-00,'00
jermaine-oneal-1999-00-portland-trail-blazers,Jermaine O’Neal,1999-00 Portland Trail Blazers,C / PF,76,"6'11""",83,226,"7'3""",87,60.0,70.0,48.0,66.0,63.0,79.0,50.0,74,58,71,55,75,25,69,55,82,82,72,69,63,65,74,34,35,28,69,28,59,73,75,72,72,84,83,65,79,72,59,28,55,68,90,-,-,-,-,-,Silver,-,-,-,Bronze,-,Bronze,Bronze,Gold,-,-,-,-,-,-,-,-,-,-,-,-,-,-,-,-,-,-,-,-,-,Gold,Gold,Gold,Gold,-,1999-00 Portland Trail Blazers,Portland Trail Blazers,1999-00,'00
bonzi-wells-1999-00-portland-trail-blazers,Bonzi Wells,1999-00 Portland Trail Blazers,SF / SG,76,"6'5""",77,210,"6'9""",81,68.0,64.0,63.0,78.0,73.0,58.0,60.0,69,68,65,55,78,74,69,85,85,73,68,48,33,50,70,60,62,59,63,77,95,78,76,80,58,80,45,70,73,72,90,74,90,50,65,-,-,-,-,-,-,-,-,-,-,-,-,-,-,-,-,-,-,-,-,-,-,-,-,-,-,-,-,Silver,Gold,Silver,Silver,-,-,Silver,-,-,-,-,-,1999-00 Portland Trail Blazers,Portland Trail Blazers,1999-00,'00
greg-anthony-1999-00-portland-trail-blazers,Greg Anthony,1999-00 Portland Trail Blazers,PG / SG,75,"6'0""",72,176,"6'3""",75,76.0,45.0,79.0,75.0,51.0,39.0,85.0,79,77,74,80,67,80,71,25,80,76,25,29,25,25,84,82,82,70,79,78,84,80,79,84,44,75,35,60,60,32,42,64,65,46,32,-,-,-,Bronze,-,-,-,-,-,-,-,-,-,-,-,-,-,-,-,-,-,-,-,-,-,-,-,-,-,-,-,-,-,-,-,-,-,-,-,-,1999-00 Portland Trail Blazers,Portland Trail Blazers,1999-00,'00
joe-kleine-1999-00-portland-trail-blazers,Joe Kleine,1999-00 Portland Trail Blazers,C,73,"6'11""",83,255,"7'3""",87,73.0,68.0,35.0,64.0,57.0,76.0,70.0,76,79,78,75,70,57,55,65,85,62,69,69,69,70,46,32,44,29,25,37,80,76,38,80,65,74,67,65,65,67,60,37,40,73,78,-,-,-,-,-,-,-,-,-,-,-,-,-,-,-,-,-,-,-,-,-,-,-,-,-,-,-,-,-,-,-,-,-,-,-,-,-,-,-,-,1999-00 Portland Trail Blazers,Portland Trail Blazers,1999-00,'00
antonio-harvey-1999-00-portland-trail-blazers,Antonio Harvey,1999-00 Portland Trail Blazers,PF,70,"6'11""",83,225,"7'3""",87,50.0,62.0,39.0,73.0,58.0,56.0,85.0,55,51,47,55,69,25,47,70,83,59,57,47,60,70,47,45,26,25,54,67,73,80,67,85,63,73,77,65,61,65,48,45,46,68,43,-,-,-,-,-,-,-,-,-,-,-,-,-,-,-,-,-,-,-,-,-,-,-,-,-,-,-,-,-,-,-,-,-,-,-,-,-,-,-,-,1999-00 Portland Trail Blazers,Portland Trail Blazers,1999-00,'00
gary-grant-1999-00-portland-trail-blazers,Gary Grant,1999-00 Portland Trail Blazers,PG,67,"6'3""",75,185,"6'5""",77,66.0,44.0,66.0,75.0,45.0,39.0,85.0,68,77,68,60,64,60,58,25,80,60,25,44,36,25,71,64,60,61,73,62,77,75,74,91,50,98,35,45,50,27,45,54,62,43,35,-,-,-,-,-,-,-,-,-,-,-,-,-,-,-,-,-,Bronze,Bronze,Silver,-,-,-,-,Bronze,-,Bronze,-,-,Silver,-,-,-,-,-,-,-,-,-,-,1999-00 Portland Trail Blazers,Portland Trail Blazers,1999-00,'00
chris-mullin-1990-91-golden-state-warriors,Chris Mullin,1990-91 Golden State Warriors,SF / SG,89,"6'7""",79,200,"6'10""",82,92.0,64.0,68.0,84.0,79.0,49.0,60.0,92,88,91,98,90,90,78,45,98,84,55,72,44,38,75,69,69,66,63,87,98,95,64,98,76,68,59,95,89,66,85,84,73,50,48,Gold,Gold,-,-,Gold,-,-,-,Silver,-,-,-,-,-,-,-,-,-,-,-,-,-,-,-,-,-,-,-,-,-,-,-,-,-,-,-,-,-,-,Gold,1990-91 Golden State Warriors,Golden State Warriors,1990-91,'91
tim-hardaway-1990-91-golden-state-warriors,Tim Hardaway,1990-91 Golden State Warriors,PG / SG,87,"6'0""",72,175,"6'3""",75,84.0,52.0,91.0,83.0,63.0,43.0,60.0,86,80,85,90,80,82,70,25,87,92,33,55,25,25,97,93,94,82,89,90,86,85,89,95,70,69,30,80,70,40,52,84,86,46,40,-,-,-,Bronze,Silver,-,Silver,-,Gold,-,Bronze,-,-,-,-,-,Gold,Silver,-,Gold,Gold,Gold,Silver,Silver,Gold,-,Gold,-,-,Bronze,-,-,-,Silver,-,-,-,-,-,-,1990-91 Golden State Warriors,Golden State Warriors,1990-91,'91
mitch-richmond-1990-91-golden-state-warriors,Mitch Richmond,1990-91 Golden State Warriors,SG / SF,86,"6'5""",77,215,"6'8""",80,90.0,63.0,61.0,80.0,63.0,52.0,98.0,90,84,95,95,95,81,75,57,82,90,48,74,36,45,80,55,55,44,72,77,81,90,68,92,71,78,42,80,74,50,58,75,64,52,52,Gold,Silver,-,-,Gold,-,Bronze,-,Silver,-,Bronze,-,-,-,-,-,-,-,Silver,-,-,-,-,-,-,-,-,-,-,-,-,-,-,-,-,-,-,-,-,Gold,1990-91 Golden State Warriors,Golden State Warriors,1990-91,'91
sarunas-marciulionis-1990-91-golden-state-warriors,Sarunas Marciulionis,1990-91 Golden State Warriors,SG / PG,79,"6'5""",77,200,"6'8""",80,80.0,65.0,71.0,77.0,65.0,48.0,80.0,86,73,79,85,80,76,89,65,75,89,51,51,52,44,80,75,82,45,75,74,89,75,73,87,62,80,30,70,75,45,74,75,83,43,53,-,-,-,-,-,-,-,-,-,-,-,-,-,-,-,-,-,-,-,-,-,-,-,-,-,-,-,-,-,-,-,-,-,-,-,-,-,-,-,-,1990-91 Golden State Warriors,Golden State Warriors,1990-91,'91
tyrone-hill-1990-91-golden-state-warriors,Tyrone Hill,1990-91 Golden State Warriors,PF,76,"6'9""",81,240,"7'0""",84,62.0,64.0,56.0,66.0,64.0,84.0,98.0,68,63,57,60,98,25,71,60,65,48,70,47,64,86,45,59,90,55,30,44,85,79,46,80,77,50,55,65,72,77,77,44,60,78,90,-,-,-,-,-,Silver,-,-,-,-,-,-,-,-,-,-,-,-,-,-,-,-,-,-,-,Bronze,-,-,-,-,-,-,-,-,-,Bronze,Bronze,Bronze,-,-,1990-91 Golden State Warriors,Golden State Warriors,1990-91,'91
rod-higgins-1990-91-golden-state-warriors,Rod Higgins,1990-91 Golden State Warriors,SF / PF,75,"6'7""",79,200,"6'10""",82,73.0,61.0,52.0,71.0,58.0,57.0,98.0,78,81,75,60,65,80,69,69,69,66,52,60,40,62,64,51,53,33,57,73,63,85,67,73,66,68,51,60,70,45,54,67,59,59,54,-,-,-,-,-,-,-,-,-,-,-,-,-,-,-,-,-,-,-,-,-,-,-,-,-,-,-,-,-,-,-,-,-,-,-,-,-,-,-,-,1990-91 Golden State Warriors,Golden State Warriors,1990-91,'91
mario-elie-1990-91-golden-state-warriors,Mario Elie,1990-91 Golden State Warriors,SG / SF,74,"6'5""",77,210,"6'8""",80,80.0,53.0,63.0,70.0,57.0,58.0,95.0,72,84,79,80,80,84,73,70,74,64,29,55,25,30,69,70,74,37,63,61,85,84,55,78,68,60,47,60,55,56,60,57,61,52,64,-,-,-,-,-,-,-,-,-,-,-,-,-,-,-,-,-,-,-,-,-,-,-,-,-,-,-,-,-,-,-,-,-,-,-,-,-,-,-,-,1990-91 Golden State Warriors,Golden State Warriors,1990-91,'91
alton-lister-1990-91-golden-state-warriors,Alton Lister,1990-91 Golden State Warriors,C / PF,74,"7'0""",84,240,"7'4""",88,51.0,54.0,36.0,55.0,69.0,77.0,98.0,65,56,35,55,65,28,72,46,58,37,44,38,61,75,34,45,40,34,29,28,60,80,35,65,70,45,73,85,84,82,78,28,55,87,66,-,-,-,-,-,Gold,-,-,-,-,-,-,-,-,-,Bronze,-,-,-,-,-,-,-,-,-,-,-,-,-,-,-,-,-,-,-,Gold,-,Gold,-,-,1990-91 Golden State Warriors,Golden State Warriors,1990-91,'91
les-jepsen-1990-91-golden-state-warriors,Les Jepsen,1990-91 Golden State Warriors,C,72,"7'0""",84,237,"7'4""",88,54.0,65.0,31.0,63.0,55.0,80.0,85.0,69,63,25,65,75,25,52,65,74,60,66,66,66,70,43,34,25,28,25,58,83,75,32,84,70,38,60,65,65,68,57,38,35,78,82,-,-,-,-,-,-,-,-,-,-,-,-,-,-,-,-,-,-,-,-,-,-,-,-,-,-,-,-,-,-,-,-,-,-,-,-,-,-,-,-,1990-91 Golden State Warriors,Golden State Warriors,1990-91,'91
vincent-askew-1990-91-golden-state-warriors,Vincent Askew,1990-91 Golden State Warriors,SG / SF,69,"6'6""",78,210,"6'9""",81,66.0,56.0,68.0,67.0,54.0,52.0,80.0,71,81,66,65,70,43,72,76,70,65,33,44,25,60,69,70,74,70,56,64,66,79,60,75,55,70,25,65,64,50,58,60,58,37,67,-,-,-,-,-,-,-,-,-,-,-,-,-,-,-,-,-,-,-,-,-,-,-,-,-,-,-,-,-,-,-,-,-,-,-,-,-,-,-,-,1990-91 Golden State Warriors,Golden State Warriors,1990-91,'91
jim-petersen-1990-91-golden-state-warriors,Jim Petersen,1990-91 Golden State Warriors,C,69,"6'10""",82,235,"7'0""",84,55.0,61.0,40.0,61.0,54.0,75.0,80.0,69,70,60,55,50,27,40,55,78,54,69,62,64,65,45,42,48,39,25,35,70,83,37,79,69,54,59,50,70,70,42,37,52,75,74,-,-,-,-,-,-,-,-,-,-,-,-,-,-,-,-,-,-,-,-,-,-,-,-,-,-,-,-,-,-,-,-,-,-,-,Gold,-,-,-,-,1990-91 Golden State Warriors,Golden State Warriors,1990-91,'91
tom-tolbert-1990-91-golden-state-warriors,Tom Tolbert,1990-91 Golden State Warriors,PF / C,68,"6'7""",79,235,"6'10""",82,71.0,54.0,41.0,61.0,58.0,62.0,65.0,74,73,72,65,75,64,71,46,69,46,44,52,48,55,57,46,46,33,25,47,77,76,45,65,62,57,56,65,64,65,52,47,59,63,60,-,-,-,-,-,-,-,-,-,-,-,-,-,-,-,-,-,-,-,-,-,-,-,-,-,-,-,-,-,-,-,-,-,-,-,-,-,-,-,-,1990-91 Golden State Warriors,Golden State Warriors,1990-91,'91
paul-mokeski-1990-91-golden-state-warriors,Paul Mokeski,1990-91 Golden State Warriors,C / PF,66,"7'0""",84,250,"7'4""",88,70.0,48.0,40.0,47.0,56.0,71.0,60.0,70,80,61,70,75,64,53,40,80,25,58,45,48,35,33,51,60,29,25,25,50,76,25,55,70,25,42,70,65,69,60,25,61,76,66,-,-,-,-,-,-,-,-,-,-,-,-,-,-,-,-,-,-,-,-,-,-,-,-,-,-,-,-,-,-,-,-,-,-,-,-,-,-,-,-,1990-91 Golden State Warriors,Golden State Warriors,1990-91,'91
kevin-durant-2016-17-golden-state-warriors,Kevin Durant,2016-17 Golden State Warriors,SF / PF,98,"6'9""",81,240,"7'5""",89,95.0,86.0,81.0,84.0,78.0,51.0,80.0,97,89,98,98,98,88,90,85,98,94,86,88,84,60,86,79,84,77,80,87,98,88,80,98,63,77,66,95,85,70,84,86,58,69,32,HOF,Gold,-,Gold,HOF,Silver,Bronze,-,Silver,-,Gold,-,-,-,-,-,Bronze,Bronze,Silver,-,Silver,Silver,Silver,Silver,Silver,Bronze,Bronze,-,Bronze,-,-,Bronze,-,-,-,-,-,-,-,Gold,2016-17 Golden State Warriors,Golden State Warriors,2016-17,'17
stephen-curry-2016-17-golden-state-warriors,Stephen Curry,2016-17 Golden State Warriors,PG,97,"6'3""",75,190,"6'4""",76,94.0,57.0,92.0,82.0,68.0,46.0,80.0,90,90,93,98,95,99,80,36,98,95,35,52,35,25,97,96,96,88,85,84,98,86,85,98,48,78,37,80,82,30,95,82,70,53,38,HOF,HOF,HOF,Gold,HOF,-,Gold,-,Gold,-,-,-,-,-,-,-,Gold,Gold,Silver,Bronze,Gold,Gold,Gold,Gold,Gold,-,-,-,-,Bronze,-,-,-,-,-,-,-,-,-,Gold,2016-17 Golden State Warriors,Golden State Warriors,2016-17,'17
klay-thompson-2016-17-golden-state-warriors,Klay Thompson,2016-17 Golden State Warriors,SG / SF,91,"6'7""",79,215,"6'9""",81,93.0,67.0,73.0,79.0,77.0,42.0,60.0,85,87,94,98,98,97,79,65,90,88,68,78,35,35,76,77,80,66,67,94,85,94,69,91,55,67,51,95,90,64,88,91,59,47,36,Gold,HOF,-,Gold,Gold,-,Bronze,-,-,-,-,-,-,-,-,-,-,Bronze,-,-,-,-,-,-,-,Gold,Silver,-,Gold,Bronze,Gold,Gold,-,Gold,-,-,-,-,-,HOF,2016-17 Golden State Warriors,Golden State Warriors,2016-17,'17
draymond-green-2016-17-golden-state-warriors,Draymond Green,2016-17 Golden State Warriors,PF / C,86,"6'7""",79,230,"7'1""",85,67.0,66.0,80.0,82.0,88.0,58.0,90.0,71,70,65,40,80,73,44,70,80,75,69,64,68,55,77,84,92,77,72,69,98,88,74,88,90,66,80,98,97,97,92,69,85,66,50,-,-,-,Bronze,-,Bronze,-,-,-,-,-,-,Bronze,-,-,-,-,-,Gold,Silver,-,-,-,-,Silver,Bronze,Gold,Silver,Silver,Silver,-,Silver,Gold,-,Gold,-,-,Gold,-,-,2016-17 Golden State Warriors,Golden State Warriors,2016-17,'17
david-west-2016-17-golden-state-warriors,David West,2016-17 Golden State Warriors,PF,77,"6'9""",81,250,"7'4""",88,80.0,67.0,49.0,59.0,69.0,67.0,80.0,93,75,89,65,85,71,50,50,70,63,78,83,80,60,40,55,52,70,30,43,55,80,30,70,82,50,88,45,74,80,60,68,70,70,63,-,-,-,-,-,-,-,-,-,-,-,-,-,-,-,-,-,-,-,-,-,-,-,-,-,-,-,-,-,-,-,-,-,-,-,-,-,Bronze,-,-,2016-17 Golden State Warriors,Golden State Warriors,2016-17,'17
zaza-pachulia-2016-17-golden-state-warriors,Zaza Pachulia,2016-17 Golden State Warriors,C,76,"6'11""",83,270,"7'3""",87,63.0,56.0,30.0,64.0,70.0,76.0,98.0,79,78,72,45,80,25,54,50,43,50,67,60,67,55,35,29,26,25,35,40,85,84,54,72,78,38,77,75,77,80,67,55,62,78,74,-,-,-,-,-,-,-,-,-,-,-,-,-,-,-,-,-,-,-,-,-,-,-,-,-,-,-,-,-,-,-,-,-,-,Bronze,Gold,Silver,Gold,-,-,2016-17 Golden State Warriors,Golden State Warriors,2016-17,'17
kevon-looney-2016-17-golden-state-warriors,Kevon Looney,2016-17 Golden State Warriors,PF / C,75,"6'9""",81,220,"7'4""",88,63.0,59.0,52.0,69.0,71.0,82.0,70.0,51,62,60,55,88,59,52,50,66,77,62,52,55,55,60,56,66,36,43,61,82,84,60,85,45,63,74,75,75,74,74,61,61,79,84,-,-,-,-,-,Bronze,-,-,-,-,-,-,-,-,-,-,-,-,-,-,-,-,-,-,-,-,-,-,-,-,-,-,-,-,-,Silver,-,-,-,-,2016-17 Golden State Warriors,Golden State Warriors,2016-17,'17
matt-barnes-2016-17-golden-state-warriors,Matt Barnes,2016-17 Golden State Warriors,SF / PF,73,"6'7""",79,226,"6'9""",81,61.0,57.0,59.0,80.0,64.0,52.0,80.0,74,73,52,30,60,77,45,68,81,72,42,52,52,40,60,62,56,61,58,76,85,77,74,94,69,85,52,65,75,60,68,70,60,56,47,-,-,-,-,-,-,-,-,-,-,-,-,-,-,-,-,-,-,-,-,-,-,-,-,Bronze,-,Silver,-,-,-,-,-,-,-,-,-,-,-,-,-,2016-17 Golden State Warriors,Golden State Warriors,2016-17,'17
damian-jones-2016-17-golden-state-warriors,Damian Jones,2016-17 Golden State Warriors,C,72,"6'11""",83,245,"7'4""",88,66.0,64.0,37.0,74.0,55.0,64.0,40.0,84,72,66,35,80,57,44,75,80,75,70,40,52,75,35,34,48,30,38,42,85,78,63,80,80,92,74,45,73,73,40,40,42,65,62,-,-,-,-,-,Silver,-,-,-,-,-,-,-,-,-,Bronze,-,-,-,-,-,-,-,-,-,-,-,-,-,-,-,-,-,-,-,-,-,-,Bronze,-,2016-17 Golden State Warriors,Golden State Warriors,2016-17,'17
shaun-livingston-2016-17-golden-state-warriors,Shaun Livingston,2016-17 Golden State Warriors,PG / SG,70,"6'7""",79,192,"6'11""",83,73.0,64.0,75.0,71.0,62.0,42.0,25.0,96,70,75,45,74,76,54,69,88,77,58,73,50,40,77,85,88,52,73,85,75,77,69,89,40,60,51,70,71,51,74,76,42,48,36,-,-,-,-,-,-,-,-,-,-,-,-,-,-,-,-,-,-,-,-,-,-,-,-,-,-,-,-,-,-,-,-,-,-,-,-,-,-,-,-,2016-17 Golden State Warriors,Golden State Warriors,2016-17,'17
andre-iguodala-2016-17-golden-state-warriors,Andre Iguodala,2016-17 Golden State Warriors,SF / PF,80,"6'6""",78,215,"6'11""",83,70.0,61.0,74.0,66.0,78.0,49.0,90.0,73,61,82,60,64,78,32,80,75,73,59,57,56,55,80,73,78,64,75,,85,82,75,80,68,75,55,85,85,80,86,90,63,58,40,-,-,-,-,-,-,-,-,-,-,-,-,-,-,-,-,-,-,-,-,-,-,-,-,-,-,-,-,-,-,-,-,-,-,-,-,-,-,-,-,2016-17 Golden State Warriors,Golden State Warriors,2016-17,'17
javale-mcgee-2016-17-golden-state-warriors,JaVale McGee,2016-17 Golden State Warriors,C,78,"7'0""",84,270,"7'6""",90,65.0,66.0,33.0,71.0,66.0,81.0,98.0,79,66,64,65,70,43,55,90,37,64,64,58,63,95,35,25,48,30,26,53,75,80,65,78,75,69,89,55,84,75,67,47,42,80,82,-,-,-,-,-,-,-,-,-,-,-,-,-,-,-,-,-,-,-,-,-,-,-,-,-,-,-,-,-,-,-,-,-,-,-,-,-,-,-,-,2016-17 Golden State Warriors,Golden State Warriors,2016-17,'17
baron-davis-2006-07-golden-state-warriors,Baron  Davis,2006-07 Golden State Warriors,PG,88,"6'3""",75,195,"6'6""",78,79.0,61.0,90.0,86.0,73.0,59.0,80.0,74,75,82,90,80,74,80,85,84,92,42,39,38,25,92,88,92,88,88,87,95,84,88,90,66,89,40,85,84,25,96,85,95,62,55,Gold,-,Silver,Silver,Gold,-,Gold,-,Silver,-,-,-,-,-,Bronze,-,Silver,Gold,-,Bronze,Silver,Silver,Silver,Silver,Silver,-,-,-,-,Silver,-,-,-,-,-,-,-,-,-,Bronze,2006-07 Golden State Warriors,Golden State Warriors,2006-07,'07
al-harrington-2006-07-golden-state-warriors,Al Harrington,2006-07 Golden State Warriors,PF / SF,83,"6'9""",81,230,"7'0""",84,82.0,71.0,64.0,76.0,69.0,73.0,75.0,73,69,81,85,95,89,48,85,85,70,76,80,78,45,70,62,72,54,62,58,80,80,69,95,68,85,65,65,74,74,74,58,74,75,70,-,Bronze,-,Gold,Gold,-,-,-,-,-,-,-,-,-,-,-,-,-,-,-,-,-,-,-,-,-,-,-,-,-,-,-,-,-,-,-,-,-,-,-,2006-07 Golden State Warriors,Golden State Warriors,2006-07,'07
monta-ellis-2006-07-golden-state-warriors,Monta Ellis,2006-07 Golden State Warriors,SG,81,"6'3""",75,185,"6'3""",75,82.0,62.0,81.0,75.0,59.0,40.0,70.0,88,83,82,90,80,70,80,62,74,91,53,63,45,25,86,79,79,71,92,63,75,78,87,98,48,75,51,55,63,35,64,63,79,47,33,-,-,-,-,Bronze,-,Silver,-,Gold,-,Bronze,-,-,-,-,-,Silver,Bronze,-,Bronze,-,Gold,-,-,-,-,Gold,-,-,-,-,-,-,-,-,-,-,-,-,-,2006-07 Golden State Warriors,Golden State Warriors,2006-07,'07
jason-richardson-2006-07-golden-state-warriors,Jason Richardson,2006-07 Golden State Warriors,SG / SF,80,"6'6""",78,225,"7'0""",84,81.0,79.0,72.0,84.0,71.0,61.0,50.0,75,66,71,95,95,81,48,98,93,83,77,78,65,90,83,76,58,62,79,81,85,70,94,97,64,98,49,85,75,67,69,78,71,71,50,-,-,-,-,-,HOF,-,-,Silver,-,-,-,-,-,HOF,-,-,-,-,-,-,-,-,-,-,-,-,-,-,-,-,-,-,-,-,-,-,-,-,-,2006-07 Golden State Warriors,Golden State Warriors,2006-07,'07
stephen-jackson-2006-07-golden-state-warriors,Stephen Jackson,2006-07 Golden State Warriors,SF,80,"6'8""",80,230,"6'10""",82,74.0,66.0,74.0,74.0,64.0,57.0,90.0,40,81,82,85,78,78,55,70,76,82,66,75,60,45,78,75,74,75,67,81,73,82,71,90,43,81,56,65,74,63,51,77,65,65,48,-,-,-,-,Silver,-,-,-,-,-,-,-,-,-,-,-,-,-,-,-,-,-,-,-,-,-,-,-,-,-,-,-,-,-,-,-,-,-,-,Bronze,2006-07 Golden State Warriors,Golden State Warriors,2006-07,'07
mickael-pietrus-2006-07-golden-state-warriors,Mickael Pietrus,2006-07 Golden State Warriors,SF,77,"6'6""",78,215,"6'10""",82,74.0,60.0,58.0,77.0,70.0,60.0,80.0,69,68,75,65,84,83,50,70,72,79,54,54,57,40,68,61,68,30,65,79,87,78,68,84,65,78,55,75,79,58,75,75,70,63,57,-,-,-,-,-,-,-,-,-,-,-,-,-,-,-,-,-,-,-,-,-,-,-,-,-,-,-,-,-,-,-,-,-,-,-,-,-,-,-,-,2006-07 Golden State Warriors,Golden State Warriors,2006-07,'07
adonal-foyle-2006-07-golden-state-warriors,Adonal Foyle,2006-07 Golden State Warriors,C,77,"7'0""",84,263,"7'6""",90,49.0,59.0,37.0,71.0,73.0,86.0,60.0,92,44,45,35,50,25,44,49,75,50,66,52,67,65,35,32,59,27,30,56,85,85,40,85,88,60,90,85,88,87,47,56,58,83,88,-,-,-,-,-,Bronze,-,-,-,-,-,-,-,-,-,-,-,-,-,-,-,-,-,-,-,Silver,-,-,-,-,-,-,Silver,-,Silver,Gold,Silver,Silver,-,-,2006-07 Golden State Warriors,Golden State Warriors,2006-07,'07
matt-barnes-2006-07-golden-state-warriors,Matt Barnes,2006-07 Golden State Warriors,SF / PF,76,"6'7""",79,226,"6'9""",81,65.0,57.0,59.0,81.0,68.0,62.0,90.0,72,73,74,30,60,82,45,68,81,72,42,52,52,40,60,62,56,61,58,81,85,77,74,94,69,85,52,70,75,74,68,80,60,76,47,-,-,-,-,-,-,-,-,-,-,-,-,-,-,-,-,-,-,-,-,-,-,-,-,Bronze,-,-,-,-,-,-,-,-,-,-,-,-,-,-,-,2006-07 Golden State Warriors,Golden State Warriors,2006-07,'07
kelenna-azubuike-2006-07-golden-state-warriors,Kelenna Azubuike,2006-07 Golden State Warriors,SG / SF,73,"6'5""",77,220,"6'8""",80,67.0,59.0,73.0,74.0,58.0,50.0,80.0,42,78,72,45,79,84,50,85,82,76,45,59,32,40,79,75,77,66,67,76,85,72,83,82,44,74,52,60,64,33,65,74,61,57,43,-,-,-,-,-,-,-,-,-,-,-,-,-,-,-,-,-,-,-,-,-,-,-,-,-,-,-,-,-,-,-,-,-,-,-,-,-,-,-,-,2006-07 Golden State Warriors,Golden State Warriors,2006-07,'07
josh-powell-2006-07-golden-state-warriors,Josh Powell,2006-07 Golden State Warriors,PF,70,"6'9""",81,225,"7'1""",85,62.0,59.0,38.0,59.0,54.0,74.0,85.0,79,73,61,65,71,25,49,60,51,60,75,56,69,50,44,35,35,44,31,36,62,81,31,77,69,55,55,50,68,68,55,36,48,75,72,-,-,-,-,-,-,-,-,-,-,-,-,-,-,-,-,-,-,-,-,-,-,-,-,-,-,-,-,-,-,-,-,-,-,-,-,-,-,-,-,2006-07 Golden State Warriors,Golden State Warriors,2006-07,'07
patrick-obryant-2006-07-golden-state-warriors,Patrick O’Bryant,2006-07 Golden State Warriors,C,69,"7'0""",84,249,"7'6""",90,47.0,67.0,40.0,73.0,66.0,57.0,40.0,25,64,47,50,72,25,34,70,80,69,69,66,69,75,35,37,52,40,38,62,80,82,64,80,71,69,85,50,75,76,40,60,73,58,56,-,-,-,-,-,-,-,-,-,-,-,-,-,-,-,-,-,-,-,-,-,-,-,-,-,-,-,-,-,-,-,-,-,-,-,-,-,-,-,-,2006-07 Golden State Warriors,Golden State Warriors,2006-07,'07
stephen-curry-2015-16-golden-state-warriors,Stephen Curry,2015-16 Golden State Warriors,PG,97,"6'3""",75,190,"6'4""",76,95.0,58.0,92.0,83.0,69.0,46.0,80.0,90,91,93,98,98,99,84,36,98,97,35,52,35,25,97,96,96,88,85,89,98,86,85,98,48,78,37,80,82,30,95,82,77,53,38,HOF,HOF,HOF,Gold,HOF,-,Gold,-,Gold,-,-,-,-,-,-,-,Gold,Gold,Silver,Bronze,Gold,Gold,Gold,Gold,Gold,-,-,-,-,Bronze,-,-,-,-,-,-,-,-,-,Gold,2015-16 Golden State Warriors,Golden State Warriors,2015-16,'16
klay-thompson-2015-16-golden-state-warriors,Klay Thompson,2015-16 Golden State Warriors,SG / SF,91,"6'7""",79,215,"6'9""",81,92.0,67.0,74.0,79.0,77.0,42.0,60.0,75,87,94,98,98,97,79,65,90,88,68,78,35,35,76,77,80,70,67,94,85,94,69,91,55,67,51,95,90,64,88,91,59,47,36,Gold,HOF,-,Gold,Gold,-,Bronze,-,-,-,-,-,-,-,-,-,-,Bronze,-,-,-,-,-,-,-,Gold,Silver,-,Gold,Bronze,Gold,Gold,-,Gold,-,-,-,-,-,HOF,2015-16 Golden State Warriors,Golden State Warriors,2015-16,'16
draymond-green-2015-16-golden-state-warriors,Draymond Green,2015-16 Golden State Warriors,PF / C,89,"6'7""",79,230,"7'1""",85,77.0,71.0,79.0,83.0,88.0,70.0,80.0,75,70,68,65,98,85,60,74,98,79,69,64,68,55,77,84,84,77,72,69,98,88,74,93,90,66,80,98,97,97,92,69,85,85,54,-,-,-,Bronze,-,Bronze,-,-,-,-,-,-,Bronze,-,-,-,-,-,Gold,Silver,-,-,-,-,Silver,HOF,Gold,Silver,Silver,Silver,-,Silver,Gold,-,Gold,Bronze,-,Gold,-,-,2015-16 Golden State Warriors,Golden State Warriors,2015-16,'16
harrison-barnes-2015-16-golden-state-warriors,Harrison Barnes,2015-16 Golden State Warriors,SF / PF,79,"6'8""",80,225,"6'11""",83,78.0,64.0,59.0,83.0,59.0,51.0,80.0,82,76,92,50,84,85,56,81,80,78,48,67,48,55,74,43,77,34,69,80,78,82,78,92,70,98,37,60,65,54,65,75,59,58,43,-,Silver,-,-,-,Gold,-,-,-,-,-,-,-,-,-,-,-,-,-,-,-,-,-,-,-,-,-,-,-,-,-,-,-,-,-,-,-,-,-,-,2015-16 Golden State Warriors,Golden State Warriors,2015-16,'16
andrew-bogut-2015-16-golden-state-warriors,Andrew Bogut,2015-16 Golden State Warriors,C,78,"7'0""",84,260,"7'3""",87,53.0,63.0,45.0,61.0,70.0,85.0,80.0,79,48,43,40,74,33,38,60,77,52,69,60,72,75,38,41,68,52,25,28,72,73,40,78,80,57,84,80,85,84,71,28,59,91,78,-,-,-,-,-,Silver,-,-,-,-,-,-,-,-,-,-,-,-,-,-,-,-,-,-,-,Gold,-,-,-,-,-,-,Gold,-,Silver,Gold,-,Gold,Silver,-,2015-16 Golden State Warriors,Golden State Warriors,2015-16,'16
marreese-speights-2015-16-golden-state-warriors,Marreese Speights,2015-16 Golden State Warriors,C,77,"6'10""",82,255,"7'1""",85,83.0,66.0,37.0,63.0,44.0,61.0,98.0,84,77,86,75,98,80,74,50,85,52,70,70,70,55,35,35,58,34,25,30,85,82,30,88,81,45,37,45,60,60,45,30,30,62,60,-,-,-,Silver,-,-,-,-,-,-,-,-,-,-,-,-,-,-,-,-,-,-,-,-,-,-,-,-,-,-,-,-,-,-,-,-,-,-,-,-,2015-16 Golden State Warriors,Golden State Warriors,2015-16,'16
festus-ezeli-2015-16-golden-state-warriors,Festus Ezeli,2015-16 Golden State Warriors,C,76,"6'11""",83,265,"7'6""",90,57.0,69.0,45.0,62.0,61.0,84.0,80.0,70,60,25,65,99,25,55,70,99,74,60,60,60,75,35,74,59,31,25,30,80,78,30,85,70,59,70,70,71,72,50,35,58,82,86,-,-,-,-,-,Bronze,-,-,-,-,-,-,-,-,-,Bronze,-,-,-,-,-,-,-,-,-,-,-,-,-,-,-,-,-,-,-,Bronze,Bronze,Silver,-,-,2015-16 Golden State Warriors,Golden State Warriors,2015-16,'16
shaun-livingston-2015-16-golden-state-warriors,Shaun Livingston,2015-16 Golden State Warriors,PG / SG,74,"6'7""",79,192,"6'11""",83,73.0,64.0,78.0,71.0,65.0,42.0,78.0,93,86,92,45,74,45,54,69,88,77,58,73,50,40,77,85,88,69,73,85,75,77,69,89,40,60,51,70,71,51,74,76,61,48,36,-,-,-,-,-,-,-,-,-,-,-,-,-,-,-,-,-,-,-,-,-,-,-,-,-,-,-,-,-,-,-,-,-,-,-,-,-,-,-,-,2015-16 Golden State Warriors,Golden State Warriors,2015-16,'16
leandro-barbosa-2015-16-golden-state-warriors,Leandro Barbosa,2015-16 Golden State Warriors,SG,73,"6'3""",75,194,"6'6""",78,79.0,46.0,66.0,67.0,48.0,42.0,80.0,65,84,90,70,85,80,61,25,74,78,30,47,30,25,78,58,65,50,80,61,73,77,73,80,42,66,42,40,60,36,42,57,61,50,33,-,-,-,Bronze,-,-,-,-,-,-,-,-,-,-,-,-,-,-,-,-,-,Gold,-,-,Bronze,-,-,-,-,-,-,-,-,-,-,-,-,-,-,-,2015-16 Golden State Warriors,Golden State Warriors,2015-16,'16
anderson-varejao-2015-16-golden-state-warriors,Anderson Varejao,2015-16 Golden State Warriors,C,72,"6'11""",83,273,"7'3""",87,59.0,62.0,44.0,61.0,64.0,74.0,35.0,82,55,66,40,88,25,58,52,62,68,68,57,63,65,35,58,64,39,25,37,85,70,46,65,65,58,65,70,79,73,60,37,61,82,66,-,-,-,-,-,-,-,-,-,-,-,-,-,-,-,-,-,-,-,-,-,-,-,-,-,Bronze,-,-,-,-,-,-,-,-,-,Gold,Gold,-,-,-,2015-16 Golden State Warriors,Golden State Warriors,2015-16,'16
kevon-looney-2015-16-golden-state-warriors,Kevon Looney,2015-16 Golden State Warriors,PF / C,71,"6'9""",81,220,"7'4""",88,56.0,59.0,52.0,69.0,63.0,74.0,90.0,51,62,60,35,68,59,52,50,66,77,62,52,55,55,60,56,66,36,43,61,82,84,60,85,45,63,70,50,69,63,64,61,61,71,77,-,-,-,-,-,-,-,-,-,-,-,-,-,-,-,-,-,-,-,-,-,-,-,-,-,-,-,-,-,-,-,-,-,-,-,-,-,-,-,-,2015-16 Golden State Warriors,Golden State Warriors,2015-16,'16
brandon-rush-2015-16-golden-state-warriors,Brandon Rush,2015-16 Golden State Warriors,SG,70,"6'6""",78,210,"6'11""",83,58.0,58.0,62.0,79.0,72.0,50.0,30.0,53,64,71,27,50,85,39,74,82,69,48,49,49,52,67,72,71,33,66,90,92,83,71,82,63,69,56,87,87,73,77,90,36,64,36,-,-,-,-,-,Bronze,-,-,-,-,-,-,-,-,-,-,-,-,-,-,-,-,-,-,-,-,-,-,-,-,Bronze,-,-,-,-,-,-,-,-,-,2015-16 Golden State Warriors,Golden State Warriors,2015-16,'16
andre-iguodala-2015-16-golden-state-warriors,Andre Iguodala,2015-16 Golden State Warriors,SF / PF,82,"6'6""",78,215,"6'11""",83,65.0,61.0,74.0,67.0,80.0,49.0,60.0,73,61,82,30,64,78,32,80,75,73,59,57,56,55,80,73,78,64,75,,85,82,76,80,68,75,55,90,94,80,86,94,63,58,40,-,-,-,-,-,-,-,-,-,-,-,-,-,-,-,-,-,-,-,-,-,-,-,-,-,-,-,-,-,-,-,-,-,-,-,-,-,-,-,-,2015-16 Golden State Warriors,Golden State Warriors,2015-16,'16
gilbert-arenas-2006-07-washington-wizards,Gilbert Arenas,2006-07 Washington Wizards,PG / SG,91,"6'3""",75,191,"6'10""",82,90.0,69.0,84.0,88.0,71.0,58.0,80.0,84,84,92,98,98,83,96,75,98,84,55,68,40,35,92,84,85,73,88,78,96,95,88,98,78,85,50,75,75,67,78,79,75,62,54,Gold,Silver,-,Gold,Gold,-,Gold,-,Gold,-,-,-,-,-,-,-,Gold,Gold,Silver,Gold,Gold,Gold,Gold,Gold,Gold,-,-,-,-,-,-,-,-,-,-,-,-,-,-,Silver,2006-07 Washington Wizards,Washington Wizards,2006-07,'07
caron-butler-2006-07-washington-wizards,Caron Butler,2006-07 Washington Wizards,SF,86,"6'7""",79,228,"7'0""",84,86.0,69.0,75.0,79.0,61.0,46.0,80.0,86,86,82,95,93,75,87,80,70,86,74,75,47,35,80,70,80,72,73,80,79,86,79,95,74,60,37,55,74,54,58,75,75,51,40,-,-,-,Gold,-,Silver,-,-,Bronze,-,Silver,-,-,-,-,-,-,-,-,-,-,-,-,-,Silver,-,-,-,-,-,-,-,-,-,-,-,-,-,-,Gold,2006-07 Washington Wizards,Washington Wizards,2006-07,'07
antawn-jamison-2006-07-washington-wizards,Antawn Jamison,2006-07 Washington Wizards,PF / C,86,"6'9""",81,223,"7'4""",88,82.0,75.0,59.0,74.0,72.0,85.0,50.0,88,74,76,90,85,81,57,50,78,70,90,92,86,80,48,58,60,69,59,45,90,80,66,90,95,50,72,85,84,88,68,45,65,86,84,-,-,-,Gold,Gold,Gold,Gold,Gold,-,Gold,Silver,Gold,Silver,Gold,-,Gold,-,-,-,-,-,-,-,-,-,-,-,Gold,-,-,-,-,-,-,-,Silver,-,Gold,-,-,2006-07 Washington Wizards,Washington Wizards,2006-07,'07
antonio-daniels-2006-07-washington-wizards,Antonio Daniels,2006-07 Washington Wizards,SG / PG,78,"6'4""",76,195,"6'8""",80,78.0,58.0,77.0,75.0,63.0,57.0,80.0,79,83,76,75,80,72,52,80,90,80,36,63,25,40,79,78,78,77,73,76,67,87,73,93,46,84,37,80,73,34,78,79,63,59,55,-,-,-,-,-,-,-,-,-,-,-,-,-,-,-,-,-,-,-,-,-,-,-,-,Silver,-,Bronze,-,Bronze,-,Bronze,Bronze,-,Silver,-,-,-,-,-,-,2006-07 Washington Wizards,Washington Wizards,2006-07,'07
brendan-haywood-2006-07-washington-wizards,Brendan Haywood,2006-07 Washington Wizards,C,78,"7'0""",84,263,"7'7""",91,52.0,68.0,37.0,68.0,64.0,86.0,80.0,60,55,45,30,98,25,70,49,75,50,70,69,74,85,35,32,59,27,32,27,85,85,48,85,84,60,84,65,84,84,47,27,57,84,88,-,-,-,-,-,Silver,-,-,-,-,-,-,-,-,-,-,-,-,-,-,-,-,-,-,-,-,-,-,-,-,-,-,-,-,Silver,Gold,Silver,Gold,-,-,2006-07 Washington Wizards,Washington Wizards,2006-07,'07
etan-thomas-2006-07-washington-wizards,Etan Thomas,2006-07 Washington Wizards,C,78,"6'11""",83,256,"7'3""",87,57.0,66.0,39.0,68.0,67.0,85.0,98.0,82,56,74,35,70,25,65,69,76,46,66,62,68,75,35,32,64,37,25,40,95,83,40,78,79,58,87,65,80,80,69,40,48,83,86,-,-,-,-,-,Silver,-,-,-,-,-,-,-,-,-,-,-,-,-,-,-,-,-,-,-,-,-,-,-,-,-,-,Bronze,-,-,Gold,Gold,Bronze,-,-,2006-07 Washington Wizards,Washington Wizards,2006-07,'07
darius-songaila-2006-07-washington-wizards,Darius Songaila,2006-07 Washington Wizards,PF,76,"6'9""",81,248,"7'1""",85,78.0,67.0,43.0,71.0,56.0,55.0,95.0,90,81,88,75,95,40,50,60,80,62,73,66,70,75,39,36,52,34,55,47,85,80,74,84,60,69,45,35,68,69,54,54,70,62,48,-,-,-,-,-,-,-,-,-,-,-,-,-,-,-,-,-,-,-,-,-,-,-,-,-,-,-,-,-,-,-,-,-,-,-,-,-,-,-,-,2006-07 Washington Wizards,Washington Wizards,2006-07,'07
andray-blatche-2006-07-washington-wizards,Andray Blatche,2006-07 Washington Wizards,PF,75,"6'11""",83,235,"7'3""",87,66.0,75.0,53.0,67.0,67.0,70.0,65.0,68,61,68,75,70,55,74,75,82,76,73,73,73,75,68,65,50,44,38,49,62,85,54,85,78,54,57,65,74,77,60,66,70,72,68,-,-,-,-,-,-,-,-,-,-,-,-,-,-,-,-,-,-,-,-,-,-,-,-,-,-,-,-,-,-,-,-,-,-,-,-,-,-,-,-,2006-07 Washington Wizards,Washington Wizards,2006-07,'07
deshawn-stevenson-2006-07-washington-wizards,DeShawn Stevenson,2006-07 Washington Wizards,SF,74,"6'7""",79,222,"6'10""",82,67.0,57.0,52.0,76.0,72.0,55.0,70.0,60,70,86,30,70,85,60,75,82,71,44,51,35,40,68,54,46,37,53,87,72,81,72,92,42,84,56,80,81,55,74,84,73,68,41,-,-,-,-,-,-,-,-,-,-,-,-,-,-,-,-,-,-,-,-,-,-,-,-,-,-,Silver,-,Bronze,-,-,Bronze,-,-,-,-,-,-,-,-,2006-07 Washington Wizards,Washington Wizards,2006-07,'07
calvin-booth-2006-07-washington-wizards,Calvin Booth,2006-07 Washington Wizards,C,72,"6'11""",83,230,"7'3""",87,63.0,66.0,45.0,70.0,50.0,61.0,75.0,77,73,65,60,70,33,59,70,80,67,60,57,62,70,51,48,38,28,59,66,68,81,73,60,69,74,40,53,55,67,53,52,32,62,60,-,-,-,-,-,-,-,-,-,-,-,-,-,-,-,Silver,-,-,-,-,-,-,-,-,-,-,-,-,-,-,-,-,-,-,-,-,Bronze,Silver,Bronze,-,2006-07 Washington Wizards,Washington Wizards,2006-07,'07
jarvis-hayes-2006-07-washington-wizards,Jarvis Hayes,2006-07 Washington Wizards,SF,71,"6'7""",79,220,"7'0""",84,70.0,59.0,62.0,68.0,57.0,47.0,30.0,82,84,72,60,40,80,66,68,73,80,52,64,30,40,72,75,64,34,64,68,75,73,65,85,37,75,40,65,70,45,64,72,43,55,39,-,-,-,-,-,-,-,-,-,-,-,-,-,-,-,-,-,-,-,-,-,-,-,-,-,-,-,-,-,-,-,-,-,-,-,-,-,-,-,-,2006-07 Washington Wizards,Washington Wizards,2006-07,'07
michael-ruffin-2006-07-washington-wizards,Michael Ruffin,2006-07 Washington Wizards,PF,71,"6'9""",81,246,"7'1""",85,41.0,63.0,49.0,77.0,63.0,82.0,50.0,54,45,37,30,50,30,57,70,75,57,60,57,57,70,47,37,47,66,50,67,85,80,63,85,80,80,67,65,65,70,62,67,42,82,81,-,-,-,-,-,-,-,-,-,-,-,-,-,-,-,-,-,-,-,-,-,-,-,-,-,-,-,-,-,-,-,-,Bronze,-,Bronze,Bronze,Bronze,Bronze,Bronze,-,2006-07 Washington Wizards,Washington Wizards,2006-07,'07
roger-mason-2006-07-washington-wizards,Roger Mason,2006-07 Washington Wizards,SG,70,"6'5""",77,205,"6'8""",80,75.0,43.0,75.0,67.0,44.0,30.0,70.0,70,87,65,80,70,76,27,50,75,70,30,30,30,35,79,72,90,60,72,74,60,70,82,75,30,80,25,50,55,30,40,55,50,30,30,-,-,-,-,-,-,-,-,-,-,-,-,-,-,-,-,-,-,-,-,-,-,-,-,-,-,-,-,-,-,-,-,-,-,-,-,-,-,-,-,2006-07 Washington Wizards,Washington Wizards,2006-07,'07
